strategy,cagr,ann_volatility,sharpe,sortino,max_drawdown,calmar,end_$,rebalances,trading_costs_total,funding_costs_total,win_rate,profit_factor,beta,alpha,pct_days_cash,pct_days_1x,pct_days_2x,pct_days_3x,avg_leverage,total_trades,simulation
SMA200 ±3% Band + Distance Scale 1-3x + RSI>30 Exit,-0.030549780859986053,0.3096714882805518,-0.25413562765102654,-0.2217488690533935,-0.7589705826303266,-0.040251600732812594,74.04985958746012,132,16.897451865780805,0.0,0.7581543357199682,0.9330100136283935,,,49.44444444444444,11.230158730158731,16.428571428571427,22.896825396825395,2.230769230769231,131,0
SMA200 ±3% Band + Distance Scale 1-3x + RSI>30 Exit,0.11558601774360966,0.31503384910505267,0.41635815966321943,0.39054990117455884,-0.4513470411167775,0.25609122740145307,287.0872691233768,189,44.75890027521888,0.0,0.7227525855210819,1.1141969543032322,,,41.82539682539683,17.857142857142858,23.730158730158728,16.587301587301585,1.9781718963165076,188,1
SMA200 ±3% Band + Distance Scale 1-3x + RSI>30 Exit,0.10783858294460935,0.2815226540815265,0.42033862912217096,0.41528102787409704,-0.4087526137119917,0.26382359238097186,268.4137000713804,164,53.853157298272095,0.0,0.7228628230616302,1.1065785242059607,,,37.89682539682539,17.341269841269842,17.6984126984127,27.063492063492063,2.1565495207667733,163,2
SMA200 ±3% Band + Distance Scale 1-3x + RSI>30 Exit,-0.013057499199811473,0.3740413370219582,-0.0016690558921402588,-0.0015397373633967543,-0.6343568649177832,-0.020583838406956958,87.99876560446769,176,27.172810067901604,0.0,0.7128673550436855,0.9995795623429123,,,39.166666666666664,11.230158730158731,15.119047619047619,34.48412698412698,2.382257012393999,175,3
SMA200 ±3% Band + Distance Scale 1-3x + RSI>30 Exit,0.06557069877940047,0.30005458063634594,0.0997104516723622,0.08963027724609564,-0.546098999673006,0.12007108384864831,184.39955874985958,139,19.428444925321326,0.0,0.7625298329355609,1.0280362935898195,,,50.0,8.61111111111111,22.380952380952383,19.007936507936506,2.207936507936508,138,4
SMA200 ±3% Band + Distance Scale 1-3x + RSI>30 Exit,0.1867325779183524,0.3203811302172481,0.5984648346456621,0.6074383155096716,-0.42680628653190195,0.4375113108939527,521.3619547611218,197,59.60019653849865,0.0,0.7158774373259053,1.1594886644772826,,,35.87301587301587,21.706349206349206,22.57936507936508,19.841269841269842,1.9709158415841583,196,5
SMA200 ±3% Band + Distance Scale 1-3x + RSI>30 Exit,0.09530821260428723,0.29521994613239855,0.34609830760564597,0.31576124691037455,-0.5543510298855091,0.17192754674591545,240.50701075075415,132,45.27040057935881,0.0,0.7366746221161495,1.0997612331934254,,,43.05555555555556,23.76984126984127,15.555555555555555,17.61904761904762,1.89198606271777,131,6
SMA200 ±3% Band + Distance Scale 1-3x + RSI>30 Exit,0.061822149945292004,0.30132038031419967,0.21178863488742683,0.19076506935886559,-0.5094146669140283,0.12135918724092305,178.23346232624348,153,30.652031563455637,0.0,0.7690779014308426,1.0607239967580375,,,50.79365079365079,13.531746031746032,17.38095238095238,18.29365079365079,2.096774193548387,152,7
SMA200 ±3% Band + Distance Scale 1-3x + RSI>30 Exit,0.13579687006670205,0.39332412209954964,0.39493932476201926,0.41356114431074653,-0.5787329014103054,0.23464515277389744,341.4035473465589,249,55.10611460420052,0.0,0.6729009152407481,1.1042553039860783,,,31.19047619047619,20.674603174603174,24.00793650793651,24.126984126984127,2.050173010380623,248,8
SMA200 ±3% Band + Distance Scale 1-3x + RSI>30 Exit,0.333676169681427,0.3419189136085606,0.9703435094359371,1.1318375490630637,-0.40852008937001244,0.8167925601798338,1608.4861028484436,237,202.16097891660544,0.0,0.6353503184713376,1.2541715939124531,,,20.992063492063494,32.53968253968254,26.547619047619047,19.92063492063492,1.8402812656956304,236,9
SMA200 ±3% Band + Distance Scale 1-3x + RSI>30 Exit,0.08027025630499374,0.33842967194262863,0.22924897636663638,0.1959159060029684,-0.5768495674843187,0.1391528412772466,210.46714617445957,131,22.807143276356708,0.0,0.7549721559268099,1.0674138590634146,,,46.86507936507937,18.80952380952381,13.730158730158731,20.595238095238095,2.0336071695294997,130,10
SMA200 ±3% Band + Distance Scale 1-3x + RSI>30 Exit,0.20100042792832773,0.25051774740763516,0.6637957206202506,0.611120452132652,-0.32747327209401683,0.6137918574027041,585.100545188053,158,46.090815979370404,0.0,0.773667462211615,1.192957942277572,,,49.682539682539684,16.30952380952381,22.063492063492063,11.944444444444445,1.913249211356467,157,11
SMA200 ±3% Band + Distance Scale 1-3x + RSI>30 Exit,0.1232525271379683,0.3366104863955692,0.3887249748304288,0.35578002725852725,-0.6232866666033938,0.1977461315025942,306.7037476111306,220,51.34193247478793,0.0,0.7371769383697813,1.110043311837097,,,41.74603174603175,16.11111111111111,27.18253968253968,14.96031746031746,1.9802452316076293,219,12
SMA200 ±3% Band + Distance Scale 1-3x + RSI>30 Exit,0.24424707012289448,0.3268061552214075,0.7180916673225359,0.7953497478663285,-0.4212919128121471,0.5797573195567216,823.1938791808083,217,67.30756380900941,0.0,0.6805721096543504,1.1818599175348454,,,30.793650793650794,23.41269841269841,21.825396825396826,23.96825396825397,2.00802752293578,216,13
SMA200 ±3% Band + Distance Scale 1-3x + RSI>30 Exit,0.264478184048174,0.32316751760899665,0.8049724170073134,0.9242828676828542,-0.4379760852194956,0.6038644414012433,961.8427957257602,182,107.5353586659669,0.0,0.6437101910828026,1.1901214478944615,,,21.746031746031747,18.73015873015873,29.08730158730159,30.436507936507933,2.1495943204868153,181,14
SMA200 ±3% Band + Distance Scale 1-3x + RSI>30 Exit,0.14927735018088129,0.3165554641736358,0.47243755256393866,0.4648196530085442,-0.6241377374334426,0.2391737291751247,382.5789784575967,188,39.685258558055146,0.0,0.6737051792828685,1.1141561713318173,,,27.1031746031746,17.3015873015873,27.420634920634924,28.174603174603174,2.1491562329885685,188,15
SMA200 ±3% Band + Distance Scale 1-3x + RSI>30 Exit,0.2458797228470273,0.33454347831462167,0.710903396227454,0.6895522080307491,-0.3652031633667618,0.6732683270875675,833.6778160650962,213,68.22891472672549,0.0,0.7027027027027027,1.2000430406069114,,,34.682539682539684,19.72222222222222,29.325396825396826,16.26984126984127,1.9471445929526123,212,16
SMA200 ±3% Band + Distance Scale 1-3x + RSI>30 Exit,0.1168986981614426,0.3374037553191261,0.34465846477985723,0.31535199166621164,-0.6196258560465039,0.18866013582343016,290.36407105578877,185,40.400075961419404,0.0,0.7346857597454256,1.0957230224932895,,,42.77777777777778,13.095238095238097,25.11904761904762,19.007936507936506,2.103328710124827,184,17
SMA200 ±3% Band + Distance Scale 1-3x + RSI>30 Exit,0.18432979652419879,0.3047407087826267,0.5919503692086325,0.527841859137723,-0.5949781848702244,0.3098093362270156,511.26316879978395,136,59.04406970274838,0.0,0.7114467408585056,1.1761026723334052,,,36.07142857142857,36.74603174603175,15.03968253968254,12.142857142857142,1.6151458721291123,136,18
SMA200 ±3% Band + Distance Scale 1-3x + RSI>30 Exit,-0.027819364147233627,0.378062244002545,-0.08124758052378896,-0.06714409121014073,-0.6061027941635829,-0.04589875581356481,76.08733837099723,179,22.995081602533645,0.0,0.7739372268573699,0.9759607682809404,,,54.047619047619044,1.8650793650793651,19.682539682539684,24.404761904761905,2.4905008635578585,178,19
SMA200 ±3% Band + Distance Scale 1-3x + RSI>30 Exit,0.178593182451253,0.333431040370894,0.5292909796953301,0.5634163882108814,-0.44037903268546325,0.40554424528837996,487.8578557517761,196,45.395949810354814,0.0,0.6953931691818904,1.1317607403389467,,,33.214285714285715,18.61111111111111,23.015873015873016,25.158730158730158,2.0980392156862746,195,20
SMA200 ±3% Band + Distance Scale 1-3x + RSI>30 Exit,0.18846610611975412,0.28100809782563596,0.5874757308303881,0.556926690677196,-0.32695794058199834,0.5764230891113299,528.7585507533963,184,43.06785968075711,0.0,0.7526838966202783,1.1683044504512168,,,48.45238095238095,15.833333333333332,18.253968253968253,17.46031746031746,2.031562740569669,183,21
SMA200 ±3% Band + Distance Scale 1-3x + RSI>30 Exit,0.09663230277608736,0.3684753562401527,0.3167844524096196,0.3035818782981114,-0.5699247053387102,0.1695527529705141,243.3276647603063,163,37.159182659129755,0.0,0.6833531982518871,1.0808550602330278,,,31.507936507936506,17.142857142857142,21.746031746031747,29.603174603174605,2.181923522595597,162,22
SMA200 ±3% Band + Distance Scale 1-3x + RSI>30 Exit,0.09527741330264328,0.2714894953339258,0.2778226333702712,0.26099750356461593,-0.6468328637588222,0.1472983496060713,240.4417505597938,129,30.998802538767794,0.0,0.7354813046937152,1.0755039242833144,,,42.65873015873016,24.72222222222222,9.325396825396826,23.293650793650794,1.9750865051903115,128,23
SMA200 ±3% Band + Distance Scale 1-3x + RSI>30 Exit,0.09752312992399315,0.3074661127299548,0.2301425734969616,0.21554761536827566,-0.5716453656026534,0.1706007531805668,245.24200555958106,122,18.62529501556405,0.0,0.7507949125596184,1.0677607404744478,,,48.37301587301587,19.960317460317462,12.103174603174603,19.563492063492063,1.9923136049192929,122,24
SMA200 ±3% Band + Distance Scale 1-3x + RSI>30 Exit,0.09777176850505098,0.31407694625846383,0.4166185294536816,0.38705822022665176,-0.8479692480334694,0.11530107811314394,245.77872113772142,143,91.29942154407517,0.0,0.7103585657370518,1.1228607380862328,,,35.55555555555556,39.36507936507937,12.777777777777777,12.3015873015873,1.5800492610837438,142,25
SMA200 ±3% Band + Distance Scale 1-3x + RSI>30 Exit,0.004844435790458457,0.29871667675970304,0.02987918223407521,0.03014066555414099,-0.6238710751206533,0.007765123250058626,104.66974265114416,152,30.126103101869848,0.0,0.7396496815286624,1.0071696813587931,,,45.357142857142854,3.134920634920635,24.404761904761905,27.1031746031746,2.438634713144517,151,26
SMA200 ±3% Band + Distance Scale 1-3x + RSI>30 Exit,0.20318530039203453,0.2672502297691282,0.7388242654699962,0.6736039707053454,-0.3384298079775692,0.600376490493714,595.4544021943993,142,51.57666416971219,0.0,0.7756155679110405,1.2227386233873951,,,48.769841269841265,17.817460317460316,18.69047619047619,14.722222222222223,1.9395817195972114,141,27
SMA200 ±3% Band + Distance Scale 1-3x + RSI>30 Exit,0.18329203018436502,0.3624134753315339,0.5539757396429827,0.5488493545280315,-0.43390282829591026,0.422426447193759,506.9559708100212,169,51.61930215480078,0.0,0.6877486077963405,1.153288245549335,,,32.02380952380952,22.857142857142858,18.88888888888889,26.23015873015873,2.049620548744892,168,28
SMA200 ±3% Band + Distance Scale 1-3x + RSI>30 Exit,0.10275496950945873,0.329465104759739,0.3250475063924936,0.3004181281474579,-0.6795860374051204,0.1512022964771473,256.75997069628477,170,37.41883837186791,0.0,0.7241653418124007,1.0862388138021584,,,40.27777777777778,13.293650793650794,17.3015873015873,29.12698412698413,2.2651162790697676,169,29
SMA200 ±3% Band + Distance Scale 1-3x + RSI>30 Exit,0.09248567095781923,0.3742587287840359,0.3543306443397087,0.3585419572858056,-0.6930386369777717,0.13344951640955277,234.59187571646618,184,49.02491529821324,0.0,0.6931637519872814,1.0879734167777264,,,33.214285714285715,16.23015873015873,19.325396825396826,31.23015873015873,2.2245989304812834,183,30
SMA200 ±3% Band + Distance Scale 1-3x + RSI>30 Exit,0.03905262526385278,0.3137976967560106,0.16715901894949772,0.14279864305809042,-0.5184079916717169,0.07533183494706414,144.5883031971278,163,35.79669276841259,0.0,0.7624155740961462,1.048733305938572,,,50.83333333333333,14.325396825396824,17.023809523809526,17.817460317460316,2.0710250201775624,162,31
SMA200 ±3% Band + Distance Scale 1-3x + RSI>30 Exit,0.20045359147070596,0.3206195068190959,0.6696101294909147,0.6337868817516185,-0.6005635438993305,0.33377582356931573,582.5345341229455,162,58.09782179771439,0.0,0.7020684168655529,1.2020679111530808,,,33.01587301587301,38.095238095238095,15.793650793650793,13.095238095238097,1.6267772511848342,161,32
SMA200 ±3% Band + Distance Scale 1-3x + RSI>30 Exit,0.1585203491941387,0.3845184843741591,0.4935396752304575,0.5017469296636159,-0.6034378716214726,0.26269539359235994,413.3280874208594,206,60.08249804775508,0.0,0.6829558998808105,1.1348712752216343,,,29.72222222222222,14.484126984126986,30.0,25.793650793650798,2.160926030491248,205,33
SMA200 ±3% Band + Distance Scale 1-3x + RSI>30 Exit,0.20867661039586882,0.3154133796136444,0.6871226513880192,0.7050353311055605,-0.3437388169233611,0.6070789800920118,622.2059835681206,197,67.14089073006937,0.0,0.7387673956262425,1.2115349354240048,,,42.77777777777778,21.26984126984127,20.158730158730158,15.793650793650793,1.9042995839112344,197,34
SMA200 ±3% Band + Distance Scale 1-3x + RSI>30 Exit,0.019256234419694485,0.3707123396881884,0.11576898606108368,0.10788910599734332,-0.7830122782598264,0.024592506342926975,120.09024366427286,202,38.087638048380725,0.0,0.7367582636399841,1.0330864170928764,,,40.87301587301587,21.428571428571427,23.53174603174603,14.166666666666666,1.8771812080536914,201,35
SMA200 ±3% Band + Distance Scale 1-3x + RSI>30 Exit,0.10121899766409803,0.3564967300459812,0.33639949902243865,0.3251779500952183,-0.539438823758847,0.1876375841078643,253.32925002656586,188,42.60448346112724,0.0,0.7203659506762132,1.0938275510418478,,,38.730158730158735,13.88888888888889,21.984126984126984,25.396825396825395,2.187823834196891,187,36
SMA200 ±3% Band + Distance Scale 1-3x + RSI>30 Exit,0.3304584430363997,0.2879431728818527,1.0203430265592284,1.0391592933050873,-0.3937059702540436,0.839353395690615,1571.4217048946896,218,95.26388738827265,0.0,0.684964200477327,1.2903182613447555,,,31.11111111111111,32.182539682539684,22.023809523809522,14.682539682539684,1.7459677419354838,218,37
SMA200 ±3% Band + Distance Scale 1-3x + RSI>30 Exit,0.20233600727939205,0.31065200092398954,0.6250770169085395,0.635174828183913,-0.5567418642979377,0.36342876340822994,591.4103489963344,200,52.00844405582729,0.0,0.6930417495029821,1.1574606446929963,,,32.65873015873016,21.666666666666668,20.0,25.67460317460317,2.059516794342958,199,38
SMA200 ±3% Band + Distance Scale 1-3x + RSI>30 Exit,0.14310855228338704,0.30319580912713506,0.47435270527950113,0.5107632837779162,-0.552577663500267,0.25898359947609045,363.2145908293323,163,38.939254793008935,0.0,0.6831210191082803,1.115039999780584,,,31.746031746031743,27.77777777777778,15.793650793650793,24.682539682539684,1.9546511627906977,162,39
SMA200 ±3% Band + Distance Scale 1-3x + RSI>30 Exit,0.1210790261525021,0.30556640854772193,0.3455825171970948,0.35331677299117936,-0.49135516748666075,0.24641854642912478,301.02388025885966,161,28.528215242765278,0.0,0.6762360446570973,1.0832650176437484,,,29.642857142857142,20.753968253968257,22.5,27.1031746031746,2.09024252679075,160,40
SMA200 ±3% Band + Distance Scale 1-3x + RSI>30 Exit,0.03118904180409876,0.2933535529891265,0.02807706114196941,0.025385419672532276,-0.6081030430351444,0.05128907372084345,134.36690203521255,184,25.681734958704048,0.0,0.755264203416766,1.0078048216703368,,,49.682539682539684,11.944444444444445,20.595238095238095,17.77777777777778,2.115930599369085,183,41
SMA200 ±3% Band + Distance Scale 1-3x + RSI>30 Exit,0.1065879279099411,0.3247121037642347,0.37663670205846234,0.4046600160247543,-0.6619441921629691,0.16102252904682848,265.5035535133775,175,44.815220657395905,0.0,0.6727634194831014,1.0988437135618123,,,32.06349206349206,25.793650793650798,17.77777777777778,24.365079365079364,1.9789719626168225,174,42
SMA200 ±3% Band + Distance Scale 1-3x + RSI>30 Exit,0.095246490895885,0.2962245389998513,0.3076237025355276,0.3082399920815401,-0.595688813019867,0.15989303276156774,240.3762454920705,164,35.552523044208094,0.0,0.7188866799204772,1.0775253776054532,,,40.3968253968254,19.960317460317462,20.11904761904762,19.523809523809526,1.992676431424767,163,43
SMA200 ±3% Band + Distance Scale 1-3x + RSI>30 Exit,0.15116615104196796,0.3355366253795115,0.5307805879539035,0.507020785834445,-0.6021077945615523,0.2510616079169766,388.69037664669355,187,71.90858860539325,0.0,0.6796502384737679,1.1368684242991915,,,27.857142857142858,20.714285714285715,31.746031746031743,19.682539682539684,1.9856985698569858,186,44
SMA200 ±3% Band + Distance Scale 1-3x + RSI>30 Exit,0.08328953373180448,0.2872707641360244,0.2810944726064821,0.24531410794475694,-0.5274175837086986,0.15791952393040928,216.21333396521726,166,37.05533618465781,0.0,0.753577106518283,1.0768082665440244,,,46.15079365079365,16.587301587301585,17.46031746031746,19.8015873015873,2.059690493736183,165,45
SMA200 ±3% Band + Distance Scale 1-3x + RSI>30 Exit,0.18339867427537193,0.32058639776069014,0.5845856887668947,0.6233087443551482,-0.48432896307221573,0.3786655109618673,507.39708731145566,190,72.6917339317881,0.0,0.6957903097696585,1.1517632536914408,,,34.48412698412698,21.865079365079364,18.253968253968253,25.396825396825395,2.053906723198062,189,46
SMA200 ±3% Band + Distance Scale 1-3x + RSI>30 Exit,0.1696368448972112,0.3170089107238977,0.5709540857956859,0.5772207236281303,-0.5837387237045589,0.2906040630997569,453.2323607348958,235,71.72046893360557,0.0,0.721050537206526,1.1518700487159592,,,40.55555555555556,11.865079365079364,25.0,22.57936507936508,2.1802403204272363,234,47
SMA200 ±3% Band + Distance Scale 1-3x + RSI>30 Exit,0.14602098220073145,0.27500313304740104,0.4983491578881761,0.4560772125172051,-0.5548788878893623,0.26315829523837764,372.24465913361763,132,35.817971582211996,0.0,0.7073852295409182,1.1380118947252924,,,36.58730158730158,28.849206349206348,18.492063492063494,16.071428571428573,1.7984981226533165,131,48
SMA200 ±3% Band + Distance Scale 1-3x + RSI>30 Exit,0.0711656451411764,0.3312235156833413,0.18640365969349282,0.18391834101266877,-0.5576321202480771,0.12762113686979962,193.95885322655735,160,24.061481972222754,0.0,0.7262236370871469,1.0479674471282356,,,41.19047619047619,20.11904761904762,19.047619047619047,19.642857142857142,1.991902834008097,159,49
SMA200 ±3% Band + Distance Scale 1-3x + RSI>30 Exit,0.16833962883119447,0.2893168037390014,0.595715439345694,0.5787305859497321,-0.5570572844370553,0.30219446641167835,448.40434633559454,177,66.72289594672264,0.0,0.7038950715421304,1.1602145767214587,,,36.11111111111111,20.436507936507937,28.49206349206349,14.96031746031746,1.9142857142857144,177,50
SMA200 ±3% Band + Distance Scale 1-3x + RSI>30 Exit,0.26837666005121097,0.290353991711412,0.8804675768165034,0.969763729783884,-0.4353750268105315,0.6164263991375059,990.8466043790412,148,70.82374901239722,0.0,0.7142287764049422,1.2659467683572923,,,36.98412698412699,32.73809523809524,16.26984126984127,14.007936507936508,1.7027707808564232,147,51
SMA200 ±3% Band + Distance Scale 1-3x + RSI>30 Exit,0.1960166499246343,0.353919307673443,0.6069107536776441,0.623642654360384,-0.4115718326503237,0.4762635204221382,562.0844181044155,234,73.05562417366335,0.0,0.6652070063694268,1.1511376304796732,,,25.198412698412696,18.134920634920633,26.150793650793652,30.51587301587302,2.1655172413793102,233,52
SMA200 ±3% Band + Distance Scale 1-3x + RSI>30 Exit,0.1987310658293031,0.29836961643219945,0.7125280772214175,0.6626388818449187,-0.44175007792382237,0.4498721692666533,574.5174413488031,155,89.02844474445725,0.0,0.7034675169390195,1.2055982990463936,,,33.25396825396825,33.84920634920635,19.126984126984127,13.76984126984127,1.699167657550535,154,53
SMA200 ±3% Band + Distance Scale 1-3x + RSI>30 Exit,0.1192421547614193,0.3413273559520176,0.38802360565276195,0.3378332655189154,-0.40976906399640367,0.29099843116137686,296.2974158292949,204,46.49367284616668,0.0,0.7332274712187375,1.1080557583206831,,,42.142857142857146,15.198412698412698,20.595238095238095,22.063492063492063,2.118655692729767,203,54
SMA200 ±3% Band + Distance Scale 1-3x + RSI>30 Exit,0.1317613980906993,0.3162159855305268,0.38115310981514655,0.39374102516212844,-0.5252549316732926,0.25085228171194895,329.8752423246153,178,36.8492228719162,0.0,0.7151949085123309,1.0962640163941548,,,39.64285714285714,12.579365079365079,23.095238095238095,24.682539682539684,2.200525969756739,177,55
SMA200 ±3% Band + Distance Scale 1-3x + RSI>30 Exit,0.1506774783980167,0.33004501128975455,0.49384540543955,0.5347305743866932,-0.41897407818464427,0.3596343693883904,387.10089544806465,166,48.90418325245958,0.0,0.6867038216560509,1.1169032253569307,,,31.349206349206348,16.428571428571427,23.015873015873016,29.20634920634921,2.1861271676300578,165,56
SMA200 ±3% Band + Distance Scale 1-3x + RSI>30 Exit,0.12432122137352342,0.314488701350292,0.4976854686685762,0.48832447154020664,-0.5479306750719924,0.22689224573380362,309.53156904003004,204,91.88902154006819,0.0,0.6671974522292994,1.1287846804253892,,,29.12698412698413,26.626984126984127,26.031746031746035,18.21428571428571,1.8812989921612542,203,57
SMA200 ±3% Band + Distance Scale 1-3x + RSI>30 Exit,0.21339866552361908,0.293297263653306,0.6677506109306696,0.6604029560236239,-0.6243404613069544,0.3417985518300447,646.0661835861428,187,58.63743611864532,0.0,0.6929510155316607,1.1786375844270092,,,31.46825396825397,25.912698412698415,28.41269841269841,14.206349206349206,1.829183555298205,186,58
SMA200 ±3% Band + Distance Scale 1-3x + RSI>30 Exit,0.20003621961286022,0.26678449933195403,0.7106254475233128,0.6970549569694001,-0.4201764494023035,0.47607670514949046,580.5828239485163,156,49.27935809432668,0.0,0.7467196819085488,1.2044030700219484,,,43.492063492063494,15.198412698412698,26.58730158730159,14.722222222222223,1.9915730337078652,155,59
SMA200 ±3% Band + Distance Scale 1-3x + RSI>30 Exit,0.05243839282093887,0.27745979263470805,0.18689503819689007,0.13911997804902862,-0.5553850001753764,0.09441809340255888,163.60025892088433,157,34.876735845885975,0.0,0.7977707006369427,1.0560735801119279,,,55.23809523809524,14.563492063492065,17.57936507936508,12.619047619047619,1.9565602836879432,156,60
SMA200 ±3% Band + Distance Scale 1-3x + RSI>30 Exit,0.08333377683558219,0.3259053744966445,0.28296283077266504,0.2806572481102423,-0.5591110861668519,0.14904690480544938,216.29857115684692,180,35.366462979081774,0.0,0.7061630218687873,1.0720988139495082,,,36.03174603174603,16.746031746031743,20.1984126984127,27.023809523809522,2.1606699751861043,179,61
SMA200 ±3% Band + Distance Scale 1-3x + RSI>30 Exit,0.12013726916721934,0.31185785781011416,0.2928282821681642,0.3171954913745057,-0.6172708495014954,0.19462650676642443,298.5922645627167,166,30.75650992990563,0.0,0.6838760921366164,1.068172119652651,,,33.25396825396825,12.142857142857142,27.18253968253968,27.420634920634924,2.228894173602854,165,62
SMA200 ±3% Band + Distance Scale 1-3x + RSI>30 Exit,0.3188114409644025,0.31295429691757143,0.9381088173344717,1.0424222191497101,-0.4376123569326822,0.7285247683566787,1443.5760018921835,204,103.46545637994102,0.0,0.6821983273596177,1.2491489090709083,,,27.8968253968254,25.039682539682538,31.626984126984127,15.436507936507937,1.8668134287286737,204,63
SMA200 ±3% Band + Distance Scale 1-3x + RSI>30 Exit,0.16471682416940947,0.31143026996624146,0.5242620433329938,0.49868653158779935,-0.44587362823020144,0.36942490818130946,435.1640838125342,118,33.61125770339855,0.0,0.7432432432432432,1.1586033508277922,,,44.166666666666664,21.984126984126984,15.99206349206349,17.857142857142858,1.9260838663823738,117,64
SMA200 ±3% Band + Distance Scale 1-3x + RSI>30 Exit,0.11117768368868775,0.3216493453693746,0.3633593024734648,0.3604373205251998,-0.4596918209627736,0.2418526469664794,276.3240409178349,180,35.27656091583325,0.0,0.7154795065658576,1.0894275188478968,,,37.77777777777778,12.3015873015873,25.317460317460316,24.6031746031746,2.197704081632653,179,65
SMA200 ±3% Band + Distance Scale 1-3x + RSI>30 Exit,0.011705221178813785,0.28798603035096076,-0.02691538170238476,-0.025666948940682777,-0.5699876042985613,0.020535922343817417,111.77409809334212,139,21.231546953830215,0.0,0.7378872120730738,0.9932358799523655,,,45.03968253968254,13.690476190476192,16.666666666666664,24.6031746031746,2.1985559566787005,138,66
SMA200 ±3% Band + Distance Scale 1-3x + RSI>30 Exit,0.28688028900484097,0.3236730552030424,0.840277290244635,0.8294005277662483,-0.42437823822942483,0.6760014137429673,1139.4882230497903,180,80.32658801659966,0.0,0.7060461416070007,1.2340877062642046,,,33.49206349206349,20.11904761904762,27.936507936507937,18.452380952380953,1.9749403341288783,179,67
SMA200 ±3% Band + Distance Scale 1-3x + RSI>30 Exit,0.08142637452991974,0.33019594671996066,0.064954818464577,0.05317927199939971,-0.7151896708019911,0.11385283911974116,212.65105392588922,169,17.551619723460867,0.0,0.7475149105367793,1.018790824313646,,,46.62698412698413,15.03968253968254,19.682539682539684,18.650793650793652,2.0676579925650556,168,68
SMA200 ±3% Band + Distance Scale 1-3x + RSI>30 Exit,0.24621986858482448,0.2781549240724869,0.7698457780663971,0.708106321965666,-0.44628384731464593,0.5517113605306686,835.8770376032048,145,40.365143475665626,0.0,0.7343936381709741,1.2386008822798913,,,39.64285714285714,29.12698412698413,17.182539682539684,14.047619047619047,1.750164365548981,144,69
SMA200 ±3% Band + Distance Scale 1-3x + RSI>30 Exit,0.07752674648569347,0.3895750053301486,0.3051002228975948,0.29121868122092254,-0.6174851373348482,0.12555240895401903,205.3649021514464,213,44.994937696237166,0.0,0.701510333863275,1.0855718373456547,,,35.15873015873016,23.333333333333332,18.571428571428573,22.936507936507937,1.9938800489596082,212,70
SMA200 ±3% Band + Distance Scale 1-3x + RSI>30 Exit,0.03833378186090486,0.2981459687673182,0.09677056873788759,0.09058951920086185,-0.6308398321331515,0.06076626729685283,143.625805846863,137,23.642885332988147,0.0,0.7520891364902507,1.02471641222258,,,48.17460317460318,7.777777777777778,18.80952380952381,25.238095238095237,2.336906584992343,136,71
SMA200 ±3% Band + Distance Scale 1-3x + RSI>30 Exit,0.29006213777416723,0.3212040803924755,0.9006155196684056,1.0130559903150451,-0.5110598650458051,0.5675697850939041,1166.9715474356776,198,132.5784294593,0.0,0.6399046104928457,1.225169518284375,,,20.476190476190474,31.428571428571427,26.071428571428573,22.023809523809522,1.8817365269461077,197,72
SMA200 ±3% Band + Distance Scale 1-3x + RSI>30 Exit,0.24889436055777092,0.25099663713398634,0.9069919053863102,0.8141350946324686,-0.37778410064718754,0.6588269864491023,853.3510537409321,144,75.95085394867901,0.0,0.7428343949044586,1.280792893095155,,,40.91269841269841,23.41269841269841,25.27777777777778,10.396825396825397,1.7797179314976495,143,73
SMA200 ±3% Band + Distance Scale 1-3x + RSI>30 Exit,0.16282203969696307,0.2966213220297106,0.5262748678314493,0.49323358460250394,-0.5303679806580194,0.3069982458121855,428.3797482678615,210,61.40646754688409,0.0,0.7232178414974114,1.1376458516411614,,,40.714285714285715,7.182539682539682,29.00793650793651,23.095238095238095,2.2684069611780453,209,74
SMA200 ±3% Band + Distance Scale 1-3x + RSI>30 Exit,0.29473791601203647,0.36767012859262954,0.853534973041909,0.9915907109788918,-0.46946596672841334,0.6278152984464213,1208.4373991847008,220,172.6063356159008,0.0,0.6455847255369929,1.2514148341910702,,,23.84920634920635,36.547619047619044,23.84920634920635,15.753968253968253,1.726941115164148,219,75
SMA200 ±3% Band + Distance Scale 1-3x + RSI>30 Exit,0.16429846167913853,0.2774498608057817,0.56426240596596,0.5303696672770157,-0.5210483801525633,0.3153228528050156,433.6578941406954,151,40.95579199697708,0.0,0.7098569157392687,1.1590001368899472,,,36.15079365079365,27.8968253968254,19.72222222222222,16.23015873015873,1.81727781230578,150,76
SMA200 ±3% Band + Distance Scale 1-3x + RSI>30 Exit,0.07622929064661643,0.36555068949060027,0.2630809289786365,0.2526871075771093,-0.5556372686001716,0.13719254440700576,202.99080350067172,212,44.12818249214871,0.0,0.6904382470119522,1.0679700151481095,,,34.56349206349206,16.507936507936506,21.03174603174603,27.8968253968254,2.1740448756822315,211,77
SMA200 ±3% Band + Distance Scale 1-3x + RSI>30 Exit,0.08965435008855649,0.2681599470150409,0.2608496401759726,0.2301273460688206,-0.5130932348899955,0.1747330582282534,228.78968941202533,159,28.491925939193052,0.0,0.7655007949125596,1.074747321968607,,,49.44444444444444,20.674603174603174,15.555555555555555,14.325396825396824,1.8744113029827316,158,78
SMA200 ±3% Band + Distance Scale 1-3x + RSI>30 Exit,0.08445752571145881,0.25283847298791523,0.25294934182899753,0.2159196131817084,-0.4217672170327324,0.20024677665951515,218.47366961585402,164,31.127203791782527,0.0,0.7568533969010727,1.0707045926039453,,,48.96825396825397,22.460317460317462,15.277777777777779,13.293650793650794,1.8203732503888024,163,79
SMA200 ±3% Band + Distance Scale 1-3x + RSI>30 Exit,0.10073798525244859,0.31601915452952034,0.32683181819071977,0.28765774574283487,-0.6542945242838422,0.15396427986725292,252.26335012651145,169,35.60598171956147,0.0,0.7773359840954275,1.1039370303407676,,,51.46825396825396,17.3015873015873,17.976190476190474,13.253968253968255,1.9165985282093214,168,80
SMA200 ±3% Band + Distance Scale 1-3x + RSI>30 Exit,0.19734129020119173,0.3259925157616095,0.6461362039045677,0.7075803743434081,-0.5438236288160077,0.36287737373757695,568.121299060835,199,72.4804581487926,0.0,0.7001588562351072,1.1729160213778635,,,34.44444444444444,18.21428571428571,23.333333333333332,24.00793650793651,2.0883777239709445,198,81
SMA200 ±3% Band + Distance Scale 1-3x + RSI>30 Exit,0.34672059530228205,0.3107744540992775,1.0699860540664219,1.2656959624563076,-0.3494086824743347,0.9923067533610871,1766.9035213009984,221,190.38757866695292,0.0,0.6609697933227345,1.2638436432721596,,,25.634920634920633,27.3015873015873,26.38888888888889,20.674603174603174,1.9108858057630735,220,82
SMA200 ±3% Band + Distance Scale 1-3x + RSI>30 Exit,0.09933285086403787,0.2965561463166114,0.2515899104684911,0.17830192490861643,-0.3949670319325822,0.251496562581439,249.1726266953989,112,18.57611300939745,0.0,0.8168454509336511,1.0876696399254129,,,60.198412698412696,9.087301587301587,11.666666666666666,19.047619047619047,2.25024925224327,111,83
SMA200 ±3% Band + Distance Scale 1-3x + RSI>30 Exit,0.20075229223378765,0.36794380746430405,0.5318025397340252,0.5382266679695527,-0.5688734237498783,0.3528944820632968,583.934924106176,172,51.01668382338103,0.0,0.6815109343936382,1.1459045350152102,,,30.674603174603178,24.206349206349206,22.341269841269842,22.77777777777778,1.9793932455638237,171,84
SMA200 ±3% Band + Distance Scale 1-3x + RSI>30 Exit,0.20646536844374452,0.3379506652169716,0.6681644109184149,0.7687011435630876,-0.5433127383280395,0.3800120149568177,611.3067750858032,189,83.3543329218826,0.0,0.6492626544440016,1.1553931141762555,,,24.484126984126984,23.96825396825397,20.238095238095237,31.30952380952381,2.0972149238045192,188,85
SMA200 ±3% Band + Distance Scale 1-3x + RSI>30 Exit,0.11025862058949532,0.2909318498203802,0.32919078040776784,0.2897811335223707,-0.5112626573507024,0.21565944432719056,274.1262005575065,166,33.619570321276726,0.0,0.7276341948310139,1.0911884711754791,,,39.920634920634924,28.373015873015873,15.0,16.706349206349206,1.8058124174372523,165,86
SMA200 ±3% Band + Distance Scale 1-3x + RSI>30 Exit,0.19988836901292517,0.34713695167265296,0.6289338817592478,0.6672864925057659,-0.47460066024656056,0.421171704457977,579.8928536682495,221,66.70894524876897,0.0,0.6994035785288271,1.1645190366177582,,,36.03174603174603,15.833333333333332,26.666666666666668,21.46825396825397,2.088089330024814,220,87
SMA200 ±3% Band + Distance Scale 1-3x + RSI>30 Exit,0.18890213765915442,0.3291585556760824,0.5889556093429605,0.6019251833070256,-0.5539519418029042,0.34100816948912455,530.6337469178229,170,53.36176695438786,0.0,0.7158774373259053,1.1794077204852471,,,39.64285714285714,19.246031746031747,21.38888888888889,19.72222222222222,2.007889546351085,169,88
SMA200 ±3% Band + Distance Scale 1-3x + RSI>30 Exit,0.0786959181554645,0.3507109689103742,0.2231300490260248,0.20727731562921195,-0.6418071160096656,0.12261615085345884,207.5255525123458,204,33.48910298323097,0.0,0.6963788300835655,1.0594015487820219,,,35.15873015873016,22.738095238095237,20.476190476190474,21.626984126984127,1.9828641370869033,203,89
SMA200 ±3% Band + Distance Scale 1-3x + RSI>30 Exit,0.04260634017746523,0.3438635990064799,0.1908539199320479,0.17191746723924525,-0.6318777975354748,0.06742813300869814,149.43203855228523,164,34.76446754720065,0.0,0.7153081510934394,1.050418069397455,,,40.63492063492063,14.96031746031746,18.571428571428573,25.833333333333336,2.1831550802139037,163,90
SMA200 ±3% Band + Distance Scale 1-3x + RSI>30 Exit,0.1456203776925964,0.2907278201760147,0.5097582032699877,0.5198138009727347,-0.4402130087686635,0.330795262275226,370.9907557770307,215,60.01881740982464,0.0,0.6899841017488076,1.1230790018813317,,,30.555555555555557,21.11111111111111,26.190476190476193,22.142857142857142,2.0148571428571427,214,91
SMA200 ±3% Band + Distance Scale 1-3x + RSI>30 Exit,-0.049242173761600116,0.37278628521556123,-0.24325333717967668,-0.1938718221450076,-0.7081437861349323,-0.06953697077590021,61.36487394037641,172,16.723256447129664,0.0,0.7482128673550437,0.9373794817861985,,,44.32539682539682,8.492063492063492,19.8015873015873,27.380952380952383,2.339272986457591,171,92
SMA200 ±3% Band + Distance Scale 1-3x + RSI>30 Exit,0.15480945129381496,0.3474009882661231,0.5239094472216628,0.48598662872375203,-0.5684793144349202,0.2723220482484902,400.726377153016,222,61.681023533893764,0.0,0.7380573248407644,1.1513676862716156,,,40.35714285714286,18.73015873015873,21.46825396825397,19.444444444444446,2.0119760479041915,221,93
SMA200 ±3% Band + Distance Scale 1-3x + RSI>30 Exit,0.13669232014788868,0.2717466827471455,0.530393213791057,0.4892747337921019,-0.5414229379644524,0.25246865354800196,344.01005556794837,146,57.720321225544815,0.0,0.7325905292479109,1.152872645951288,,,42.182539682539684,26.825396825396826,19.841269841269842,11.150793650793652,1.728894989704873,145,94
SMA200 ±3% Band + Distance Scale 1-3x + RSI>30 Exit,0.09777130222963315,0.3146924456437689,0.352312616561347,0.35287437717167125,-0.5854151400055474,0.16701191265519144,245.7777136428573,136,41.52416349892218,0.0,0.7126391096979332,1.0893753484559403,,,37.817460317460316,17.738095238095237,21.825396825396826,22.61904761904762,2.078493937460115,135,95
SMA200 ±3% Band + Distance Scale 1-3x + RSI>30 Exit,0.05121193303880567,0.3289097439950941,0.13054506708740377,0.10771710724114548,-0.4713986394714609,0.10863827077699088,161.76954129443234,192,33.445323757325376,0.0,0.7802940007945968,1.040587540070171,,,53.214285714285715,15.95238095238095,16.23015873015873,14.603174603174605,1.971162001696353,192,96
SMA200 ±3% Band + Distance Scale 1-3x + RSI>30 Exit,0.10890391877655592,0.3263715986249182,0.38021383719890134,0.3613677357556263,-0.531744906334994,0.2048048180229253,270.9151438705591,190,41.045751881361745,0.0,0.7172962226640159,1.103307798370094,,,38.492063492063494,20.674603174603174,22.42063492063492,18.412698412698415,1.9632258064516128,189,97
SMA200 ±3% Band + Distance Scale 1-3x + RSI>30 Exit,0.16419828382336243,0.3282506686842156,0.5629659202743013,0.6009909174510051,-0.5999441950696622,0.2736892617225784,433.29792776459396,229,78.47647419784609,0.0,0.6759554140127388,1.1452374310941,,,29.246031746031747,21.46825396825397,26.42857142857143,22.857142857142858,2.019629837352776,228,98
SMA200 ±3% Band + Distance Scale 1-3x + RSI>30 Exit,0.03365316463718959,0.29477783424426496,0.15909853853787312,0.1332796754400923,-0.763963078168309,0.044050773655026625,137.49786779110923,123,37.659760845273475,0.0,0.7604456824512534,1.046892605117858,,,47.817460317460316,16.349206349206348,15.753968253968253,20.07936507936508,2.0714828897338404,122,99
SMA200 ±3% Band + Distance Scale 1-3x + RSI>30 Exit,-0.04517954598096152,0.2847226078683269,-0.2804165564085817,-0.19824051742749388,-0.7125610937523849,-0.06340445244216691,63.942774097608755,113,17.363681490308014,0.0,0.829626687847498,0.899465058663361,,,63.69047619047619,12.579365079365079,12.103174603174603,11.626984126984127,1.9737704918032788,112,100
SMA200 ±3% Band + Distance Scale 1-3x + RSI>30 Exit,0.05213856728165056,0.357106938264528,0.24868465770095313,0.2354345070163277,-0.5925348794433969,0.08799240195045971,163.15100723348326,156,44.42763398385242,0.0,0.7069582504970179,1.0643884789808222,,,37.34126984126984,16.507936507936506,16.746031746031743,29.404761904761905,2.2058264724509185,155,101
SMA200 ±3% Band + Distance Scale 1-3x + RSI>30 Exit,0.22031106240444687,0.29057963094825834,0.7853483478236342,0.8017106115405043,-0.43959613338215475,0.5011669704858926,682.4741085952006,217,94.28779065772315,0.0,0.7081510934393638,1.2078842379183723,,,34.404761904761905,14.047619047619047,31.98412698412698,19.563492063492063,2.0840895341802783,216,102
SMA200 ±3% Band + Distance Scale 1-3x + RSI>30 Exit,0.0738595004236644,0.24972312897732957,0.17831533433203803,0.15121030406890584,-0.4172601294723341,0.17701068280131846,198.71795492529603,139,23.588426369092797,0.0,0.7859984089101034,1.053211732206103,,,54.84126984126985,14.563492063492065,18.76984126984127,11.825396825396824,1.9393673110720562,138,103
SMA200 ±3% Band + Distance Scale 1-3x + RSI>30 Exit,0.13985845063842817,0.26534365492265416,0.47945064863087467,0.44864308447390755,-0.4742644203166859,0.2948955153436113,353.3697994687926,155,36.66470354047983,0.0,0.7686804451510334,1.1387605534858354,,,51.19047619047619,13.452380952380953,18.73015873015873,16.626984126984127,2.065040650406504,154,104
SMA200 ±3% Band + Distance Scale 1-3x + RSI>30 Exit,0.14512700588415384,0.37677833913749326,0.5025365811209673,0.5405041092913656,-0.5336535949814191,0.27194983271724593,369.4516916471182,257,72.88874332357747,0.0,0.6821613031386571,1.1301797312788742,,,32.698412698412696,18.76984126984127,24.484126984126984,24.047619047619047,2.078419811320755,257,105
SMA200 ±3% Band + Distance Scale 1-3x + RSI>30 Exit,0.053604223156184405,0.20767618395298235,0.0921044688842183,0.05593864404078043,-0.4510069618016166,0.11885453595229241,165.35767001935102,75,14.967490462467856,0.0,0.9035331480746328,1.0363320100764999,,,79.12698412698413,1.746031746031746,8.65079365079365,10.476190476190476,2.418250950570342,74,106
SMA200 ±3% Band + Distance Scale 1-3x + RSI>30 Exit,0.0677063800875668,0.2971751187154002,0.16185473009335694,0.12559971874401676,-0.5558347878608192,0.12181026011009669,187.99747392044284,114,21.22439946844059,0.0,0.8465818759936407,1.0608218220082002,,,66.9047619047619,7.976190476190475,12.222222222222221,12.896825396825399,2.1486810551558753,113,107
SMA200 ±3% Band + Distance Scale 1-3x + RSI>30 Exit,0.3452501356552391,0.3394001906224172,0.9918251244673546,1.1578798227833123,-0.32487608998679113,1.0627132814522495,1748.3721701723518,212,132.43166486995483,0.0,0.6374850775964982,1.2366483786235645,,,16.30952380952381,25.873015873015877,26.38888888888889,31.428571428571427,2.0663821716453294,211,108
SMA200 ±3% Band + Distance Scale 1-3x + RSI>30 Exit,0.18647846980589655,0.3023136134497409,0.6164819843381363,0.57791546978944,-0.4897348856191905,0.38077432358147145,520.2855597046538,173,83.14124470563785,0.0,0.7049701789264413,1.1706301369481713,,,32.698412698412696,34.6031746031746,16.349206349206348,16.349206349206348,1.7287735849056605,172,109
SMA200 ±3% Band + Distance Scale 1-3x + RSI>30 Exit,0.25412756736192477,0.3049045231645066,0.7580852684791266,0.7293676816873178,-0.3822424406029921,0.6648334678928782,888.4927768968582,198,59.350764595970894,0.0,0.7362768496420048,1.2093890122765252,,,40.27777777777778,26.706349206349206,17.182539682539684,15.833333333333332,1.8179401993355482,197,110
SMA200 ±3% Band + Distance Scale 1-3x + RSI>30 Exit,0.39774104659686405,0.24648429746868225,1.3669136607037695,1.6331761499920168,-0.2745907132510982,1.448486883943346,2529.6923334404196,155,115.73976677121966,0.0,0.6430561082371667,1.34596921296127,,,19.603174603174605,47.5,19.563492063492063,13.333333333333334,1.5750246791707798,154,111
SMA200 ±3% Band + Distance Scale 1-3x + RSI>30 Exit,0.1401732528048285,0.34941893816307845,0.4785699219175889,0.5114294735904787,-0.7582614456830601,0.1848613741379889,354.31278271266115,199,57.79301221128807,0.0,0.67463162086818,1.1268722993092255,,,29.166666666666668,28.888888888888886,20.158730158730158,21.785714285714285,1.899719887955182,198,112
SMA200 ±3% Band + Distance Scale 1-3x + RSI>30 Exit,0.12473951378591219,0.27278560573389327,0.3908299403084428,0.340093584445513,-0.38229991729329243,0.3262870540728228,310.6447413929043,131,27.360219146441455,0.0,0.7693529178245335,1.1190665525357497,,,50.99206349206349,12.619047619047619,22.380952380952383,14.007936507936508,2.02834008097166,130,113
SMA200 ±3% Band + Distance Scale 1-3x + RSI>30 Exit,0.08497595398608682,0.2824772986413852,0.24928028059887472,0.20122972365492045,-0.4895006070853412,0.17359723921909626,219.48371836088154,156,34.07650552051579,0.0,0.7585385226370135,1.0704114656652748,,,45.11904761904762,23.253968253968253,13.730158730158731,17.896825396825395,1.9023861171366594,155,114
SMA200 ±3% Band + Distance Scale 1-3x + RSI>30 Exit,0.08044946291119004,0.27982611847964106,0.22281965273894022,0.19849623983821924,-0.6084472044047131,0.13222094263692022,210.80434531197864,158,29.939858148684998,0.0,0.7411530815109344,1.0608969673135247,,,43.214285714285715,21.26984126984127,22.6984126984127,12.817460317460316,1.851153039832285,157,115
SMA200 ±3% Band + Distance Scale 1-3x + RSI>30 Exit,0.22218359231854223,0.31027976598606694,0.7315825071957336,0.7493895359452949,-0.47011901123547384,0.47261137501043243,692.6482446564031,186,59.030576615033254,0.0,0.6683876092136616,1.1841634156849066,,,24.801587301587304,29.20634920634921,28.57142857142857,17.42063492063492,1.8432717678100263,185,116
SMA200 ±3% Band + Distance Scale 1-3x + RSI>30 Exit,0.03808303185774653,0.32441473684400796,0.08468239188812357,0.0756516262057716,-0.5876742441239589,0.06480296225082416,143.29141704049783,196,27.04949963554198,0.0,0.7542743538767396,1.0239781108846495,,,49.2063492063492,10.357142857142858,22.460317460317462,17.976190476190474,2.15,195,117
SMA200 ±3% Band + Distance Scale 1-3x + RSI>30 Exit,0.33207422280243626,0.33278204661091393,0.9980249808010472,1.1578661593310786,-0.47820479586977055,0.6944184284025249,1589.9367573891352,199,169.1496522154129,0.0,0.6693195384003183,1.2628709319283224,,,24.563492063492063,29.00793650793651,29.841269841269842,16.587301587301585,1.8353498158863757,198,118
SMA200 ±3% Band + Distance Scale 1-3x + RSI>30 Exit,0.08133733417943323,0.38985761785625667,0.2022532263013521,0.189733202367831,-0.5178581327376676,0.15706489680762906,212.48213758132107,203,28.997184735808332,0.0,0.730127186009539,1.0576296358785477,,,44.404761904761905,16.587301587301585,17.976190476190474,21.03174603174603,2.07994289793005,202,119
SMA200 ±3% Band + Distance Scale 1-3x + RSI>30 Exit,0.010904153081326307,0.32860004550382627,-0.0964993942715845,-0.07406374722622479,-0.6078166890075766,0.01793987114623367,110.92288448591363,132,15.325144060071118,0.0,0.8224781572676727,0.9694345757031919,,,63.8095238095238,2.301587301587302,14.603174603174605,19.28571428571429,2.469298245614035,131,120
SMA200 ±3% Band + Distance Scale 1-3x + RSI>30 Exit,0.07638520379364921,0.2613367251504871,0.24434969984616364,0.210135934679345,-0.42751210384058036,0.17867378047881732,203.2747884645796,124,26.98199259046466,0.0,0.7642373556352051,1.0686530509718086,,,50.15873015873016,19.88095238095238,14.523809523809526,15.436507936507937,1.910828025477707,123,121
SMA200 ±3% Band + Distance Scale 1-3x + RSI>30 Exit,0.04132070294682233,0.2890761330865814,0.046561204911959454,0.0385428817750735,-0.5467031630284749,0.07558160578022877,147.6631706603697,190,26.78471037475042,0.0,0.7813990461049285,1.0132779776947507,,,53.45238095238095,12.619047619047619,21.23015873015873,12.698412698412698,2.001705029838022,189,122
SMA200 ±3% Band + Distance Scale 1-3x + RSI>30 Exit,0.2205337080452423,0.3443622516037493,0.6522210876692893,0.700264651345643,-0.4758013397319923,0.46349955250118413,683.6767647706725,162,54.21003513159922,0.0,0.6992451330949543,1.1744595226910184,,,34.24603174603175,22.460317460317462,21.11111111111111,22.18253968253968,1.9957754978877489,161,123
SMA200 ±3% Band + Distance Scale 1-3x + RSI>30 Exit,0.05618957248900802,0.2648962513621437,0.12431450376464195,0.10636927855088621,-0.5038214065427921,0.11152676674573882,169.31542487294521,161,25.40090417520941,0.0,0.7669980119284294,1.034690717498696,,,51.46825396825396,15.317460317460318,19.047619047619047,14.166666666666666,1.9762878168438267,160,124
SMA200 ±3% Band + Distance Scale 1-3x + RSI>30 Exit,0.007264528591004682,0.3883263980448628,-0.08416067304004492,-0.06241117769873067,-0.6788741450786424,0.010700847342128696,107.12813805285322,186,17.704671875743983,0.0,0.7686804451510334,0.9739268176061652,,,51.82539682539683,11.547619047619047,15.95238095238095,20.674603174603174,2.1894563426688634,185,125
SMA200 ±3% Band + Distance Scale 1-3x + RSI>30 Exit,0.14086967023316732,0.35870211134758745,0.4550749512620511,0.45284576028983753,-0.5233053591049784,0.2691921031997457,356.40690564813025,188,44.490981369083386,0.0,0.718774860779634,1.130374816914019,,,38.25396825396825,16.30952380952381,21.666666666666668,23.76984126984127,2.120822622107969,187,126
SMA200 ±3% Band + Distance Scale 1-3x + RSI>30 Exit,0.08274253773055174,0.30177733972854903,0.16639680865087475,0.14565609161653637,-0.5053985575425249,0.16371739985346054,215.16199534394772,150,21.278822775875383,0.0,0.7765407554671968,1.0456925530180126,,,52.73809523809524,14.126984126984127,16.071428571428573,17.063492063492063,2.0621326616288833,149,127
SMA200 ±3% Band + Distance Scale 1-3x + RSI>30 Exit,-0.0867300260646029,0.34606276493261684,-0.3964300266539669,-0.32123037160262563,-0.7347067381301897,-0.11804713576648099,41.62087073000129,191,18.747948171526573,0.0,0.7518886679920477,0.8937852994425178,,,49.2063492063492,12.738095238095237,16.706349206349206,21.349206349206348,2.16953125,190,128
SMA200 ±3% Band + Distance Scale 1-3x + RSI>30 Exit,0.05827773593294516,0.26441874780153457,0.14146798968286764,0.1275547336157755,-0.6232839046404713,0.0935011084018951,172.57382828073085,109,23.15783662037269,0.0,0.7785288270377734,1.0396548051176713,,,53.41269841269841,11.666666666666666,12.420634920634921,22.5,2.2325383304940374,108,129
SMA200 ±3% Band + Distance Scale 1-3x + RSI>30 Exit,0.32398909349641314,0.26706079809358263,1.0977091131326857,1.1612313431901982,-0.44723052565858035,0.7244342121310146,1499.2106044637242,156,86.81547932391055,0.0,0.711217183770883,1.309842699603044,,,33.01587301587301,36.86507936507937,16.904761904761905,13.214285714285715,1.646919431279621,155,130
SMA200 ±3% Band + Distance Scale 1-3x + RSI>30 Exit,0.16628023881507192,0.296864683729044,0.5862282172171762,0.5420410402146737,-0.44507438267334987,0.37360100982740396,440.8342872992324,142,64.06941549118658,0.0,0.7394590294351631,1.185797787249915,,,42.5,30.277777777777775,14.484126984126986,12.738095238095237,1.6949620427881298,141,131
SMA200 ±3% Band + Distance Scale 1-3x + RSI>30 Exit,-0.004394892479023915,0.2553575275598846,-0.18316582872913587,-0.13785387542694635,-0.5360546065456868,-0.008198591011733704,95.74241747599541,126,17.05035540985987,0.0,0.8196265395311879,0.9483282380293458,,,60.63492063492063,7.301587301587302,14.404761904761903,17.658730158730158,2.2631048387096775,125,132
SMA200 ±3% Band + Distance Scale 1-3x + RSI>30 Exit,0.14844832247793693,0.30622196169363725,0.5127847748651715,0.4657371902242031,-0.5418606740253881,0.273960317834362,379.9238868687727,183,48.719579745002136,0.0,0.7343129467831613,1.1616535224850453,,,41.62698412698413,24.484126984126984,20.436507936507937,13.452380952380953,1.8110129163834126,183,133
SMA200 ±3% Band + Distance Scale 1-3x + RSI>30 Exit,0.06815584969952404,0.3271346075985368,0.20807493846453334,0.20870559081746254,-0.5146526328144616,0.13243078020761828,188.76264814860016,161,28.265720476112648,0.0,0.7317170111287759,1.0534390144408314,,,43.84920634920635,13.055555555555557,18.452380952380953,24.642857142857146,2.2063604240282686,160,134
SMA200 ±3% Band + Distance Scale 1-3x + RSI>30 Exit,0.11683107157225825,0.3333582892526529,0.3450495004602194,0.3544715280523194,-0.5423987773432525,0.21539700392488662,290.19444141850016,139,31.37972667081213,0.0,0.712241653418124,1.1034589447711995,,,39.007936507936506,26.150793650793652,12.53968253968254,22.301587301587304,1.936890045543266,138,135
SMA200 ±3% Band + Distance Scale 1-3x + RSI>30 Exit,0.13615137338250016,0.30875853252781765,0.3846090607206718,0.351154146215438,-0.5096419138825767,0.26715105189301586,342.4333237910654,155,32.43307708567894,0.0,0.7221780604133545,1.105918813804774,,,38.88888888888889,22.42063492063492,15.357142857142858,23.333333333333332,2.014935064935065,155,136
SMA200 ±3% Band + Distance Scale 1-3x + RSI>30 Exit,0.17869404006437706,0.32897274008538435,0.5851298296469795,0.6195715929308314,-0.5388850006118183,0.331599580358515,488.26091391368584,226,60.75839700840689,0.0,0.6921241050119332,1.147307443496707,,,35.63492063492063,11.547619047619047,27.77777777777778,25.039682539682538,2.2096177558569665,225,137
SMA200 ±3% Band + Distance Scale 1-3x + RSI>30 Exit,0.1511586924813002,0.3676248457769391,0.4774341274918364,0.4870076472361285,-0.5678995584182548,0.26617152670855343,388.66607265940405,178,44.36664270903627,0.0,0.6994426751592356,1.128068370935542,,,33.69047619047619,21.865079365079364,22.380952380952383,22.063492063492063,2.0029922202274086,177,138
SMA200 ±3% Band + Distance Scale 1-3x + RSI>30 Exit,0.345317085619411,0.29522307372337936,1.1059676305651651,1.3196346232614249,-0.3796425544685985,0.9095847700813353,1749.2121011090671,200,129.66676409700602,0.0,0.6650755767700876,1.2854174511672396,,,24.444444444444443,30.277777777777775,26.785714285714285,18.492063492063494,1.844012605042017,199,139
SMA200 ±3% Band + Distance Scale 1-3x + RSI>30 Exit,0.2834402994616878,0.3162909183495472,0.9097853830646448,1.0698179079440644,-0.4795982000910681,0.5909953361123269,1110.4291734139938,226,257.1594059881922,0.0,0.65168986083499,1.2352101866208476,,,23.373015873015873,28.57142857142857,33.49206349206349,14.563492063492065,1.8171931641636458,225,140
SMA200 ±3% Band + Distance Scale 1-3x + RSI>30 Exit,0.1291571672626577,0.3382319325154829,0.47946942582113766,0.4981399830876733,-0.7022801821292148,0.1839111661546127,322.6221280242985,196,69.48724893969654,0.0,0.6790123456790124,1.1236396507157222,,,31.587301587301585,19.404761904761905,26.984126984126984,22.023809523809522,2.0382830626450117,195,141
SMA200 ±3% Band + Distance Scale 1-3x + RSI>30 Exit,0.12831025877935365,0.2657801761108368,0.3912041059573922,0.28644256816106045,-0.4844482593732115,0.264858540198625,320.2943766857867,128,26.133930228245074,0.0,0.8179650238473768,1.135268165669045,,,59.36507936507937,13.214285714285715,16.626984126984127,10.793650793650794,1.9404296875,127,142
SMA200 ±3% Band + Distance Scale 1-3x + RSI>30 Exit,-0.02342299357800659,0.31950991433541487,-0.05235493082080479,-0.04888698830247249,-0.7104226032095229,-0.032970507233563505,79.47373966892681,152,31.061031717182086,0.0,0.7391822151647479,0.9864220567503115,,,45.91269841269841,16.825396825396826,13.333333333333334,23.92857142857143,2.1313279530447544,151,143
SMA200 ±3% Band + Distance Scale 1-3x + RSI>30 Exit,-0.04938007998829841,0.366259327435118,-0.10851378648434358,-0.09817244115914137,-0.8915379398538734,-0.055387525063029845,61.2790259273864,179,32.830571976617286,0.0,0.6906274821286735,0.9722774909008433,,,33.37301587301587,18.650793650793652,18.253968253968253,29.72222222222222,2.1661703394877905,178,144
SMA200 ±3% Band + Distance Scale 1-3x + RSI>30 Exit,0.008570241397379386,0.29952669107311003,-0.09440918503398577,-0.07667760656197799,-0.5232475984515541,0.016378940720877245,108.47589916482578,128,17.84100860945506,0.0,0.772438443208896,0.9735161165648276,,,50.99206349206349,15.436507936507937,15.079365079365079,18.492063492063494,2.062348178137652,127,145
SMA200 ±3% Band + Distance Scale 1-3x + RSI>30 Exit,-0.047347956524788515,0.34792688175599285,-0.19344835590216242,-0.14685636275052014,-0.5759536110564281,-0.08220793413890008,62.5550031883316,166,19.95132831872843,0.0,0.794912559618442,0.9386409278679237,,,56.94444444444444,12.063492063492063,15.833333333333332,15.158730158730158,2.071889400921659,165,146
SMA200 ±3% Band + Distance Scale 1-3x + RSI>30 Exit,0.11692680263935706,0.3139889166451106,0.37984077454310905,0.4177808830610522,-0.41307411844201725,0.2830649450523973,290.43459243225993,206,41.55974838793693,0.0,0.7046899841017488,1.0938058456054025,,,36.15079365079365,15.912698412698411,24.88095238095238,23.055555555555557,2.1118707271597263,205,147
SMA200 ±3% Band + Distance Scale 1-3x + RSI>30 Exit,0.140937517412292,0.30942812373574485,0.49332289324973844,0.5196267256885067,-0.5314462320185436,0.2651961928057744,356.61151358953805,180,48.31002975027223,0.0,0.6890923566878981,1.1209280011044642,,,32.73809523809524,21.071428571428573,19.087301587301585,27.1031746031746,2.089675516224189,179,148
SMA200 ±3% Band + Distance Scale 1-3x + RSI>30 Exit,0.20404193917363256,0.3151838033907906,0.6431606216450535,0.5965031235717781,-0.36614999724478264,0.5572632547016632,599.5585260061508,149,52.96452050334425,0.0,0.7527866242038217,1.2006581261862999,,,45.63492063492063,21.26984126984127,21.23015873015873,11.865079365079364,1.827007299270073,148,149
SMA200 ±3% Band + Distance Scale 1-3x + RSI>30 Exit,0.12062299014918465,0.3161529956952269,0.39750466935127754,0.3809992309055427,-0.5271345647201312,0.2288277002158384,299.84418803090466,163,38.20149664558435,0.0,0.7417297728178557,1.1132897117551501,,,44.60317460317461,14.325396825396824,20.793650793650794,20.27777777777778,2.1074498567335245,162,150
SMA200 ±3% Band + Distance Scale 1-3x + RSI>30 Exit,0.0875954980345901,0.27631178079682445,0.23533292915181808,0.2160481914742134,-0.4415216173568045,0.19839458497861504,224.65164689076622,138,25.192270109311615,0.0,0.7415506958250497,1.0643266196792471,,,44.56349206349206,21.46825396825397,14.642857142857144,19.325396825396826,1.9613457408733,137,151
SMA200 ±3% Band + Distance Scale 1-3x + RSI>30 Exit,0.12324532403635757,0.31539198677781827,0.4188716440413955,0.4143120425747686,-0.5097208817351176,0.24178982743815355,306.6847666556825,148,47.98250339289143,0.0,0.724274930472785,1.1131084360436758,,,40.75396825396825,14.96031746031746,20.873015873015873,23.41269841269841,2.142665773610181,147,152
SMA200 ±3% Band + Distance Scale 1-3x + RSI>30 Exit,0.11953818398847815,0.2848365909040185,0.3865871263065329,0.38504275654177833,-0.42535537348801616,0.2810313244857737,297.05460465475824,202,43.170882660982834,0.0,0.7065131056393964,1.0942019081864487,,,37.420634920634924,16.944444444444446,21.904761904761905,23.730158730158728,2.108433734939759,201,153
SMA200 ±3% Band + Distance Scale 1-3x + RSI>30 Exit,0.1937930533798602,0.3252042821339345,0.610562606241095,0.6381331456294622,-0.5037168876971233,0.3847261390536995,552.0798294324871,176,73.27610299963455,0.0,0.68389662027833,1.163219859094874,,,31.865079365079364,24.126984126984127,20.595238095238095,23.41269841269841,1.9895165987186954,175,154
SMA200 ±3% Band + Distance Scale 1-3x + RSI>30 Exit,0.11508898639564835,0.37059998864010224,0.45547549472861437,0.436074154871763,-0.8230664372736115,0.13982952187538827,285.8552236210223,217,150.04281756832756,0.0,0.6483253588516746,1.1175115829011761,,,25.198412698412696,31.19047619047619,19.761904761904763,23.84920634920635,1.9018567639257293,216,155
SMA200 ±3% Band + Distance Scale 1-3x + RSI>30 Exit,0.17072661641565934,0.2615489824396381,0.6020225457159838,0.555907426490672,-0.36221118452677653,0.471345512532174,457.3242616244103,158,42.88899893984392,0.0,0.7387673956262425,1.1659352265877738,,,41.54761904761905,21.547619047619047,20.03968253968254,16.865079365079367,1.9198913781398506,157,156
SMA200 ±3% Band + Distance Scale 1-3x + RSI>30 Exit,0.13946195560042374,0.312640570699809,0.49567425005344734,0.47722740185456364,-0.5732752200344101,0.24327225515181472,352.18530834301225,195,53.794453965786474,0.0,0.6780740151213689,1.1261772959672691,,,29.444444444444446,28.333333333333332,18.055555555555554,24.166666666666668,1.9409448818897639,194,157
SMA200 ±3% Band + Distance Scale 1-3x + RSI>30 Exit,0.1334878517963234,0.31802283800834397,0.42870823735660607,0.4164681124875754,-0.49899201774317115,0.2675150043482839,334.7638589283445,183,44.98015700152353,0.0,0.6946656050955414,1.1071996674567275,,,33.84920634920635,17.063492063492063,20.436507936507937,28.65079365079365,2.175164967006599,182,158
SMA200 ±3% Band + Distance Scale 1-3x + RSI>30 Exit,0.10848709309429427,0.30276663112764474,0.4094568465070313,0.34443138161602155,-0.568670164229024,0.1907733162709106,269.93394573277226,198,59.4576639959801,0.0,0.7684042976522085,1.1191245585116396,,,47.61904761904761,12.261904761904761,22.896825396825395,17.22222222222222,2.0946969696969697,197,159
SMA200 ±3% Band + Distance Scale 1-3x + RSI>30 Exit,0.0904425320655633,0.2961106307095009,0.26150135148831444,0.19616164696892815,-0.5689284949272729,0.15896994591055721,230.39183606110473,97,18.971007683712937,0.0,0.7991249005568815,1.0988115833179866,,,54.84126984126985,22.896825396825395,14.801587301587302,7.4603174603174605,1.6581722319859402,96,160
SMA200 ±3% Band + Distance Scale 1-3x + RSI>30 Exit,0.04446135273059704,0.3041381296544527,0.17976529912330416,0.15414026096872616,-0.5707859540210034,0.07789496643598377,152.01777163355854,189,40.84791674410682,0.0,0.7474144789180589,1.0520550390036456,,,43.76984126984127,23.88888888888889,18.69047619047619,13.65079365079365,1.8179251940719832,188,161
SMA200 ±3% Band + Distance Scale 1-3x + RSI>30 Exit,0.23850664652523657,0.3161884895332281,0.7753981214535507,0.8158057135206126,-0.6577685193928932,0.362599667654167,787.2638776648,194,96.98840798817305,0.0,0.6620222929936306,1.1962004283213277,,,26.38888888888889,27.023809523809522,25.436507936507937,21.150793650793652,1.9202156334231806,194,162
SMA200 ±3% Band + Distance Scale 1-3x + RSI>30 Exit,0.24986750610621966,0.29362559471069666,0.8369729417024293,0.901636590996384,-0.49045018297354426,0.5094656190997852,859.7899721203366,190,70.04204362284125,0.0,0.6796657381615598,1.2161455585678054,,,29.04761904761905,30.277777777777775,19.365079365079367,21.30952380952381,1.8736017897091723,189,163
SMA200 ±3% Band + Distance Scale 1-3x + RSI>30 Exit,0.11958898871845847,0.34754440338872195,0.37703403726874374,0.40961771269567243,-0.5729713506867545,0.2087172222051259,297.18472813535783,186,35.36463414366528,0.0,0.6447891805887033,1.084449436758654,,,23.730158730158728,19.484126984126984,21.58730158730159,35.1984126984127,2.206035379812695,185,164
SMA200 ±3% Band + Distance Scale 1-3x + RSI>30 Exit,-0.03183042313786155,0.31699780507690944,-0.2279525463058335,-0.169944176267342,-0.6751084830217332,-0.04714860491071161,73.1111846915057,122,15.351925391445032,0.0,0.8239968216130313,0.9317948154588687,,,63.84920634920634,1.3095238095238095,11.468253968253968,23.373015873015873,2.610318331503842,121,165
SMA200 ±3% Band + Distance Scale 1-3x + RSI>30 Exit,0.16648554146410555,0.3136382013102775,0.4589086511684247,0.47933244686605486,-0.5999796263010762,0.2774853247776139,441.58377860877874,177,34.172950413836865,0.0,0.7067938021454112,1.1208187886202305,,,38.57142857142858,16.30952380952381,24.960317460317462,20.158730158730158,2.0626614987080103,176,166
SMA200 ±3% Band + Distance Scale 1-3x + RSI>30 Exit,0.15183810408459397,0.3728198193547547,0.44395340449132153,0.4138198684632447,-0.6767083160203545,0.2243774762183163,390.88555782089617,177,35.232111369739826,0.0,0.7199681782020684,1.1301899464077165,,,38.41269841269842,19.246031746031747,16.825396825396826,25.515873015873012,2.1018041237113403,176,167
SMA200 ±3% Band + Distance Scale 1-3x + RSI>30 Exit,0.151620964604801,0.29317480230009185,0.47860941580399535,0.5121870105388965,-0.4227152173501653,0.35868347857276806,390.1749798037168,147,35.29383539419848,0.0,0.6984884645982498,1.119657827082782,,,34.92063492063492,24.00793650793651,23.015873015873016,18.055555555555554,1.9085365853658536,146,168
SMA200 ±3% Band + Distance Scale 1-3x + RSI>30 Exit,0.2003650359528779,0.29926835373058497,0.7079854906694636,0.7166062638636098,-0.6056206423270802,0.3308424811660661,582.1199408479876,169,73.5787809429402,0.0,0.7045725646123261,1.1853237526988645,,,32.73809523809524,28.134920634920636,19.325396825396826,19.8015873015873,1.8761061946902655,168,169
SMA200 ±3% Band + Distance Scale 1-3x + RSI>30 Exit,0.07121111036410377,0.3165068210019236,0.299341055352641,0.2666776298325624,-0.7293629915709294,0.09763466365454958,194.038319148901,183,52.15804999658615,0.0,0.7396496815286624,1.081777613758989,,,41.54761904761905,17.6984126984127,24.047619047619047,16.706349206349206,1.9830278343516632,182,170
SMA200 ±3% Band + Distance Scale 1-3x + RSI>30 Exit,0.3472734802630062,0.37576809219734686,0.9324242066383678,1.081131618809645,-0.4877354707481661,0.7120119431344679,1773.916626330533,191,135.76983087837343,0.0,0.6167926780740152,1.2473914960553794,,,16.38888888888889,36.904761904761905,18.21428571428571,28.49206349206349,1.8993830090175605,190,171
SMA200 ±3% Band + Distance Scale 1-3x + RSI>30 Exit,0.1553490485091169,0.31898069267711154,0.5130939955328421,0.5591320548678144,-0.4973867634593038,0.3123304838847557,402.5371089024853,192,65.24109938732424,0.0,0.6720985691573926,1.1225044395298054,,,27.22222222222222,25.595238095238095,18.73015873015873,28.452380952380953,2.039258451472192,191,172
SMA200 ±3% Band + Distance Scale 1-3x + RSI>30 Exit,0.22472153378703053,0.31523044331769656,0.6204097624425954,0.6673466349591641,-0.6077762151494966,0.3697438764229282,706.6547822777519,181,36.25899895009184,0.0,0.654733492442323,1.1528217413672315,,,24.523809523809522,26.706349206349206,23.293650793650794,25.476190476190474,1.9837013669821242,181,173
SMA200 ±3% Band + Distance Scale 1-3x + RSI>30 Exit,0.17970296377899242,0.3487038198806445,0.5615332654268117,0.5448107213208851,-0.44462040526117463,0.4041716521612026,492.3093434754368,187,58.32622124086994,0.0,0.6923688394276629,1.1681569726247427,,,34.36507936507937,31.428571428571427,16.587301587301585,17.61904761904762,1.7896009673518742,186,174
SMA200 ±3% Band + Distance Scale 1-3x + RSI>30 Exit,-0.07150518792669691,0.3285317714916784,-0.33179626501458753,-0.29203723526551617,-0.7253758891743125,-0.09857673654977765,48.82111703862508,168,19.721754600198526,0.0,0.7833863275039745,0.9036400084978861,,,57.26190476190476,10.595238095238095,14.603174603174605,17.539682539682538,2.162488393686165,167,175
SMA200 ±3% Band + Distance Scale 1-3x + RSI>30 Exit,-0.01788201562521541,0.34717835253225326,-0.08562155342592787,-0.06934275547551065,-0.7753091967267751,-0.023064366707773194,83.93393868961886,148,25.511589395143773,0.0,0.7632101708382996,0.9749585074930864,,,48.01587301587302,21.865079365079364,12.420634920634921,17.6984126984127,1.9198473282442747,147,176
SMA200 ±3% Band + Distance Scale 1-3x + RSI>30 Exit,0.5360254139552909,0.3764097203122322,1.2899907166366544,1.7113312353218966,-0.3451063485811706,1.553218062081565,6287.56224164422,255,372.0524758029968,0.0,0.60263053009167,1.3307111578679123,,,13.61111111111111,27.579365079365083,32.93650793650794,25.873015873015877,1.9802480477721636,254,177
SMA200 ±3% Band + Distance Scale 1-3x + RSI>30 Exit,0.19246700292382712,0.35351278369556177,0.5981968148118071,0.6295185715724789,-0.41541389013993574,0.4633138358926635,546.1898193647567,207,65.32155047941589,0.0,0.6827229299363057,1.1516001921811776,,,29.642857142857142,18.571428571428573,26.58730158730159,25.198412698412696,2.0941906373378454,206,178
SMA200 ±3% Band + Distance Scale 1-3x + RSI>30 Exit,0.17871741875297786,0.31343738612151295,0.5275389248928617,0.4988508429674694,-0.47627504887181626,0.3752399357814722,488.35438497519596,154,32.1648695598013,0.0,0.7134340222575517,1.1422873658970976,,,38.2936507936508,18.373015873015873,22.61904761904762,20.714285714285715,2.0379421221864953,153,179
SMA200 ±3% Band + Distance Scale 1-3x + RSI>30 Exit,0.10913773704151253,0.34827876656142903,0.4140064636067421,0.39653129006472726,-0.5224345170376528,0.20890223268621966,271.46694530290233,189,50.283871723636466,0.0,0.7067938021454112,1.1103838145950424,,,36.507936507936506,16.666666666666664,25.158730158730158,21.666666666666668,2.07875,188,180
SMA200 ±3% Band + Distance Scale 1-3x + RSI>30 Exit,0.05800003325343872,0.2969681044583599,0.205435669401322,0.20453970183648054,-0.5745615355267364,0.10094659956703589,172.13728093970113,137,28.60247987097917,0.0,0.7529785544082606,1.0555752022724283,,,48.29365079365079,15.714285714285714,15.396825396825397,20.595238095238095,2.0943975441289333,136,181
SMA200 ±3% Band + Distance Scale 1-3x + RSI>30 Exit,0.011952648682534095,0.2762370719614468,-0.14130492197954453,-0.10601126354490094,-0.5297240377882841,0.022563915982440716,112.03819512365054,107,13.481763888064599,0.0,0.8188319427890346,0.9561658445169282,,,62.420634920634924,8.095238095238095,11.34920634920635,18.134920634920633,2.267159450897571,107,182
SMA200 ±3% Band + Distance Scale 1-3x + RSI>30 Exit,0.25815156668612227,0.2995040125552224,0.8204812282403287,0.8490576263190734,-0.4828091932553657,0.5346865185924115,916.3908292960258,175,69.41103963128603,0.0,0.6975726223637088,1.2334280551762742,,,33.13492063492063,32.73809523809524,24.08730158730159,10.03968253968254,1.6605341246290801,174,183
SMA200 ±3% Band + Distance Scale 1-3x + RSI>30 Exit,0.04530536563080578,0.3317569398940557,0.13203320303922866,0.11286014220426646,-0.4825126809185803,0.09389466313000519,153.20747434015868,135,25.025146629821826,0.0,0.773667462211615,1.038333528284819,,,50.99206349206349,11.230158730158731,15.833333333333332,21.944444444444443,2.2186234817813766,134,184
SMA200 ±3% Band + Distance Scale 1-3x + RSI>30 Exit,-0.012641605170772285,0.3442121962757543,0.08853999290530351,0.0809807307686256,-0.8537556777261668,-0.014807052533391114,88.35729770317872,178,63.84222576017808,0.0,0.7273089171974523,1.0253257572538965,,,41.904761904761905,21.38888888888889,20.952380952380953,15.753968253968253,1.9030054644808743,177,185
SMA200 ±3% Band + Distance Scale 1-3x + RSI>30 Exit,0.1303613265448773,0.3393879647179187,0.4124535519772105,0.40339955840128766,-0.5302077160825455,0.2458684070236767,325.9579027887416,191,39.63651894504325,0.0,0.700596421471173,1.1081042073598115,,,35.595238095238095,22.460317460317462,19.92063492063492,22.023809523809522,1.993222427603204,190,186
SMA200 ±3% Band + Distance Scale 1-3x + RSI>30 Exit,0.122197921066024,0.3297255630158464,0.44871099586648366,0.45209269726310924,-0.5502661344529876,0.22207058260545032,303.93592810930966,166,58.08663631852541,0.0,0.7075208913649025,1.1226966159447527,,,37.301587301587304,20.793650793650794,21.150793650793652,20.753968253968257,1.999367088607595,165,187
SMA200 ±3% Band + Distance Scale 1-3x + RSI>30 Exit,-0.01633642557710646,0.2923712528655346,-0.3342852550208521,-0.2584411913334291,-0.7626892508357982,-0.021419504154810205,85.21743682159772,120,11.253582869548001,0.0,0.7972972972972973,0.9072090312492556,,,57.97619047619048,9.880952380952381,9.007936507936508,23.134920634920636,2.3153918791312558,119,188
SMA200 ±3% Band + Distance Scale 1-3x + RSI>30 Exit,0.08036806590198897,0.3227551443770829,0.24078571602973273,0.22558174542676254,-0.36565375510843157,0.2197928088504287,210.6511269100123,166,28.584061795174595,0.0,0.7560588001589194,1.0650148267539676,,,48.45238095238095,11.507936507936508,15.873015873015872,24.166666666666668,2.245573518090839,165,189
SMA200 ±3% Band + Distance Scale 1-3x + RSI>30 Exit,0.2829446771241164,0.31512288614476186,0.8761066739235791,0.936012694154914,-0.4570713534831693,0.6190383076250594,1106.2976554617528,206,95.60953482164398,0.0,0.7041749502982108,1.2344500369087785,,,35.11904761904761,19.92063492063492,25.71428571428571,19.246031746031747,1.9896024464831805,205,190
SMA200 ±3% Band + Distance Scale 1-3x + RSI>30 Exit,-0.08191716018227424,0.3617134453798234,-0.2842281334056279,-0.2455894398593449,-0.7369669717023044,-0.11115445240789493,43.786601124337245,127,17.056971878567204,0.0,0.7633042096902304,0.9213305573299485,,,54.007936507936506,5.555555555555555,11.26984126984127,29.166666666666668,2.5133735979292493,126,191
SMA200 ±3% Band + Distance Scale 1-3x + RSI>30 Exit,0.010774424255810766,0.26962401330655195,-0.05070438985096804,-0.038635404550786345,-0.486694336261426,0.022137969261313378,110.78558291733783,108,16.667373394472456,0.0,0.8036565977742448,0.9841372121810467,,,60.238095238095234,11.34920634920635,12.380952380952381,16.03174603174603,2.117764471057884,107,192
SMA200 ±3% Band + Distance Scale 1-3x + RSI>30 Exit,0.2369531712854107,0.26453295002862504,0.8124763060326236,0.7951877175573683,-0.4097316507121339,0.5783130760671634,777.7853669479753,190,69.39224234051721,0.0,0.705087440381558,1.2140268305956592,,,32.06349206349206,25.595238095238095,25.11904761904762,17.22222222222222,1.876752336448598,189,193
SMA200 ±3% Band + Distance Scale 1-3x + RSI>30 Exit,0.0950670720563005,0.34055429947029436,0.3671659393909009,0.3235359666145817,-0.5440124476686973,0.17475164853984407,239.99648576670117,192,50.33719233892638,0.0,0.7365698368483884,1.102543609078139,,,41.42857142857143,15.95238095238095,22.738095238095237,19.88095238095238,2.067073170731707,191,194
SMA200 ±3% Band + Distance Scale 1-3x + RSI>30 Exit,0.004210411479052434,0.35167758266880217,-0.04254742267918494,-0.03590941218658763,-0.6503610056886444,0.006473960526883338,104.03410131153153,170,19.905059522722972,0.0,0.7840954274353876,0.987089510940627,,,55.91269841269841,5.396825396825397,18.333333333333332,20.357142857142858,2.3393339333933394,169,195
SMA200 ±3% Band + Distance Scale 1-3x + RSI>30 Exit,0.13946089489870794,0.3101401476892704,0.5214035008000243,0.5624724492291503,-0.5915522372111824,0.23575415005813055,352.18214437688766,220,90.90813640912926,0.0,0.6734207389749702,1.1323284698852472,,,28.015873015873016,34.285714285714285,22.380952380952383,15.317460317460318,1.7364939360529217,219,196
SMA200 ±3% Band + Distance Scale 1-3x + RSI>30 Exit,0.3040701106505006,0.3007154565776353,0.9679267121177211,0.9999950050843928,-0.44152189476801573,0.6886863692462296,1295.1680115378635,189,100.23482071008951,0.0,0.714683645045762,1.2823542230233331,,,36.507936507936506,23.65079365079365,23.84920634920635,15.99206349206349,1.879375,188,197
SMA200 ±3% Band + Distance Scale 1-3x + RSI>30 Exit,0.15293569845069754,0.3125437033360263,0.5184686663866362,0.5604548777725114,-0.4755413096459268,0.3216033924888012,394.4951627248238,164,55.789943854918285,0.0,0.6926751592356688,1.1379652460821177,,,34.20634920634921,29.08730158730159,20.07936507936508,16.626984126984127,1.810615199034982,163,198
SMA200 ±3% Band + Distance Scale 1-3x + RSI>30 Exit,0.3570783474752084,0.3491846145165828,0.9836251694562206,1.2057948196822283,-0.4952010827049498,0.7210774773042297,1902.5036941675987,269,170.16260009042293,0.0,0.6268894192521878,1.2387919302733799,,,19.126984126984127,31.46825396825397,27.26190476190476,22.142857142857142,1.8846908734052994,268,199
