Date,Close
2009-12-01,1542.14001465
2009-12-02,1560.39001465
2009-12-03,1560.39001465
2009-12-04,1566.64001465
2009-12-07,1570.72998047
2009-12-08,1570.72998047
2009-12-09,1570.72998047
2009-12-10,1570.72998047
2009-12-11,1570.72998047
2009-12-14,1570.72998047
2009-12-15,1577.69995117
2009-12-16,1577.69995117
2009-12-17,1577.69995117
2009-12-18,1577.69995117
2009-12-21,1577.69995117
2009-12-22,1577.69995117
2009-12-23,1615.58996582
2009-12-24,1615.58996582
2009-12-29,1615.58996582
2009-12-30,1615.58996582
2009-12-31,1615.58996582
2010-01-04,1615.58996582
2010-01-05,1644.51000977
2010-01-06,1644.51000977
2010-01-07,1652.43994141
2010-01-08,1652.61999512
2010-01-11,1644.55004883
2010-01-12,1636.41003418
2010-01-13,1636.41003418
2010-01-14,1636.41003418
2010-01-15,1622
2010-01-18,1622
2010-01-19,1622
2010-01-20,1622
2010-01-21,1622
2010-01-22,1589.18994141
2010-01-25,1561.32995605
2010-01-26,1568.58996582
2010-01-27,1548.56994629
2010-01-28,1548.56994629
2010-01-29,1548.56994629
2010-02-01,1567.36999512
2010-02-02,1567.36999512
2010-02-03,1567.36999512
2010-02-04,1553.48999023
2010-02-05,1553.48999023
2010-02-08,1553.48999023
2010-02-09,1557.15002441
2010-02-10,1557.15002441
2010-02-11,1557.15002441
2010-02-12,1557.15002441
2010-02-15,1557.15002441
2010-02-16,1581.75
2010-02-17,1593.09997559
2010-02-18,1593.09997559
2010-02-19,1593.09997559
2010-02-22,1625.38000488
2010-02-23,1612.18005371
2010-02-24,1612.18005371
2010-02-25,1619.17004395
2010-02-26,1646.2800293
2010-03-01,1684.80004883
2010-03-02,1705.82995605
2010-03-03,1701.44995117
2010-03-04,1695.39001465
2010-03-05,1708.43994141
2010-03-08,1722.61999512
2010-03-09,1733.4699707
2010-03-10,1733.4699707
2010-03-11,1733.4699707
2010-03-12,1733.4699707
2010-03-15,1730.39001465
2010-03-16,1736.04003906
2010-03-17,1736.04003906
2010-03-18,1736.04003906
2010-03-19,1750.31994629
2010-03-22,1747.85998535
2010-03-23,1747.85998535
2010-03-24,1770.31005859
2010-03-25,1783.98999023
2010-03-26,1783.98999023
2010-03-29,1776.06994629
2010-03-30,1776.06994629
2010-03-31,1776.06994629
2010-04-01,1757.05004883
2010-04-06,1757.05004883
2010-04-07,1762.84997559
2010-04-08,1749.39001465
2010-04-09,1759.07995605
2010-04-12,1767.23999023
2010-04-13,1759.73999023
2010-04-14,1770.60998535
2010-04-15,1770.60998535
2010-04-16,1751.04003906
2010-04-19,1751.04003906
2010-04-20,1771.17004395
2010-04-21,1756.47998047
2010-04-22,1739.40002441
2010-04-23,1758.33996582
2010-04-26,1758.33996582
2010-04-27,1758.33996582
2010-04-28,1734.18994141
2010-04-29,1734.18994141
2010-04-30,1745.06005859
2010-05-04,1745.06005859
2010-05-05,1693.55004883
2010-05-06,1685.7800293
2010-05-07,1657.06994629
2010-05-10,1657.06994629
2010-05-11,1657.06994629
2010-05-12,1657.06994629
2010-05-13,1753.17004395
2010-05-14,1705.06994629
2010-05-17,1705.06994629
2010-05-18,1726.06994629
2010-05-19,1683.77001953
2010-05-20,1658.82995605
2010-05-21,1658.82995605
2010-05-24,1646.11999512
2010-05-25,1605.69995117
2010-05-26,1605.69995117
2010-05-27,1605.69995117
2010-05-28,1665.26000977
2010-06-01,1633.08996582
2010-06-02,1633.08996582
2010-06-03,1654.27001953
2010-06-04,1654.27001953
2010-06-07,1607.75
2010-06-08,1605.34997559
2010-06-09,1605.34997559
2010-06-10,1605.34997559
2010-06-11,1605.34997559
2010-06-14,1652.77001953
2010-06-15,1652.77001953
2010-06-16,1652.77001953
2010-06-17,1652.77001953
2010-06-18,1676.52001953
2010-06-21,1676.52001953
2010-06-22,1676.52001953
2010-06-23,1676.52001953
2010-06-24,1676.52001953
2010-06-25,1676.52001953
2010-06-28,1676.52001953
2010-06-29,1549.14001465
2010-06-30,1549.14001465
2010-07-01,1549.14001465
2010-07-02,1549.14001465
2010-07-05,1549.14001465
2010-07-06,1550.86999512
2010-07-07,1550.86999512
2010-07-08,1550.86999512
2010-07-09,1605.93005371
2010-07-12,1605.93005371
2010-07-13,1605.93005371
2010-07-14,1605.93005371
2010-07-15,1605.93005371
2010-07-16,1605.93005371
2010-07-19,1605.93005371
2010-07-20,1605.93005371
2010-07-21,1602.01000977
2010-07-22,1624.61999512
2010-07-23,1624.61999512
2010-07-26,1624.61999512
2010-07-27,1624.61999512
2010-07-28,1612
2010-07-29,1612
2010-07-30,1597
2010-08-02,1597
2010-08-03,1597
2010-08-04,1597
2010-08-05,1620
2010-08-06,1596
2010-08-09,1596
2010-08-10,1617
2010-08-11,1617
2010-08-12,1617
2010-08-13,1578
2010-08-16,1578
2010-08-17,1608
2010-08-18,1608
2010-08-19,1575
2010-08-20,1570
2010-08-23,1574
2010-08-24,1561
2010-08-25,1546
2010-08-26,1550
2010-08-27,1567
2010-08-31,1567
2010-09-01,1609
2010-09-02,1609
2010-09-03,1632
2010-09-06,1647
2010-09-07,1647
2010-09-08,1647
2010-09-09,1647
2010-09-10,1647
2010-09-13,1671
2010-09-14,1671
2010-09-15,1653
2010-09-16,1650
2010-09-17,1650
2010-09-20,1678
2010-09-21,1678
2010-09-22,1668
2010-09-23,1654
2010-09-24,1665
2010-09-27,1665
2010-09-28,1671
2010-09-29,1671
2010-09-30,1671
2010-10-01,1664
2010-10-04,1651
2010-10-05,1677
2010-10-06,1691
2010-10-07,1688
2010-10-08,1692
2010-10-11,1698
2010-10-12,1703
2010-10-13,1725
2010-10-14,1709
2010-10-15,1709
2010-10-18,1719
2010-10-19,1721
2010-10-20,1722
2010-10-21,1739
2010-10-22,1739
2010-10-25,1746
2010-10-26,1719
2010-10-27,1707
2010-10-28,1706
2010-10-29,1706
2010-11-01,1702
2010-11-02,1718
2010-11-03,1706
2010-11-04,1706
2010-11-05,1737
2010-11-08,1737
2010-11-09,1737
2010-11-10,1737
2010-11-11,1721
2010-11-12,1711
2010-11-15,1722
2010-11-16,1700
2010-11-17,1700
2010-11-18,1726
2010-11-19,1725
2010-11-22,1718
2010-11-23,1698
2010-11-24,1727
2010-11-25,1735
2010-11-26,1735
2010-11-29,1735
2010-11-30,1735
2010-12-01,1747
2010-12-02,1747
2010-12-03,1747
2010-12-06,1769
2010-12-07,1769
2010-12-08,1761
2010-12-09,1772
2010-12-10,1772
2010-12-13,1772
2010-12-14,1797
2010-12-15,1806
2010-12-16,1802
2010-12-17,1802
2010-12-20,1811
2010-12-21,1832
2010-12-22,1848
2010-12-23,1846
2010-12-24,1843
2010-12-29,1851
2010-12-30,1851
2010-12-31,1851
2011-01-04,1844
2011-01-05,1855
2011-01-06,1851
2011-01-07,1835
2011-01-10,1820
2011-01-11,1840
2011-01-12,1850
2011-01-13,1841
2011-01-14,1839
2011-01-17,1835
2011-01-18,1841
2011-01-19,1832
2011-01-20,1820
2011-01-21,1825
2011-01-24,1835
2011-01-25,1847
2011-01-26,1856
2011-01-27,1852
2011-01-28,1843
2011-01-31,1823
2011-02-01,1842
2011-02-02,1844
2011-02-03,1839
2011-02-04,1849
2011-02-07,1863
2011-02-08,1871
2011-02-09,1864
2011-02-10,1858
2011-02-11,1876
2011-02-14,1877.5
2011-02-15,1863.5
2011-02-16,1884
2011-02-17,1878.5
2011-02-18,1878.5
2011-02-21,1859.5
2011-02-22,1863.5
2011-02-23,1838
2011-02-24,1841.5
2011-02-25,1860.5
2011-02-28,1857.5
2011-03-01,1844.5
2011-03-02,1834.5
2011-03-03,1857
2011-03-04,1853
2011-03-07,1847
2011-03-08,1857.5
2011-03-09,1844
2011-03-10,1833
2011-03-11,1826
2011-03-14,1785
2011-03-15,1776
2011-03-16,1753
2011-03-17,1771
2011-03-18,1779
2011-03-21,1803
2011-03-22,1792.5
2011-03-23,1802.5
2011-03-24,1837.5
2011-03-25,1851.5
2011-03-28,1849.5
2011-03-29,1853.5
2011-03-30,1863.5
2011-03-31,1863.5
2011-04-01,1875.5
2011-04-04,1869.5
2011-04-05,1852.5
2011-04-06,1852.5
2011-04-07,1850.05004883
2011-04-08,1847
2011-04-11,1850
2011-04-12,1835.5
2011-04-13,1843.5
2011-04-14,1827.5
2011-04-15,1838.5
2011-04-18,1811.5
2011-04-19,1816
2011-04-20,1848.5
2011-04-21,1840.5
2011-04-26,1865.5
2011-04-27,1857.5
2011-04-28,1868.5
2011-04-29,1868.5
2011-05-03,1883.5
2011-05-04,1859.5
2011-05-05,1855.5
2011-05-06,1873.5
2011-05-09,1864.5
2011-05-10,1879.5
2011-05-11,1863.5
2011-05-12,1863.5
2011-05-13,1867.5
2011-05-16,1865.5
2011-05-17,1841.5
2011-05-18,1868
2011-05-19,1871
2011-05-20,1858.5
2011-05-23,1837
2011-05-24,1835.5
2011-05-25,1831.5
2011-05-26,1824.5
2011-05-27,1834.5
2011-05-31,1852.5
2011-06-01,1847.5
2011-06-02,1825.5
2011-06-03,1821
2011-06-06,1814.5
2011-06-07,1805.5
2011-06-08,1794.5
2011-06-09,1802.5
2011-06-10,1791.5
2011-06-13,1784.5
2011-06-14,1798.5
2011-06-15,1789.5
2011-06-16,1786
2011-06-17,1793
2011-06-20,1785.5
2011-06-21,1812.5
2011-06-22,1827
2011-06-23,1796.5
2011-06-24,1805
2011-06-27,1807
2011-06-28,1825.5
2011-06-29,1850.5
2011-06-30,1872.5
2011-07-01,1887
2011-07-04,1894
2011-07-05,1887.5
2011-07-06,1893.5
2011-07-07,1914.5
2011-07-08,1885.5
2011-07-11,1863
2011-07-12,1859.5
2011-07-13,1866.5
2011-07-14,1848.5
2011-07-15,1839.5
2011-07-18,1826.5
2011-07-19,1840.5
2011-07-20,1855.5
2011-07-21,1867
2011-07-22,1866.5
2011-07-25,1870
2011-07-26,1855.5
2011-07-27,1831.5
2011-07-28,1829.5
2011-07-29,1800.5
2011-08-01,1796
2011-08-02,1773
2011-08-03,1731
2011-08-04,1685.5
2011-08-05,1636
2011-08-08,1596.5
2011-08-09,1603
2011-08-10,1575.5
2011-08-11,1604
2011-08-12,1639.5
2011-08-15,1647.5
2011-08-16,1649.5
2011-08-17,1641
2011-08-18,1569
2011-08-19,1555.5
2011-08-22,1560.5
2011-08-23,1576
2011-08-24,1607.5
2011-08-25,1612.5
2011-08-26,1613
2011-08-30,1660
2011-08-31,1693
2011-09-01,1698
2011-09-02,1650
2011-09-05,1603
2011-09-06,1610.5
2011-09-07,1663.5
2011-09-08,1659.5
2011-09-09,1620.5
2011-09-12,1600.5
2011-09-13,1620.5
2011-09-14,1643.5
2011-09-15,1670.5
2011-09-16,1680.5
2011-09-19,1663.5
2011-09-20,1689
2011-09-21,1671.5
2011-09-22,1604.5
2011-09-23,1604
2011-09-26,1605.5
2011-09-27,1662.5
2011-09-28,1645
2011-09-29,1637.5
2011-09-30,1613.5
2011-10-03,1602
2011-10-04,1558
2011-10-05,1605
2011-10-06,1649.5
2011-10-07,1643.5
2011-10-10,1677.5
2011-10-11,1685.5
2011-10-12,1700.5
2011-10-13,1676
2011-10-14,1697.5
2011-10-17,1693.5
2011-10-18,1691
2011-10-19,1701.5
2011-10-20,1681
2011-10-21,1698.5
2011-10-24,1724.5
2011-10-25,1702.5
2011-10-26,1700.5
2011-10-27,1755
2011-10-28,1764
2011-10-31,1721.5
2011-11-01,1671.5
2011-11-02,1691
2011-11-03,1711
2011-11-04,1700
2011-11-07,1694
2011-11-08,1706
2011-11-09,1694
2011-11-10,1680.5
2011-11-11,1707
2011-11-14,1710
2011-11-15,1702
2011-11-16,1712
2011-11-17,1685
2011-11-18,1670
2011-11-21,1636
2011-11-22,1631.5
2011-11-23,1615
2011-11-24,1614
2011-11-25,1620
2011-11-28,1660.5
2011-11-29,1662
2011-11-30,1707.5
2011-12-01,1713.5
2011-12-02,1739
2011-12-05,1743.5
2011-12-06,1741
2011-12-07,1728
2011-12-08,1712.5
2011-12-09,1727
2011-12-12,1696.5
2011-12-13,1708
2011-12-14,1677.5
2011-12-15,1682
2011-12-16,1684
2011-12-19,1668
2011-12-20,1685
2011-12-21,1676.5
2011-12-22,1695.5
2011-12-23,1713.5
2011-12-28,1717
2011-12-29,1733.5
2011-12-30,1736.5
2012-01-03,1756.5
2012-01-04,1748
2012-01-05,1753
2012-01-06,1757
2012-01-09,1752
2012-01-10,1777.5
2012-01-11,1780.5
2012-01-12,1786.5
2012-01-13,1781
2012-01-16,1791.5
2012-01-17,1799.5
2012-01-18,1799
2012-01-19,1816.5
2012-01-20,1804.5
2012-01-23,1814.5
2012-01-24,1806.5
2012-01-25,1808.5
2012-01-26,1817.5
2012-01-27,1813.5
2012-01-30,1796.5
2012-01-31,1789.5
2012-02-01,1812.5
2012-02-02,1816.5
2012-02-03,1843.5
2012-02-06,1835.5
2012-02-07,1838.5
2012-02-08,1843.5
2012-02-09,1848.5
2012-02-10,1838.5
2012-02-13,1848
2012-02-14,1855.5
2012-02-15,1858.5
2012-02-16,1846.5
2012-02-17,1860.5
2012-02-20,1870
2012-02-21,1877.5
2012-02-22,1879.5
2012-02-23,1881.5
2012-02-24,1876.5
2012-02-27,1874.5
2012-02-28,1876.5
2012-02-29,1859.5
2012-03-01,1868.5
2012-03-02,1876.5
2012-03-05,1859.5
2012-03-06,1840.5
2012-03-07,1848.5
2012-03-08,1864.5
2012-03-09,1888.5
2012-03-12,1886
2012-03-13,1897
2012-03-14,1905.5
2012-03-15,1913
2012-03-16,1910
2012-03-19,1909
2012-03-20,1894.5
2012-03-21,1897.5
2012-03-22,1884
2012-03-23,1884
2012-03-26,1897
2012-03-27,1898
2012-03-28,1895
2012-03-29,1866.5
2012-03-30,1879.5
2012-04-02,1890.5
2012-04-03,1888.5
2012-04-04,1856.5
2012-04-05,1868.5
2012-04-10,1829.5
2012-04-11,1826.5
2012-04-12,1843.5
2012-04-13,1833.5
2012-04-16,1833.5
2012-04-17,1853
2012-04-18,1835
2012-04-19,1830.5
2012-04-20,1829
2012-04-23,1795
2012-04-24,1811.5
2012-04-25,1826.5
2012-04-26,1828.5
2012-04-27,1833.5
2012-04-30,1827.5
2012-05-01,1846
2012-05-02,1827
2012-05-03,1826.5
2012-05-04,1796.5
2012-05-08,1765
2012-05-09,1769.5
2012-05-10,1774
2012-05-11,1786
2012-05-14,1750.5
2012-05-15,1745.5
2012-05-16,1744
2012-05-17,1737.5
2012-05-18,1723
2012-05-21,1729
2012-05-22,1756.5
2012-05-23,1721
2012-05-24,1747.5
2012-05-25,1749.5
2012-05-29,1762.5
2012-05-30,1748
2012-05-31,1748
2012-06-01,1727.5
2012-06-06,1760.5
2012-06-07,1764.5
2012-06-08,1767
2012-06-11,1762
2012-06-12,1759.5
2012-06-13,1763.5
2012-06-14,1771
2012-06-15,1774
2012-06-18,1775.5
2012-06-19,1797
2012-06-20,1797.5
2012-06-21,1791
2012-06-22,1777.5
2012-06-25,1755
2012-06-26,1749
2012-06-27,1783
2012-06-28,1770
2012-06-29,1808
2012-07-02,1814.5
2012-07-03,1841
2012-07-04,1848
2012-07-05,1846
2012-07-06,1822
2012-07-09,1815
2012-07-10,1819.5
2012-07-11,1806
2012-07-12,1800
2012-07-13,1811
2012-07-16,1808
2012-07-17,1804
2012-07-18,1826
2012-07-19,1829
2012-07-20,1817
2012-07-23,1792
2012-07-24,1787
2012-07-25,1786
2012-07-26,1798.5
2012-07-27,1825
2012-07-30,1839.5
2012-07-31,1843
2012-08-01,1852
2012-08-02,1833
2012-08-03,1865
2012-08-06,1875
2012-08-07,1886
2012-08-08,1882.5
2012-08-09,1887.5
2012-08-10,1875.5
2012-08-13,1872.5
2012-08-14,1885
2012-08-15,1878
2012-08-16,1885.5
2012-08-17,1897
2012-08-20,1891.5
2012-08-21,1902.5
2012-08-22,1877.5
2012-08-23,1871.5
2012-08-24,1881
2012-08-28,1875.5
2012-08-29,1867.5
2012-08-30,1858
2012-08-31,1865.5
2012-09-03,1864.5
2012-09-04,1847.5
2012-09-05,1849.5
2012-09-06,1884
2012-09-07,1890.5
2012-09-10,1892
2012-09-11,1892.5
2012-09-12,1891
2012-09-13,1892
2012-09-14,1924.5
2012-09-17,1914
2012-09-18,1908.5
2012-09-19,1916
2012-09-20,1902.5
2012-09-21,1910
2012-09-24,1901.5
2012-09-25,1907.5
2012-09-26,1878
2012-09-27,1881
2012-09-28,1875
2012-10-01,1902.5
2012-10-02,1890.5
2012-10-03,1901
2012-10-04,1900.5
2012-10-05,1915
2012-10-08,1912
2012-10-09,1897.5
2012-10-10,1890.5
2012-10-11,1898.5
2012-10-12,1880.5
2012-10-15,1892
2012-10-16,1914.5
2012-10-17,1922.5
2012-10-18,1927.5
2012-10-19,1919.5
2012-10-22,1907
2012-10-23,1887.5
2012-10-24,1885
2012-10-25,1871.5
2012-10-26,1873
2012-10-29,1872
2012-10-30,1879.5
2012-10-31,1869
2012-11-01,1888.5
2012-11-02,1896
2012-11-05,1889.5
2012-11-06,1899
2012-11-07,1864.5
2012-11-08,1864.5
2012-11-09,1865
2012-11-12,1862
2012-11-13,1868
2012-11-14,1854.5
2012-11-15,1839
2012-11-16,1829
2012-11-19,1870.5
2012-11-20,1875
2012-11-21,1875.5
2012-11-22,1880.5
2012-11-23,1888.5
2012-11-26,1883
2012-11-27,1888
2012-11-28,1885.5
2012-11-29,1906
2012-11-30,1906
2012-12-03,1897.5
2012-12-04,1890
2012-12-05,1895
2012-12-06,1906.5
2012-12-07,1912.5
2012-12-10,1913.5
2012-12-11,1923.5
2012-12-12,1923.5
2012-12-13,1917.5
2012-12-14,1912
2012-12-17,1912
2012-12-18,1932
2012-12-19,1933.5
2012-12-20,1929.5
2012-12-21,1928.5
2012-12-24,1927
2012-12-27,1920.5
2012-12-28,1912
2012-12-31,1896
2013-01-02,1954
2013-01-03,1972
2013-01-04,1981.5
2013-01-07,1976
2013-01-08,1971.5
2013-01-09,1988.5
2013-01-10,1985.5
2013-01-11,1992.5
2013-01-14,2001.5
2013-01-15,1995
2013-01-16,2007
2013-01-17,2020.5
2013-01-18,2032.5
2013-01-21,2040.5
2013-01-22,2035
2013-01-23,2042
2013-01-24,2066
2013-01-25,2065
2013-01-28,2080.5
2013-01-29,2084.5
2013-01-30,2079
2013-01-31,2063
2013-02-01,2094
2013-02-04,2069
2013-02-05,2090.5
2013-02-06,2090
2013-02-07,2069
2013-02-08,2070.5
2013-02-11,2092
2013-02-12,2100
2013-02-13,2115.5
2013-02-14,2114.5
2013-02-15,2114.5
2013-02-18,2119
2013-02-19,2141
2013-02-20,2155.5
2013-02-21,2121.5
2013-02-22,2134.5
2013-02-25,2166.5
2013-02-26,2123.5
2013-02-27,2149
2013-02-28,2158
2013-03-01,2170.5
2013-03-04,2166
2013-03-05,2193.5
2013-03-06,2200
2013-03-07,2210
2013-03-08,2229
2013-03-11,2240
2013-03-12,2242
2013-03-13,2236
2013-03-14,2228
2013-03-15,2223
2013-03-18,2215
2013-03-19,2197.5
2013-03-20,2211.5
2013-03-21,2196
2013-03-22,2191
2013-03-25,2188.5
2013-03-26,2201.5
2013-03-27,2202.5
2013-03-28,2202.5
2013-04-02,2222
2013-04-03,2201.5
2013-04-04,2192.5
2013-04-05,2157
2013-04-08,2174
2013-04-09,2180.5
2013-04-10,2214.5
2013-04-11,2223.5
2013-04-12,2205
2013-04-15,2201
2013-04-16,2194
2013-04-17,2172
2013-04-18,2165
2013-04-19,2178.5
2013-04-22,2178.5
2013-04-23,2213.5
2013-04-24,2223
2013-04-25,2211.5
2013-04-26,2198.5
2013-04-29,2213.5
2013-04-30,2210.5
2013-05-01,2211
2013-05-02,2220
2013-05-03,2237.5
2013-05-07,2256
2013-05-08,2257.5
2013-05-09,2265.5
2013-05-10,2283.5
2013-05-13,2292.5
2013-05-14,2314
2013-05-15,2326.5
2013-05-16,2316
2013-05-17,2333
2013-05-20,2344
2013-05-21,2352.5
2013-05-22,2384.5
2013-05-23,2322
2013-05-24,2303.5
2013-05-28,2349
2013-05-29,2303
2013-05-30,2306.5
2013-05-31,2299
2013-06-03,2240.5
2013-06-04,2267.5
2013-06-05,2219
2013-06-06,2188.5
2013-06-07,2226
2013-06-10,2228
2013-06-11,2212
2013-06-12,2191
2013-06-13,2182.5
2013-06-14,2195.5
2013-06-17,2214
2013-06-18,2233.5
2013-06-19,2229
2013-06-20,2175
2013-06-21,2163.5
2013-06-24,2122.5
2013-06-25,2154
2013-06-26,2182
2013-06-27,2223.5
2013-06-28,2221
2013-07-01,2238
2013-07-02,2246.5
2013-07-03,2213.5
2013-07-04,2271.5
2013-07-05,2276
2013-07-08,2298.5
2013-07-09,2326.5
2013-07-10,2312
2013-07-11,2322
2013-07-12,2328.5
2013-07-15,2341
2013-07-16,2333
2013-07-17,2330.5
2013-07-18,2343
2013-07-19,2335.5
2013-07-22,2329.5
2013-07-23,2328
2013-07-24,2330
2013-07-25,2317
2013-07-26,2307
2013-07-29,2308
2013-07-30,2330
2013-07-31,2341
2013-08-01,2365.5
2013-08-02,2352
2013-08-05,2349.5
2013-08-06,2334.5
2013-08-07,2300
2013-08-08,2304
2013-08-09,2311.5
2013-08-12,2319.5
2013-08-13,2321.5
2013-08-14,2316.5
2013-08-15,2282.5
2013-08-16,2278.5
2013-08-19,2264.5
2013-08-20,2256
2013-08-21,2239.5
2013-08-22,2264
2013-08-23,2278.5
2013-08-27,2258
2013-08-28,2248
2013-08-29,2261.5
2013-08-30,2242.5
2013-09-02,2260.5
2013-09-03,2258
2013-09-04,2253.5
2013-09-05,2264
2013-09-06,2270
2013-09-09,2268.5
2013-09-10,2296.5
2013-09-11,2285.5
2013-09-12,2289.5
2013-09-13,2282
2013-09-16,2298
2013-09-17,2298
2013-09-18,2291
2013-09-19,2317.5
2013-09-20,2314
2013-09-23,2289.5
2013-09-24,2303.5
2013-09-25,2291
2013-09-26,2296
2013-09-27,2275
2013-09-30,2253
2013-10-01,2262
2013-10-02,2252
2013-10-03,2250.5
2013-10-04,2268.5
2013-10-07,2260
2013-10-08,2246
2013-10-09,2244.5
2013-10-10,2284
2013-10-11,2302.5
2013-10-14,2298
2013-10-15,2316.5
2013-10-16,2331.5
2013-10-17,2313.5
2013-10-18,2331
2013-10-21,2339.5
2013-10-22,2345
2013-10-23,2338
2013-10-24,2350
2013-10-25,2350.5
2013-10-28,2360
2013-10-29,2380.5
2013-10-30,2373.5
2013-10-31,2368
2013-11-01,2369.5
2013-11-04,2373.5
2013-11-05,2355
2013-11-06,2364.5
2013-11-07,2348
2013-11-08,2357
2013-11-11,2373.5
2013-11-12,2378
2013-11-13,2358.5
2013-11-14,2376.5
2013-11-15,2382.5
2013-11-18,2394
2013-11-19,2380.5
2013-11-20,2372
2013-11-21,2370.5
2013-11-22,2370.5
2013-11-25,2384
2013-11-26,2375.5
2013-11-27,2366.5
2013-11-28,2362
2013-11-29,2361
2013-12-02,2352
2013-12-03,2325.5
2013-12-04,2326.5
2013-12-05,2323
2013-12-06,2336
2013-12-09,2342
2013-12-10,2329
2013-12-11,2322.5
2013-12-12,2306.5
2013-12-13,2309
2013-12-16,2328
2013-12-17,2320
2013-12-18,2312.5
2013-12-19,2337
2013-12-20,2359
2013-12-23,2374.5
2013-12-24,2372.5
2013-12-27,2380.5
2013-12-30,2379
2013-12-31,2376
2014-01-02,2374.5
2014-01-03,2373.5
2014-01-06,2367.5
2014-01-07,2383.5
2014-01-08,2374
2014-01-09,2365.5
2014-01-10,2375.5
2014-01-13,2393.5
2014-01-14,2378
2014-01-15,2405
2014-01-16,2405
2014-01-17,2395.5
2014-01-20,2395.5
2014-01-21,2384
2014-01-22,2375
2014-01-23,2354
2014-01-24,2327
2014-01-27,2295
2014-01-28,2302.5
2014-01-29,2301
2014-01-30,2311.5
2014-01-31,2305.5
2014-02-03,2289.5
2014-02-04,2284.5
2014-02-05,2284
2014-02-06,2314
2014-02-07,2325.5
2014-02-10,2333.5
2014-02-11,2352
2014-02-12,2343.5
2014-02-13,2342
2014-02-14,2340
2014-02-17,2351
2014-02-18,2364.5
2014-02-19,2362.5
2014-02-20,2356.5
2014-02-21,2373.5
2014-02-24,2388
2014-02-25,2380
2014-02-26,2383
2014-02-27,2374
2014-02-28,2379.5
2014-03-03,2344.5
2014-03-04,2393.5
2014-03-05,2383
2014-03-06,2399
2014-03-07,2386
2014-03-10,2393
2014-03-11,2390
2014-03-12,2381
2014-03-13,2359
2014-03-14,2351
2014-03-17,2366.5
2014-03-18,2390
2014-03-19,2379
2014-03-20,2386.5
2014-03-21,2398.5
2014-03-24,2369
2014-03-25,2382
2014-03-26,2388.5
2014-03-27,2369
2014-03-28,2386
2014-03-31,2390.5
2014-04-01,2405
2014-04-02,2417.5
2014-04-03,2419.5
2014-04-04,2422.5
2014-04-07,2387.5
2014-04-08,2364.5
2014-04-09,2372
2014-04-10,2366
2014-04-11,2347
2014-04-14,2345.5
2014-04-15,2336.5
2014-04-16,2357.5
2014-04-17,2369
2014-04-22,2387.5
2014-04-23,2389.5
2014-04-24,2389
2014-04-25,2371
2014-04-28,2372.5
2014-04-29,2387
2014-04-30,2382
2014-05-01,2392
2014-05-02,2389
2014-05-06,2372.5
2014-05-07,2365
2014-05-08,2387.5
2014-05-09,2382
2014-05-12,2399.5
2014-05-13,2412.5
2014-05-14,2419
2014-05-15,2387
2014-05-16,2391
2014-05-19,2399
2014-05-20,2390
2014-05-21,2391
2014-05-22,2407
2014-05-23,2413.5
2014-05-27,2432.5
2014-05-28,2445
2014-05-29,2451
2014-05-30,2447.5
2014-06-02,2457
2014-06-03,2453.5
2014-06-04,2457.5
2014-06-05,2457.5
2014-06-06,2475.5
2014-06-09,2482
2014-06-10,2481.5
2014-06-11,2470.5
2014-06-12,2462.5
2014-06-13,2442.5
2014-06-16,2436.5
2014-06-17,2441
2014-06-18,2448.5
2014-06-19,2456
2014-06-20,2465
2014-06-23,2458.5
2014-06-24,2470.5
2014-06-25,2454
2014-06-26,2444.5
2014-06-27,2450.5
2014-06-30,2448.5
2014-07-01,2456
2014-07-02,2456
2014-07-03,2469
2014-07-04,2465.5
2014-07-07,2456.5
2014-07-08,2436.25
2014-07-09,2444.5
2014-07-10,2427.5
2014-07-11,2429.5
2014-07-14,2457.5
2014-07-15,2438.5
2014-07-16,2452
2014-07-17,2443.25
2014-07-18,2451
2014-07-21,2447.25
2014-07-22,2465.5
2014-07-23,2471
2014-07-24,2486
2014-07-25,2469.5
2014-07-28,2468
2014-07-29,2476
2014-07-30,2470.5
2014-07-31,2444.5
2014-08-01,2430
2014-08-04,2429.5
2014-08-05,2426.25
2014-08-06,2415.5
2014-08-07,2405.5
2014-08-08,2408.5
2014-08-11,2441.5
2014-08-12,2427
2014-08-13,2462.5
2014-08-14,2469
2014-08-15,2462.5
2014-08-18,2484.5
2014-08-19,2507
2014-08-20,2506
2014-08-21,2524
2014-08-22,2520
2014-08-26,2542.5
2014-08-27,2538
2014-08-28,2528.5
2014-08-29,2532.5
2014-09-01,2530
2014-09-02,2547.5
2014-09-03,2563
2014-09-04,2575.5
2014-09-05,2571
2014-09-08,2601
2014-09-09,2594.5
2014-09-10,2582.5
2014-09-11,2570.5
2014-09-12,2567.5
2014-09-15,2556.5
2014-09-16,2565.5
2014-09-17,2560.5
2014-09-18,2565.5
2014-09-19,2571.5
2014-09-22,2547.5
2014-09-23,2529.5
2014-09-24,2537
2014-09-25,2519.5
2014-09-26,2524.5
2014-09-29,2524.5
2014-09-30,2534
2014-10-01,2508.5
2014-10-02,2481.5
2014-10-03,2529.5
2014-10-06,2531
2014-10-07,2499.5
2014-10-08,2486
2014-10-09,2488.25
2014-10-10,2455
2014-10-13,2435
2014-10-14,2448.25
2014-10-15,2394.5
2014-10-16,2394.5
2014-10-17,2431
2014-10-20,2423.25
2014-10-21,2462
2014-10-22,2489.5
2014-10-23,2503.5
2014-10-24,2497.25
2014-10-27,2487
2014-10-28,2505.5
2014-10-29,2519
2014-10-30,2537.5
2014-10-31,2579
2014-11-03,2579.5
2014-11-04,2555.5
2014-11-05,2577
2014-11-06,2596.5
2014-11-07,2604.5
2014-11-10,2609
2014-11-11,2614.5
2014-11-12,2615
2014-11-13,2637.5
2014-11-14,2650
2014-11-17,2644.5
2014-11-18,2667
2014-11-19,2655.5
2014-11-20,2656.5
2014-11-21,2683
2014-11-24,2677.5
2014-11-25,2675
2014-11-26,2673
2014-11-27,2684.5
2014-11-28,2694
2014-12-01,2658.5
2014-12-02,2682.5
2014-12-03,2676.5
2014-12-04,2665.5
2014-12-05,2700
2014-12-08,2681
2014-12-09,2636
2014-12-10,2629
2014-12-11,2634.5
2014-12-12,2581
2014-12-15,2558
2014-12-16,2578
2014-12-17,2571
2014-12-18,2621
2014-12-19,2657
2014-12-22,2666.5
2014-12-23,2695
2014-12-24,2693.5
2014-12-29,2702
2014-12-30,2678
2014-12-31,2675
2015-01-02,2677.5
2015-01-05,2650.5
2015-01-06,2640
2015-01-07,2663
2015-01-08,2716
2015-01-09,2682.5
2015-01-12,2680
2015-01-13,2700.5
2015-01-14,2637
2015-01-15,2657.5
2015-01-16,2671
2015-01-19,2685.5
2015-01-20,2680
2015-01-21,2714.5
2015-01-22,2741.5
2015-01-23,2759
2015-01-26,2750.5
2015-01-27,2710
2015-01-28,2713.5
2015-01-29,2701.5
2015-01-30,2709
2015-02-02,2718.5
2015-02-03,2734.5
2015-02-04,2738
2015-02-05,2736
2015-02-06,2747.5
2015-02-09,2735.5
2015-02-10,2734.5
2015-02-11,2740
2015-02-12,2736.5
2015-02-13,2761
2015-02-16,2762.5
2015-02-17,2770
2015-02-18,2761.5
2015-02-19,2769.5
2015-02-20,2776.5
2015-02-23,2776.5
2015-02-24,2790.5
2015-02-25,2782.5
2015-02-26,2794.5
2015-02-27,2786.5
2015-03-02,2802.5
2015-03-03,2788
2015-03-04,2795
2015-03-05,2812
2015-03-06,2815
2015-03-09,2797
2015-03-10,2758
2015-03-11,2785
2015-03-12,2814
2015-03-13,2823.5
2015-03-16,2850
2015-03-17,2856
2015-03-18,2868.5
2015-03-19,2887
2015-03-20,2892
2015-03-23,2894.5
2015-03-24,2907.5
2015-03-25,2870.5
2015-03-26,2855
2015-03-27,2846
2015-03-30,2887.5
2015-03-31,2861.5
2015-04-01,2851.5
2015-04-02,2867.5
2015-04-07,2899
2015-04-08,2881.5
2015-04-09,2915
2015-04-10,2957.5
2015-04-13,2954.5
2015-04-14,2925.5
2015-04-15,2938
2015-04-16,2915.5
2015-04-17,2877.5
2015-04-20,2905.5
2015-04-21,2907.5
2015-04-22,2888.5
2015-04-23,2895.5
2015-04-24,2890.5
2015-04-27,2895
2015-04-28,2859.5
2015-04-29,2826
2015-04-30,2830.5
2015-05-01,2867
2015-05-05,2850
2015-05-06,2832
2015-05-07,2836.5
2015-05-08,2841
2015-05-11,2807
2015-05-12,2778.5
2015-05-13,2775.5
2015-05-14,2792.5
2015-05-15,2792
2015-05-18,2815.5
2015-05-19,2846.5
2015-05-20,2836.5
2015-05-21,2826.5
2015-05-22,2849
2015-05-26,2828.5
2015-05-27,2860
2015-05-28,2862.5
2015-05-29,2843
2015-06-01,2859.5
2015-06-02,2840
2015-06-03,2858
2015-06-04,2832.5
2015-06-05,2826.5
2015-06-08,2810.5
2015-06-09,2786
2015-06-10,2798
2015-06-11,2810
2015-06-12,2780
2015-06-15,2758.5
2015-06-16,2756.5
2015-06-17,2739.5
2015-06-18,2743.5
2015-06-19,2742.5
2015-06-22,2790
2015-06-23,2791.5
2015-06-24,2792
2015-06-25,2782
2015-06-26,2768.5
2015-06-29,2715
2015-06-30,2703
2015-07-01,2737.5
2015-07-02,2738
2015-07-03,2740
2015-07-06,2718.5
2015-07-07,2705
2015-07-08,2726
2015-07-09,2744
2015-07-10,2758.5
2015-07-13,2775.5
2015-07-14,2782.5
2015-07-15,2781.5
2015-07-16,2796.5
2015-07-17,2788.5
2015-07-20,2803.5
2015-07-21,2799.5
2015-07-22,2767
2015-07-23,2785.5
2015-07-24,2764.5
2015-07-27,2726.5
2015-07-28,2734.5
2015-07-29,2755
2015-07-30,2758.5
2015-07-31,2774.5
2015-08-03,2768.5
2015-08-04,2761.5
2015-08-05,2780
2015-08-06,2770
2015-08-07,2762.5
2015-08-10,2783.5
2015-08-11,2747.5
2015-08-12,2706.5
2015-08-13,2739.5
2015-08-14,2733.5
2015-08-17,2747
2015-08-18,2734.5
2015-08-19,2700.5
2015-08-20,2668.5
2015-08-21,2602.5
2015-08-24,2476
2015-08-25,2543.5
2015-08-26,2524
2015-08-27,2630.5
2015-08-28,2647.5
2015-09-01,2572.5
2015-09-02,2579.5
2015-09-03,2634
2015-09-04,2583.5
2015-09-07,2583.5
2015-09-08,2593.5
2015-09-09,2618
2015-09-10,2577.5
2015-09-11,2579.5
2015-09-14,2584.5
2015-09-15,2609.5
2015-09-16,2619.5
2015-09-17,2623
2015-09-18,2574.5
2015-09-21,2589.5
2015-09-22,2543.5
2015-09-23,2571
2015-09-24,2530.5
2015-09-25,2603.5
2015-09-28,2534
2015-09-29,2525.5
2015-09-30,2566.5
2015-10-01,2565
2015-10-02,2562
2015-10-05,2651
2015-10-06,2659.5
2015-10-07,2641
2015-10-08,2661.5
2015-10-09,2694.5
2015-10-12,2680.5
2015-10-13,2690.5
2015-10-14,2634.5
2015-10-15,2650
2015-10-16,2675.5
2015-10-19,2667
2015-10-20,2671.5
2015-10-21,2670
2015-10-22,2696
2015-10-23,2736
2015-10-26,2733.5
2015-10-27,2723.5
2015-10-28,2749.5
2015-10-29,2746.5
2015-10-30,2720
2015-11-02,2730.5
2015-11-03,2745.5
2015-11-04,2746.5
2015-11-05,2764
2015-11-06,2779.5
2015-11-09,2747.5
2015-11-10,2749
2015-11-11,2746.5
2015-11-12,2721.5
2015-11-13,2686.5
2015-11-16,2683
2015-11-17,2729
2015-11-18,2732
2015-11-19,2742.5
2015-11-20,2769.5
2015-11-23,2775.5
2015-11-24,2769.5
2015-11-25,2777
2015-11-26,2788.5
2015-11-27,2788
2015-11-30,2782.5
2015-12-01,2794
2015-12-02,2817.5
2015-12-03,2769.5
2015-12-04,2756
2015-12-07,2753.5
2015-12-08,2750.5
2015-12-09,2723.5
2015-12-10,2711.5
2015-12-11,2662.5
2015-12-14,2641
2015-12-15,2707.5
2015-12-16,2724.5
2015-12-17,2753
2015-12-18,2718.5
2015-12-21,2713.5
2015-12-22,2736
2015-12-23,2772
2015-12-24,2768.5
2015-12-29,2813
2015-12-30,2799
2015-12-31,2783.5
2016-01-04,2723
2016-01-05,2744.5
2016-01-06,2728.5
2016-01-07,2693.5
2016-01-08,2661
2016-01-11,2639
2016-01-12,2673.5
2016-01-13,2674.5
2016-01-14,2649.5
2016-01-15,2619
2016-01-18,2618
2016-01-19,2664
2016-01-20,2571
2016-01-21,2619.5
2016-01-22,2647.5
2016-01-25,2650
2016-01-26,2645.5
2016-01-27,2667.5
2016-01-28,2629
2016-01-29,2701.5
2016-02-01,2687.5
2016-02-02,2650
2016-02-03,2592
2016-02-04,2622.5
2016-02-05,2602.5
2016-02-08,2553
2016-02-09,2544
2016-02-10,2556.5
2016-02-11,2499.5
2016-02-12,2543
2016-02-15,2597.5
2016-02-16,2613.5
2016-02-17,2672
2016-02-18,2666
2016-02-19,2657.5
2016-02-22,2731.5
2016-02-23,2709.5
2016-02-24,2689.5
2016-02-25,2742.5
2016-02-26,2787
2016-02-29,2768
2016-03-01,2793.5
2016-03-02,2793.5
2016-03-03,2780.5
2016-03-04,2807.5
2016-03-07,2799
2016-03-08,2780.5
2016-03-09,2788.5
2016-03-10,2760
2016-03-11,2799.5
2016-03-14,2815.5
2016-03-15,2825.5
2016-03-16,2842
2016-03-17,2808
2016-03-18,2820
2016-03-21,2831.5
2016-03-22,2870.5
2016-03-23,2878
2016-03-24,2834
2016-03-29,2825
2016-03-30,2853.5
2016-03-31,2846.5
2016-04-01,2866
2016-04-04,2855.5
2016-04-05,2846
2016-04-06,2868
2016-04-07,2857
2016-04-08,2877
2016-04-11,2857.5
2016-04-12,2870.5
2016-04-13,2911
2016-04-14,2941
2016-04-15,2926
2016-04-18,2923.5
2016-04-19,2928.5
2016-04-20,2939.5
2016-04-21,2943
2016-04-22,2911
2016-04-25,2882
2016-04-26,2876
2016-04-27,2883
2016-04-28,2879.5
2016-04-29,2824.5
2016-05-03,2831
2016-05-04,2822.5
2016-05-05,2821.5
2016-05-06,2825.5
2016-05-09,2840.5
2016-05-10,2859
2016-05-11,2856.5
2016-05-12,2833
2016-05-13,2860.5
2016-05-16,2855
2016-05-17,2838.5
2016-05-18,2809.5
2016-05-19,2775.5
2016-05-20,2823.5
2016-05-23,2827.5
2016-05-24,2829
2016-05-25,2837.5
2016-05-26,2846
2016-05-27,2860
2016-05-31,2873
2016-06-01,2893
2016-06-02,2890
2016-06-03,2876.5
2016-06-06,2914.5
2016-06-07,2912
2016-06-08,2914.5
2016-06-09,2909.5
2016-06-10,2902.5
2016-06-13,2897.5
2016-06-14,2878.5
2016-06-15,2885
2016-06-16,2876.5
2016-06-17,2855.5
2016-06-20,2845.5
2016-06-21,2848
2016-06-22,2853.5
2016-06-23,2859
2016-06-24,2975.5
2016-06-27,2974
2016-06-28,2989
2016-06-29,3022.5
2016-06-30,3101
2016-07-01,3134.5
2016-07-04,3122.5
2016-07-05,3153
2016-07-06,3166.5
2016-07-07,3184.5
2016-07-08,3214.5
2016-07-11,3242.5
2016-07-12,3209.5
2016-07-13,3218
2016-07-14,3205
2016-07-15,3219.5
2016-07-18,3211.5
2016-07-19,3236
2016-07-20,3251.5
2016-07-21,3236.5
2016-07-22,3262.5
2016-07-25,3247
2016-07-26,3251
2016-07-27,3258.5
2016-07-28,3249
2016-07-29,3242.5
2016-08-01,3261.5
2016-08-02,3201.5
2016-08-03,3197
2016-08-04,3256.5
2016-08-05,3299
2016-08-08,3306.5
2016-08-09,3336.5
2016-08-10,3328.5
2016-08-11,3359
2016-08-12,3366
2016-08-15,3394.5
2016-08-16,3350.5
2016-08-17,3324.5
2016-08-18,3312.5
2016-08-19,3323.5
2016-08-22,3301
2016-08-23,3312.5
2016-08-24,3291.5
2016-08-25,3292.5
2016-08-26,3302.5
2016-08-30,3307.5
2016-08-31,3289
2016-09-01,3244
2016-09-02,3279.5
2016-09-05,3277
2016-09-06,3258
2016-09-07,3282
2016-09-08,3290.5
2016-09-09,3260
2016-09-12,3218.5
2016-09-13,3225.5
2016-09-14,3229
2016-09-15,3242
2016-09-16,3249
2016-09-19,3284
2016-09-20,3304.5
2016-09-21,3318.5
2016-09-22,3336.5
2016-09-23,3361
2016-09-26,3321
2016-09-27,3318.5
2016-09-28,3322.5
2016-09-29,3344.5
2016-09-30,3339.5
2016-10-03,3375.5
2016-10-04,3404.5
2016-10-05,3401
2016-10-06,3416
2016-10-07,3466.5
2016-10-10,3500
2016-10-11,3498.5
2016-10-12,3498
2016-10-13,3473.5
2016-10-14,3504.5
2016-10-17,3487
2016-10-18,3480
2016-10-19,3496
2016-10-20,3496.5
2016-10-21,3503.5
2016-10-24,3522.5
2016-10-25,3526
2016-10-26,3501.5
2016-10-27,3512
2016-10-28,3519
2016-10-31,3492
2016-11-01,3461.5
2016-11-02,3427.5
2016-11-03,3378.5
2016-11-04,3353
2016-11-07,3417.5
2016-11-08,3436
2016-11-09,3428
2016-11-10,3418
2016-11-11,3389.5
2016-11-14,3424.5
2016-11-15,3450.5
2016-11-16,3444
2016-11-17,3454
2016-11-18,3480
2016-11-21,3454.5
2016-11-22,3472
2016-11-23,3467
2016-11-24,3474.5
2016-11-25,3481
2016-11-28,3480.5
2016-11-29,3466.5
2016-11-30,3470.5
2016-12-01,3431.5
2016-12-02,3406.5
2016-12-05,3420
2016-12-06,3423
2016-12-07,3476
2016-12-08,3522.5
2016-12-09,3530
2016-12-12,3508
2016-12-13,3529
2016-12-14,3519.5
2016-12-15,3581
2016-12-16,3554.5
2016-12-19,3578.5
2016-12-20,3606
2016-12-21,3600.5
2016-12-22,3606.5
2016-12-23,3620
2016-12-28,3630.5
2016-12-29,3615.5
2016-12-30,3607
2017-01-03,3622.5
2017-01-04,3642.5
2017-01-05,3618
2017-01-06,3656
2017-01-09,3698
2017-01-10,3702
2017-01-11,3705
2017-01-12,3676.5
2017-01-13,3712
2017-01-16,3735.5
2017-01-17,3643
2017-01-18,3657
2017-01-19,3651
2017-01-20,3656.5
2017-01-23,3601.5
2017-01-24,3608.5
2017-01-25,3624
2017-01-26,3629.5
2017-01-27,3635.5
2017-01-30,3604.5
2017-01-31,3591.5
2017-02-01,3581.5
2017-02-02,3620.5
2017-02-03,3653.5
2017-02-06,3653
2017-02-07,3645
2017-02-08,3631.5
2017-02-09,3652.5
2017-02-10,3670.5
2017-02-13,3689.5
2017-02-14,3694
2017-02-15,3719.5
2017-02-16,3712.5
2017-02-17,3727
2017-02-20,3734
2017-02-21,3735.5
2017-02-22,3740.5
2017-02-23,3712
2017-02-24,3720
2017-02-27,3735.5
2017-02-28,3748
2017-03-01,3816.5
2017-03-02,3816.5
2017-03-03,3815
2017-03-06,3811
2017-03-07,3822
2017-03-08,3834
2017-03-09,3828
2017-03-10,3846
2017-03-13,3829
2017-03-14,3833
2017-03-15,3835
2017-03-16,3820
2017-03-17,3814
2017-03-20,3819
2017-03-21,3755.5
2017-03-22,3738
2017-03-23,3747
2017-03-24,3752.5
2017-03-27,3712.5
2017-03-28,3754
2017-03-29,3787.5
2017-03-30,3782
2017-03-31,3762.5
2017-04-03,3751.5
2017-04-04,3767.5
2017-04-05,3772.5
2017-04-06,3759.5
2017-04-07,3778
2017-04-10,3779.5
2017-04-11,3739.5
2017-04-12,3741.5
2017-04-13,3732.5
2017-04-18,3657
2017-04-19,3649
2017-04-20,3650.5
2017-04-21,3662.5
2017-04-24,3715.5
2017-04-25,3724
2017-04-26,3734.5
2017-04-27,3696.5
2017-04-28,3690
2017-05-02,3705.5
2017-05-03,3705.5
2017-05-04,3717
2017-05-05,3715.5
2017-05-08,3721
2017-05-09,3725.5
2017-05-10,3724.5
2017-05-11,3728
2017-05-12,3739.5
2017-05-15,3750
2017-05-16,3759.5
2017-05-17,3715
2017-05-18,3684.5
2017-05-19,3708.5
2017-05-22,3730.5
2017-05-23,3739
2017-05-24,3754
2017-05-25,3767.5
2017-05-26,3811.5
2017-05-30,3785
2017-05-31,3774
2017-06-01,3790
2017-06-02,3823.5
2017-06-05,3810
2017-06-06,3812
2017-06-07,3787.5
2017-06-08,3793
2017-06-09,3867.5
2017-06-12,3864.5
2017-06-13,3863
2017-06-14,3854
2017-06-15,3831
2017-06-16,3830.5
2017-06-19,3878
2017-06-20,3897.5
2017-06-21,3871.5
2017-06-22,3880.5
2017-06-23,3859.5
2017-06-26,3867
2017-06-27,3850
2017-06-28,3813
2017-06-29,3777.5
2017-06-30,3764.5
2017-07-03,3801.5
2017-07-04,3795
2017-07-05,3795
2017-07-06,3770
2017-07-07,3791
2017-07-10,3804
2017-07-11,3802
2017-07-12,3834.5
2017-07-13,3825.5
2017-07-14,3793.5
2017-07-17,3816
2017-07-18,3817.5
2017-07-19,3830.5
2017-07-20,3858.5
2017-07-21,3854
2017-07-24,3828.5
2017-07-25,3846.5
2017-07-26,3841.5
2017-07-27,3840.5
2017-07-28,3813.5
2017-07-31,3804
2017-08-01,3807
2017-08-02,3799
2017-08-03,3828.5
2017-08-04,3860.5
2017-08-07,3866.5
2017-08-08,3889
2017-08-09,3850.5
2017-08-10,3832.5
2017-08-11,3811
2017-08-14,3850.5
2017-08-15,3880
2017-08-16,3892.5
2017-08-17,3868.5
2017-08-18,3851.5
2017-08-21,3829.5
2017-08-22,3873
2017-08-23,3889.5
2017-08-24,3879
2017-08-25,3868.5
2017-08-29,3841
2017-08-30,3857.5
2017-08-31,3893.5
2017-09-01,3882
2017-09-04,3873
2017-09-05,3848.5
2017-09-06,3836.5
2017-09-07,3841
2017-09-08,3820.5
2017-09-11,3849.5
2017-09-12,3835.5
2017-09-13,3849.5
2017-09-14,3800.5
2017-09-15,3748.5
2017-09-18,3781.5
2017-09-19,3782.5
2017-09-20,3777
2017-09-21,3770.5
2017-09-22,3777.5
2017-09-25,3777.5
2017-09-26,3788.5
2017-09-27,3800.5
2017-09-28,3799.5
2017-09-29,3825
2017-10-02,3872.5
2017-10-03,3888.5
2017-10-04,3888
2017-10-05,3937.5
2017-10-06,3959.5
2017-10-09,3941
2017-10-10,3923
2017-10-11,3934
2017-10-12,3947.5
2017-10-13,3920
2017-10-16,3927
2017-10-17,3950.5
2017-10-18,3955.5
2017-10-19,3944.5
2017-10-20,3956.5
2017-10-23,3965
2017-10-24,3978
2017-10-25,3912
2017-10-26,3953.5
2017-10-27,3980
2017-10-30,3951.5
2017-10-31,3944.5
2017-11-01,3959
2017-11-02,4014
2017-11-03,4014.5
2017-11-06,4005.5
2017-11-07,4000
2017-11-08,4014.5
2017-11-09,3990.5
2017-11-10,3958.5
2017-11-13,3985
2017-11-14,3975.5
2017-11-15,3952.5
2017-11-16,3965.5
2017-11-17,3955
2017-11-20,3951
2017-11-21,3979.5
2017-11-22,3964.5
2017-11-23,3966.5
2017-11-24,3969
2017-11-27,3960
2017-11-28,4004
2017-11-29,3955
2017-11-30,3952
2017-12-01,3918
2017-12-04,3968.5
2017-12-05,3964
2017-12-06,3959
2017-12-07,3956
2017-12-08,3983
2017-12-11,4003
2017-12-12,4026.5
2017-12-13,4020.5
2017-12-14,3992
2017-12-15,4029
2017-12-18,4041
2017-12-19,4047
2017-12-20,4020
2017-12-21,4048.5
2017-12-22,4041
2017-12-27,4044
2017-12-28,4031
2017-12-29,4032
2018-01-02,4004.75
2018-01-03,4050.5
2018-01-04,4077
2018-01-05,4086.5
2018-01-08,4093
2018-01-09,4124
2018-01-10,4111
2018-01-11,4119
2018-01-12,4112
2018-01-15,4099
2018-01-16,4109.5
2018-01-17,4085.5
2018-01-18,4069.5
2018-01-19,4099
2018-01-22,4081.5
2018-01-23,4105.5
2018-01-24,4042.5
2018-01-25,4029.5
2018-01-26,4075
2018-01-29,4100.5
2018-01-30,4044.5
2018-01-31,4012.5
2018-02-01,3999.5
2018-02-02,3988.5
2018-02-05,3955.5
2018-02-06,3819
2018-02-07,3939.5
2018-02-08,3831
2018-02-09,3789.25
2018-02-12,3865.5
2018-02-13,3843.5
2018-02-14,3871
2018-02-15,3884.5
2018-02-16,3936
2018-02-19,3928.5
2018-02-20,3933
2018-02-21,3949
2018-02-22,3943.5
2018-02-23,3928.5
2018-02-26,3986
2018-02-27,3994.5
2018-02-28,3992.5
2018-03-01,3951.5
2018-03-02,3883.5
2018-03-05,3914
2018-03-06,3927.5
2018-03-07,3924.5
2018-03-08,3967.5
2018-03-09,3992.5
2018-03-12,4008
2018-03-13,3966
2018-03-14,3954
2018-03-15,3959
2018-03-16,3960.5
2018-03-19,3879
2018-03-20,3897.5
2018-03-21,3888
2018-03-22,3821.5
2018-03-23,3759.5
2018-03-26,3709.5
2018-03-27,3799
2018-03-28,3750.5
2018-03-29,3805.5
2018-04-03,3758.5
2018-04-04,3753.5
2018-04-05,3862
2018-04-06,3800
2018-04-09,3799.5
2018-04-10,3819
2018-04-11,3803
2018-04-12,3809.5
2018-04-13,3799.5
2018-04-16,3794.5
2018-04-17,3839
2018-04-18,3874
2018-04-19,3859
2018-04-20,3875.5
2018-04-23,3910
2018-04-24,3894.5
2018-04-25,3853
2018-04-26,3889.5
2018-04-27,3943
2018-04-30,3957
2018-05-01,3950.5
2018-05-02,3975
2018-05-03,3931.5
2018-05-04,4000.5
2018-05-08,4020.5
2018-05-09,4014.5
2018-05-10,4085
2018-05-11,4087.5
2018-05-14,4089
2018-05-15,4076
2018-05-16,4083
2018-05-17,4100
2018-05-18,4089.5
2018-05-21,4127.5
2018-05-22,4138.5
2018-05-23,4113.5
2018-05-24,4103.5
2018-05-25,4121
2018-05-29,4089
2018-05-30,4105.5
2018-05-31,4103.5
2018-06-01,4107.5
2018-06-04,4143.5
2018-06-05,4126
2018-06-06,4133
2018-06-07,4140
2018-06-08,4139.5
2018-06-11,4173
2018-06-12,4164
2018-06-13,4178.5
2018-06-14,4178.5
2018-06-15,4166
2018-06-18,4171.5
2018-06-19,4165.5
2018-06-20,4177
2018-06-21,4137.5
2018-06-22,4155.5
2018-06-25,4085.5
2018-06-26,4105
2018-06-27,4142
2018-06-28,4123
2018-06-29,4143
2018-07-02,4110
2018-07-03,4128.5
2018-07-04,4110
2018-07-05,4120.5
2018-07-06,4143.5
2018-07-09,4188
2018-07-10,4192
2018-07-11,4171.5
2018-07-12,4191.5
2018-07-13,4209
2018-07-16,4196
2018-07-17,4226.5
2018-07-18,4275
2018-07-19,4285.5
2018-07-20,4259
2018-07-23,4250
2018-07-24,4273.5
2018-07-25,4263.5
2018-07-26,4293.5
2018-07-27,4298
2018-07-30,4266.5
2018-07-31,4281.5
2018-08-01,4273.5
2018-08-02,4283
2018-08-03,4306
2018-08-06,4337
2018-08-07,4363
2018-08-08,4384
2018-08-09,4389
2018-08-10,4366.5
2018-08-13,4359.5
2018-08-14,4372.5
2018-08-15,4333
2018-08-16,4375.5
2018-08-17,4371
2018-08-20,4386
2018-08-21,4370
2018-08-22,4365.5
2018-08-23,4373.5
2018-08-24,4388
2018-08-28,4427.5
2018-08-29,4400.5
2018-08-30,4383.5
2018-08-31,4370
2018-09-03,4411
2018-09-04,4399.5
2018-09-05,4350.5
2018-09-06,4322.5
2018-09-07,4321.5
2018-09-10,4306.5
2018-09-11,4311.5
2018-09-12,4322
2018-09-13,4310.5
2018-09-14,4334
2018-09-17,4310.5
2018-09-18,4325.5
2018-09-19,4333.5
2018-09-20,4335
2018-09-21,4403
2018-09-24,4364.5
2018-09-25,4369.5
2018-09-26,4366.5
2018-09-27,4384.5
2018-09-28,4390
2018-10-01,4404
2018-10-02,4405.5
2018-10-03,4408
2018-10-04,4349.5
2018-10-05,4302.5
2018-10-08,4282
2018-10-09,4283.5
2018-10-10,4190.5
2018-10-11,4082
2018-10-12,4095
2018-10-15,4113
2018-10-16,4135
2018-10-17,4154.5
2018-10-18,4149
2018-10-19,4159.5
2018-10-22,4149
2018-10-23,4074
2018-10-24,4078.5
2018-10-25,4103
2018-10-26,4033
2018-10-29,4074.5
2018-10-30,4090
2018-10-31,4151.5
2018-11-01,4104.5
2018-11-02,4109.5
2018-11-05,4097
2018-11-06,4095
2018-11-07,4137
2018-11-08,4165
2018-11-09,4158
2018-11-12,4136.5
2018-11-13,4106
2018-11-14,4068.5
2018-11-15,4129
2018-11-16,4142.5
2018-11-19,4106
2018-11-20,4042
2018-11-21,4090.5
2018-11-22,4019
2018-11-23,4051.5
2018-11-26,4082
2018-11-27,4105
2018-11-28,4126
2018-11-29,4168
2018-11-30,4169.5
2018-12-03,4245
2018-12-04,4221
2018-12-05,4132
2018-12-06,4015
2018-12-07,4061
2018-12-10,4036.5
2018-12-11,4116.5
2018-12-12,4124
2018-12-13,4104
2018-12-14,4072.5
2018-12-17,4026
2018-12-18,3971.5
2018-12-19,3981
2018-12-20,3881
2018-12-21,3854
2018-12-24,3765.5
2018-12-27,3804.5
2018-12-28,3870
2018-12-31,3879.5
2019-01-02,3912
2019-01-03,3865
2019-01-04,3922.5
2019-01-07,3950
2019-01-08,3978
2019-01-09,4017.5
2019-01-10,4011.5
2019-01-11,3994.5
2019-01-14,3963.5
2019-01-15,4026
2019-01-16,4022
2019-01-17,4001
2019-01-18,4076.5
2019-01-21,4064.5
2019-01-22,4024.5
2019-01-23,3976
2019-01-24,3992
2019-01-25,3999
2019-01-28,3961.5
2019-01-29,3974
2019-01-30,4026
2019-01-31,4051.5
2019-02-01,4079.5
2019-02-04,4086
2019-02-05,4162.5
2019-02-06,4154
2019-02-07,4086
2019-02-08,4081.5
2019-02-11,4134
2019-02-12,4168
2019-02-13,4194.5
2019-02-14,4207.5
2019-02-15,4230.5
2019-02-18,4222
2019-02-19,4184
2019-02-20,4194.5
2019-02-21,4184.5
2019-02-22,4209.5
2019-02-25,4227.5
2019-02-26,4164.5
2019-02-27,4130.5
2019-02-28,4139.5
2019-03-01,4164.5
2019-03-04,4178.5
2019-03-05,4189
2019-03-06,4175
2019-03-07,4147.5
2019-03-08,4138
2019-03-11,4168.5
2019-03-12,4202.5
2019-03-13,4187
2019-03-14,4168.5
2019-03-15,4191.5
2019-03-18,4214.5
2019-03-19,4234
2019-03-20,4214
2019-03-21,4295
2019-03-22,4189
2019-03-25,4183
2019-03-26,4195
2019-03-27,4170
2019-03-28,4230
2019-03-29,4271
2019-04-01,4284
2019-04-02,4319
2019-04-03,4315.5
2019-04-04,4328
2019-04-05,4365.5
2019-04-08,4358
2019-04-09,4346
2019-04-10,4331
2019-04-11,4341
2019-04-12,4351
2019-04-15,4354.5
2019-04-16,4386.5
2019-04-17,4379
2019-04-18,4386.5
2019-04-23,4443
2019-04-24,4438
2019-04-25,4438
2019-04-26,4440
2019-04-29,4458
2019-04-30,4411.5
2019-05-01,4417
2019-05-02,4380
2019-05-03,4380
2019-05-07,4334.5
2019-05-08,4346.5
2019-05-09,4270
2019-05-10,4270.5
2019-05-13,4257
2019-05-14,4312
2019-05-15,4343.5
2019-05-16,4421
2019-05-17,4429
2019-05-20,4384
2019-05-21,4400
2019-05-22,4433
2019-05-23,4366.5
2019-05-24,4380
2019-05-28,4384.5
2019-05-29,4329.5
2019-05-30,4352.5
2019-05-31,4320
2019-06-03,4316.5
2019-06-04,4341
2019-06-05,4365.5
2019-06-06,4389.5
2019-06-07,4438.5
2019-06-10,4489.5
2019-06-11,4475.5
2019-06-12,4453.5
2019-06-13,4472
2019-06-14,4484.5
2019-06-17,4512
2019-06-18,4566.5
2019-06-19,4536
2019-06-20,4555
2019-06-21,4564.5
2019-06-24,4554
2019-06-25,4537.5
2019-06-26,4533.5
2019-06-27,4537
2019-06-28,4549
2019-07-01,4604.5
2019-07-02,4631.5
2019-07-03,4672.5
2019-07-04,4683.5
2019-07-05,4672.5
2019-07-08,4666.5
2019-07-09,4676
2019-07-10,4680
2019-07-11,4674
2019-07-12,4677
2019-07-15,4705
2019-07-16,4740
2019-07-17,4709.5
2019-07-18,4666
2019-07-19,4686.5
2019-07-22,4673.5
2019-07-23,4712
2019-07-24,4706.5
2019-07-25,4708
2019-07-26,4754.5
2019-07-29,4815
2019-07-30,4820
2019-07-31,4795
2019-08-01,4826.5
2019-08-02,4703.5
2019-08-05,4606
2019-08-06,4575
2019-08-07,4592.5
2019-08-08,4687.5
2019-08-09,4678
2019-08-12,4673.5
2019-08-13,4710.5
2019-08-14,4616
2019-08-15,4574.5
2019-08-16,4624
2019-08-19,4682.5
2019-08-20,4660.5
2019-08-21,4688
2019-08-22,4625
2019-08-23,4578.5
2019-08-27,4567.5
2019-08-28,4598
2019-08-29,4662
2019-08-30,4661.5
2019-09-02,4708.5
2019-09-03,4685
2019-09-04,4697.5
2019-09-05,4708
2019-09-06,4724.5
2019-09-09,4712
2019-09-10,4687
2019-09-11,4738
2019-09-12,4766.5
2019-09-13,4735.5
2019-09-16,4717
2019-09-17,4701.5
2019-09-18,4699
2019-09-19,4731
2019-09-20,4714
2019-09-23,4706.5
2019-09-24,4699
2019-09-25,4698.5
2019-09-26,4706.5
2019-09-27,4743
2019-09-30,4739
2019-10-01,4731
2019-10-02,4599
2019-10-03,4566
2019-10-04,4655.5
2019-10-07,4686
2019-10-08,4655
2019-10-09,4668
2019-10-10,4669
2019-10-11,4623
2019-10-14,4627.5
2019-10-15,4618.5
2019-10-16,4580
2019-10-17,4580
2019-10-18,4567
2019-10-21,4549
2019-10-22,4568
2019-10-23,4583
2019-10-24,4621
2019-10-25,4632.5
2019-10-28,4644.5
2019-10-29,4639
2019-10-30,4636.5
2019-10-31,4607.5
2019-11-01,4647
2019-11-04,4691
2019-11-05,4697.5
2019-11-06,4697.5
2019-11-07,4740
2019-11-08,4734.5
2019-11-11,4708.5
2019-11-12,4737
2019-11-13,4719
2019-11-14,4706.5
2019-11-15,4733
2019-11-18,4712.5
2019-11-19,4725.5
2019-11-20,4723.5
2019-11-21,4705.5
2019-11-22,4738
2019-11-25,4749.5
2019-11-26,4781.5
2019-11-27,4777.5
2019-11-28,4774
2019-11-29,4754.5
2019-12-02,4706.5
2019-12-03,4639.5
2019-12-04,4655.5
2019-12-05,4637
2019-12-06,4700
2019-12-09,4676.5
2019-12-10,4661.5
2019-12-11,4664
2019-12-12,4712
2019-12-13,4652
2019-12-16,4707
2019-12-17,4767
2019-12-18,4788.5
2019-12-19,4813
2019-12-20,4828.5
2019-12-23,4880
2019-12-24,4869.5
2019-12-27,4842
2019-12-30,4801.5
2019-12-31,4773
2020-01-02,4825
2020-01-03,4835
2020-01-06,4802.5
2020-01-07,4834
2020-01-08,4847
2020-01-09,4884.5
2020-01-10,4893
2020-01-13,4920.5
2020-01-14,4928.5
2020-01-15,4931
2020-01-16,4928
2020-01-17,4964.5
2020-01-20,4976
2020-01-21,4955.5
2020-01-22,4925
2020-01-23,4897.5
2020-01-24,4931
2020-01-27,4830.5
2020-01-28,4900.5
2020-01-29,4909
2020-01-30,4828.5
2020-01-31,4769
2020-02-03,4852
2020-02-04,4916
2020-02-05,4965.5
2020-02-06,5011.5
2020-02-07,5005
2020-02-10,4998.5
2020-02-11,5032
2020-02-12,5031
2020-02-13,4995
2020-02-14,5005
2020-02-17,5023
2020-02-18,4975.5
2020-02-19,5048.5
2020-02-20,5034
2020-02-21,4982
2020-02-24,4833.5
2020-02-25,4729
2020-02-26,4748
2020-02-27,4595
2020-02-28,4460
2020-03-02,4577.5
2020-03-03,4592.5
2020-03-04,4637.5
2020-03-05,4605.5
2020-03-06,4408.5
2020-03-09,4148
2020-03-10,4138
2020-03-11,4146
2020-03-12,3824.5
2020-03-13,3859
2020-03-16,3854.5
2020-03-17,3931
2020-03-18,3843
2020-03-19,3896
2020-03-20,3865
2020-03-23,3757
2020-03-24,3998
2020-03-25,4112
2020-03-26,4139
2020-03-27,3955.5
2020-03-30,4041
2020-03-31,4078
2020-04-01,3892
2020-04-02,3893
2020-04-03,3915
2020-04-06,4071
2020-04-07,4220
2020-04-08,4180
2020-04-09,4268
2020-04-14,4266
2020-04-15,4197
2020-04-16,4247
2020-04-17,4306
2020-04-20,4345
2020-04-21,4224
2020-04-22,4294.5
2020-04-23,4339.5
2020-04-24,4303
2020-04-27,4383
2020-04-28,4409
2020-04-29,4494
2020-04-30,4389
2020-05-01,4305
2020-05-04,4289
2020-05-05,4396
2020-05-06,4398
2020-05-07,4452
2020-05-11,4493.5
2020-05-12,4520.5
2020-05-13,4431
2020-05-14,4376
2020-05-15,4436.5
2020-05-18,4593
2020-05-19,4582.5
2020-05-20,4616
2020-05-21,4569
2020-05-22,4574.5
2020-05-26,4643
2020-05-27,4673
2020-05-28,4741
2020-05-29,4666
2020-06-01,4687
2020-06-02,4691
2020-06-03,4769
2020-06-04,4763.5
2020-06-05,4841
2020-06-08,4852
2020-06-09,4825
2020-06-10,4806
2020-06-11,4673
2020-06-12,4657
2020-06-15,4625
2020-06-16,4770
2020-06-17,4801
2020-06-18,4817.5
2020-06-19,4868.5
2020-06-22,4803
2020-06-23,4847
2020-06-24,4742
2020-06-25,4730
2020-06-26,4749.5
2020-06-29,4789
2020-06-30,4784
2020-07-01,4783
2020-07-02,4850
2020-07-03,4819
2020-07-06,4910
2020-07-07,4859
2020-07-08,4816
2020-07-09,4776
2020-07-10,4813
2020-07-13,4926.5
2020-07-14,4865.5
2020-07-15,4934
2020-07-16,4903
2020-07-17,4950.5
2020-07-20,4933
2020-07-21,4951
2020-07-22,4939
2020-07-23,4950
2020-07-24,4858
2020-07-27,4840.5
2020-07-28,4835
2020-07-29,4833
2020-07-30,4763
2020-07-31,4734
2020-08-03,4834.5
2020-08-04,4840
2020-08-05,4861
2020-08-06,4842.5
2020-08-07,4893
2020-08-10,4880
2020-08-11,4935
2020-08-12,4975
2020-08-13,4957
2020-08-14,4933
2020-08-17,4959
2020-08-18,4913
2020-08-19,4945
2020-08-20,4916
2020-08-21,4940
2020-08-24,5002.5
2020-08-25,4993
2020-08-26,5011
2020-08-27,5029
2020-08-28,4979
2020-09-01,4965
2020-09-02,5054
2020-09-03,4969
2020-09-04,4870
2020-09-07,4970
2020-09-08,4920
2020-09-09,4994.5
2020-09-10,5062
2020-09-11,5043
2020-09-14,5060
2020-09-15,5100
2020-09-16,5057.5
2020-09-17,4999
2020-09-18,4981.5
2020-09-21,4877
2020-09-22,4944
2020-09-23,4968
2020-09-24,4903
2020-09-25,4933
2020-09-28,4993
2020-09-29,4991
2020-09-30,4993
2020-10-01,5016
2020-10-02,4974
2020-10-05,5021
2020-10-06,5036
2020-10-07,5059
2020-10-08,5093.5
2020-10-09,5102.5
2020-10-12,5143.5
2020-10-13,5167.5
2020-10-14,5135.5
2020-10-15,5095
2020-10-16,5151.5
2020-10-19,5102.5
2020-10-20,5082
2020-10-21,4999.5
2020-10-22,5008
2020-10-23,5051
2020-10-26,4980.5
2020-10-27,4953
2020-10-28,4848
2020-10-29,4864.5
2020-10-30,4810
2020-11-02,4893.5
2020-11-03,4951
2020-11-04,5083.5
2020-11-05,5124.5
2020-11-06,5095.5
2020-11-09,5260.5
2020-11-10,5157
2020-11-11,5212
2020-11-12,5215
2020-11-13,5206.5
2020-11-16,5281
2020-11-17,5251.5
2020-11-18,5249
2020-11-19,5220.5
2020-11-20,5221
2020-11-23,5208
2020-11-24,5273
2020-11-25,5258.5
2020-11-26,5290
2020-11-27,5317.5
2020-11-30,5242
2020-12-01,5303.5
2020-12-02,5332
2020-12-03,5300
2020-12-04,5328
2020-12-07,5376.5
2020-12-08,5373
2020-12-09,5374.5
2020-12-10,5392.5
2020-12-11,5381.5
2020-12-14,5385
2020-12-15,5336.5
2020-12-16,5359
2020-12-17,5350
2020-12-18,5370.5
2020-12-21,5365
2020-12-22,5406
2020-12-23,5368
2020-12-24,5333.5
2020-12-29,5424
2020-12-30,5390.5
2020-12-31,5357.5
2021-01-04,5357.5
2021-01-05,5355
2021-01-06,5453
2021-01-07,5497
2021-01-08,5515
2021-01-11,5527
2021-01-12,5470
2021-01-13,5479
2021-01-14,5478.5
2021-01-15,5450
2021-01-18,5455.5
2021-01-19,5457.5
2021-01-20,5506.5
2021-01-21,5494.5
2021-01-22,5491
2021-01-25,5466
2021-01-26,5477
2021-01-27,5395
2021-01-28,5404
2021-01-29,5313.5
2021-02-01,5363.5
2021-02-02,5470
2021-02-03,5465
2021-02-04,5491
2021-02-05,5511
2021-02-08,5540.5
2021-02-09,5528.5
2021-02-10,5505.5
2021-02-11,5540
2021-02-12,5545
2021-02-15,5575
2021-02-16,5547.5
2021-02-17,5524.5
2021-02-18,5464.5
2021-02-19,5488
2021-02-22,5423.5
2021-02-23,5367
2021-02-24,5412
2021-02-25,5393
2021-02-26,5354.5
2021-03-01,5444
2021-03-02,5433
2021-03-03,5400.5
2021-03-04,5342
2021-03-05,5286.5
2021-03-08,5449
2021-03-09,5446.5
2021-03-10,5463
2021-03-11,5498.5
2021-03-12,5493
2021-03-15,5525
2021-03-16,5560.5
2021-03-17,5540.5
2021-03-18,5544
2021-03-19,5514
2021-03-22,5546.5
2021-03-23,5558.5
2021-03-24,5561.5
2021-03-25,5511
2021-03-26,5550
2021-03-29,5564
2021-03-30,5597
2021-03-31,5590
2021-04-01,5610.5
2021-04-06,5693
2021-04-07,5720
2021-04-08,5763
2021-04-09,5780
2021-04-12,5787
2021-04-13,5807
2021-04-14,5806
2021-04-15,5835
2021-04-16,5841.5
2021-04-19,5764
2021-04-20,5704
2021-04-21,5752
2021-04-22,5819.5
2021-04-23,5824.5
2021-04-26,5832.5
2021-04-27,5806
2021-04-28,5819.5
2021-04-29,5805
2021-04-30,5830.5
2021-05-04,5743.5
2021-05-05,5796
2021-05-06,5799
2021-05-07,5844.5
2021-05-10,5785.5
2021-05-11,5666
2021-05-12,5635
2021-05-13,5654
2021-05-14,5715
2021-05-17,5688.5
2021-05-18,5690
2021-05-19,5605
2021-05-20,5703
2021-05-21,5715
2021-05-24,5764
2021-05-25,5763
2021-05-26,5769.5
2021-05-27,5757
2021-05-28,5778.5
2021-06-01,5784.5
2021-06-02,5790.5
2021-06-03,5794
2021-06-04,5804.5
2021-06-07,5807
2021-06-08,5816
2021-06-09,5842.5
2021-06-10,5833.5
2021-06-11,5853
2021-06-14,5863.5
2021-06-15,5880
2021-06-16,5882
2021-06-17,5908
2021-06-18,5876.5
2021-06-21,5886.5
2021-06-22,5917.5
2021-06-23,5902.5
2021-06-24,5956
2021-06-25,5973
2021-06-28,5973.5
2021-06-29,6010.5
2021-06-30,6001.5
2021-07-01,6030.5
2021-07-02,6055
2021-07-05,6055
2021-07-06,6039
2021-07-07,6079
2021-07-08,6018
2021-07-09,6064.5
2021-07-12,6070
2021-07-13,6094.5
2021-07-14,6070
2021-07-15,6043
2021-07-16,6045.5
2021-07-19,5967
2021-07-20,6066
2021-07-21,6092
2021-07-22,6083.5
2021-07-23,6141
2021-07-26,6123
2021-07-27,6053
2021-07-28,6083.5
2021-07-29,6088
2021-07-30,6081
2021-08-02,6111.5
2021-08-03,6088
2021-08-04,6101
2021-08-05,6119
2021-08-06,6141
2021-08-09,6146
2021-08-10,6160
2021-08-11,6163
2021-08-12,6188.5
2021-08-13,6203.5
2021-08-16,6172.5
2021-08-17,6205.5
2021-08-18,6199
2021-08-19,6162.5
2021-08-20,6217
2021-08-23,6252
2021-08-24,6263
2021-08-25,6270
2021-08-26,6254
2021-08-27,6269.5
2021-08-31,6286.5
2021-09-01,6303
2021-09-02,6306
2021-09-03,6289
2021-09-06,6338
2021-09-07,6310
2021-09-08,6290
2021-09-09,6262
2021-09-10,6236
2021-09-13,6217
2021-09-14,6213
2021-09-15,6200
2021-09-16,6223
2021-09-17,6204
2021-09-20,6130
2021-09-21,6178
2021-09-22,6206
2021-09-23,6239
2021-09-24,6240
2021-09-27,6228
2021-09-28,6178
2021-09-29,6234
2021-09-30,6180
2021-10-01,6116
2021-10-04,6041
2021-10-05,6123
2021-10-06,6075
2021-10-07,6196
2021-10-08,6171
2021-10-11,6189
2021-10-12,6142
2021-10-13,6119
2021-10-14,6211
2021-10-15,6228
2021-10-18,6256
2021-10-19,6264
2021-10-20,6284
2021-10-21,6276
2021-10-22,6304
2021-10-25,6326
2021-10-26,6356
2021-10-27,6353
2021-10-28,6345
2021-10-29,6388
2021-11-01,6430
2021-11-02,6481
2021-11-03,6457
2021-11-04,6578
2021-11-05,6623
2021-11-08,6594
2021-11-09,6573
2021-11-10,6593
2021-11-11,6614
2021-11-12,6635
2021-11-15,6636
2021-11-16,6651
2021-11-17,6606
2021-11-18,6601
2021-11-19,6613
2021-11-22,6643
2021-11-23,6580
2021-11-24,6616
2021-11-25,6643
2021-11-26,6466
2021-11-29,6539
2021-11-30,6489
2021-12-01,6548
2021-12-02,6437
2021-12-03,6443
2021-12-06,6492
2021-12-07,6657
2021-12-08,6648
2021-12-09,6669
2021-12-10,6626
2021-12-13,6611
2021-12-14,6524
2021-12-15,6539
2021-12-16,6604
2021-12-17,6565
2021-12-20,6454
2021-12-21,6529
2021-12-22,6585
2021-12-23,6616
2021-12-24,6642
2021-12-29,6647
2021-12-30,6656
2021-12-31,6624
2022-01-04,6633
2022-01-05,6617
2022-01-06,6509
2022-01-07,6478
2022-01-10,6385
2022-01-11,6461
2022-01-12,6491
2022-01-13,6476
2022-01-14,6390
2022-01-17,6442
2022-01-18,6373
2022-01-19,6323
2022-01-20,6363
2022-01-21,6256
2022-01-24,6038
2022-01-25,6070
2022-01-26,6182
2022-01-27,6195
2022-01-28,6125
2022-01-31,6256
2022-02-01,6298
2022-02-02,6315
2022-02-03,6250
2022-02-04,6232
2022-02-07,6267
2022-02-08,6273
2022-02-09,6372
2022-02-10,6323
2022-02-11,6255
2022-02-14,6176
2022-02-15,6251
2022-02-16,6209
2022-02-17,6158
2022-02-18,6088
2022-02-21,6010
2022-02-22,6036
2022-02-23,5996
2022-02-24,5925
2022-02-25,6145
2022-02-28,6164
2022-03-01,6087
2022-03-02,6154
2022-03-03,6104
2022-03-04,6039
2022-03-07,6011
2022-03-08,5911
2022-03-09,6070
2022-03-10,6013
2022-03-11,6068
2022-03-14,6030
2022-03-15,6074
2022-03-16,6198
2022-03-17,6253
2022-03-18,6313
2022-03-21,6330
2022-03-22,6360
2022-03-23,6364
2022-03-24,6367
2022-03-25,6391
2022-03-28,6449
2022-03-29,6554
2022-03-30,6545
2022-03-31,6511
2022-04-01,6463
2022-04-04,6508
2022-04-05,6493
2022-04-06,6378
2022-04-07,6368
2022-04-08,6457
2022-04-11,6360
2022-04-12,6379
2022-04-13,6341
2022-04-14,6342
2022-04-19,6371
2022-04-20,6395
2022-04-21,6390
2022-04-22,6302
2022-04-25,6217
2022-04-26,6232
2022-04-27,6264.5
2022-04-28,6317.5
2022-04-29,6291
2022-05-03,6270
2022-05-04,6210
2022-05-05,6281
2022-05-06,6246
2022-05-09,6060
2022-05-10,6029.5
2022-05-11,6095
2022-05-12,6021
2022-05-13,6152.5
2022-05-16,6119.5
2022-05-17,6115
2022-05-18,6035.5
2022-05-19,5925
2022-05-20,5904
2022-05-23,5985.5
2022-05-24,5917.5
2022-05-25,5980
2022-05-26,6081
2022-05-27,6167
2022-05-30,6231
2022-05-31,6167
2022-06-01,6178
2022-06-06,6229.5
2022-06-07,6183
2022-06-08,6231
2022-06-09,6142.5
2022-06-10,5978.5
2022-06-13,5854.5
2022-06-14,5869.5
2022-06-15,5892
2022-06-16,5645
2022-06-17,5684.5
2022-06-20,5723.5
2022-06-21,5789.5
2022-06-22,5786
2022-06-23,5782
2022-06-24,5922
2022-06-27,5968
2022-06-28,5970
2022-06-29,5920
2022-06-30,5845
2022-07-01,5898
2022-07-04,5909
2022-07-05,5888
2022-07-06,5974
2022-07-07,6044
2022-07-08,6068
2022-07-11,6045
2022-07-12,6045.5
2022-07-13,5956
2022-07-14,5921
2022-07-15,6045
2022-07-18,6047
2022-07-19,6077
2022-07-20,6166
2022-07-21,6190
2022-07-22,6168
2022-07-25,6159
2022-07-26,6098
2022-07-27,6153
2022-07-28,6215
2022-07-29,6276
2022-08-01,6271
2022-08-02,6268
2022-08-03,6335
2022-08-04,6351
2022-08-05,6350
2022-08-08,6398
2022-08-09,6347
2022-08-10,6392
2022-08-11,6445.5
2022-08-12,6501
2022-08-15,6552
2022-08-16,6568.5
2022-08-17,6541
2022-08-18,6590
2022-08-19,6600
2022-08-22,6515
2022-08-23,6449
2022-08-24,6496
2022-08-25,6519
2022-08-26,6457.5
2022-08-30,6359
2022-08-31,6344
2022-09-01,6285
2022-09-02,6402
2022-09-05,6329
2022-09-06,6304
2022-09-07,6333
2022-09-08,6414
2022-09-09,6475.5
2022-09-12,6513
2022-09-13,6414
2022-09-14,6335
2022-09-15,6341
2022-09-16,6271
2022-09-20,6273
2022-09-21,6325.5
2022-09-22,6196
2022-09-23,6236.5
2022-09-26,6352
2022-09-27,6271
2022-09-28,6316
2022-09-29,6099.5
2022-09-30,6090
2022-10-03,6022
2022-10-04,6161
2022-10-05,6175
2022-10-06,6243
2022-10-07,6134
2022-10-10,6087
2022-10-11,6025
2022-10-12,6020
2022-10-13,5927.5
2022-10-14,6001.5
2022-10-17,5983
2022-10-18,6072
2022-10-19,6097
2022-10-20,6099
2022-10-21,6095
2022-10-24,6174
2022-10-25,6190
2022-10-26,6198
2022-10-27,6140
2022-10-28,6161
2022-10-31,6224
2022-11-01,6238
2022-11-02,6200
2022-11-03,6217
2022-11-04,6194
2022-11-07,6183
2022-11-08,6229.5
2022-11-09,6235
2022-11-10,6311
2022-11-11,6330
2022-11-14,6389
2022-11-15,6365
2022-11-16,6291
2022-11-17,6267.5
2022-11-18,6264
2022-11-21,6280
2022-11-22,6307
2022-11-23,6286
2022-11-24,6285
2022-11-25,6285
2022-11-28,6262
2022-11-29,6229.5
2022-11-30,6276
2022-12-01,6282
2022-12-02,6254
2022-12-05,6240
2022-12-06,6134
2022-12-07,6112
2022-12-08,6144
2022-12-09,6125
2022-12-12,6116.5
2022-12-13,6207
2022-12-14,6184
2022-12-15,6066
2022-12-16,6020
2022-12-19,5993
2022-12-20,5997
2022-12-21,6118
2022-12-22,6045
2022-12-23,6060
2022-12-28,6040
2022-12-29,6091
2022-12-30,6072
2023-01-03,6096
2023-01-04,6135
2023-01-05,6136
2023-01-06,6170
2023-01-09,6208
2023-01-10,6155
2023-01-11,6237.5
2023-01-12,6270
2023-01-13,6274.5
2023-01-16,6308
2023-01-17,6282
2023-01-18,6207
2023-01-19,6103
2023-01-20,6164
2023-01-23,6276
2023-01-24,6291
2023-01-25,6233
2023-01-26,6285
2023-01-27,6327
2023-01-30,6311
2023-01-31,6335
2023-02-01,6365
2023-02-02,6541
2023-02-03,6610
2023-02-06,6557.5
2023-02-07,6551
2023-02-08,6530
2023-02-09,6513
2023-02-10,6480.5
2023-02-13,6517
2023-02-14,6477
2023-02-15,6579
2023-02-16,6579.5
2023-02-17,6501
2023-02-20,6504.5
2023-02-21,6384
2023-02-22,6386
2023-02-23,6385
2023-02-24,6369
2023-02-27,6385
2023-02-28,6329
2023-03-01,6348
2023-03-02,6373
2023-03-03,6466
2023-03-06,6506
2023-03-07,6501
2023-03-08,6491
2023-03-09,6458
2023-03-10,6297
2023-03-13,6148
2023-03-14,6224
2023-03-15,6133
2023-03-16,6218
2023-03-17,6162.5
2023-03-20,6149
2023-03-21,6267
2023-03-22,6268.5
2023-03-23,6231
2023-03-24,6179
2023-03-27,6225
2023-03-28,6192
2023-03-29,6261
2023-03-30,6306
2023-03-31,6354
2023-04-03,6377
2023-04-04,6322
2023-04-05,6304
2023-04-06,6325.5
2023-04-11,6369
2023-04-12,6360.5
2023-04-13,6366.5
2023-04-14,6423
2023-04-17,6449
2023-04-18,6450
2023-04-19,6428
2023-04-20,6411
2023-04-21,6425
2023-04-24,6408
2023-04-25,6398
2023-04-26,6335
2023-04-27,6347.5
2023-04-28,6372
2023-05-02,6338
2023-05-03,6339
2023-05-04,6254
2023-05-05,6315
2023-05-09,6322
2023-05-10,6326
2023-05-11,6369
2023-05-12,6381
2023-05-15,6380
2023-05-16,6379
2023-05-17,6381
2023-05-18,6472
2023-05-19,6471
2023-05-22,6506.5
2023-05-23,6476.5
2023-05-24,6394
2023-05-25,6426.5
2023-05-26,6502
2023-05-30,6463
2023-05-31,6395
2023-06-01,6406.5
2023-06-02,6544
2023-06-05,6579
2023-06-06,6580.5
2023-06-07,6553
2023-06-08,6513
2023-06-09,6517
2023-06-12,6575
2023-06-13,6605
2023-06-14,6596
2023-06-15,6585
2023-06-16,6584
2023-06-19,6553
2023-06-20,6536.5
2023-06-21,6538.5
2023-06-22,6522
2023-06-23,6485.5
2023-06-26,6481
2023-06-27,6491.5
2023-06-28,6579.5
2023-06-29,6603
2023-06-30,6628
2023-07-03,6659
2023-07-04,6635
2023-07-05,6621
2023-07-06,6519
2023-07-07,6495
2023-07-10,6493
2023-07-11,6492.5
2023-07-12,6549
2023-07-13,6537
2023-07-14,6553
2023-07-17,6564
2023-07-18,6600
2023-07-19,6732
2023-07-20,6721.5
2023-07-21,6722.5
2023-07-24,6736
2023-07-25,6731
2023-07-26,6690
2023-07-27,6771
2023-07-28,6773
2023-07-31,6772
2023-08-01,6792
2023-08-02,6725
2023-08-03,6689
2023-08-04,6704
2023-08-07,6669
2023-08-08,6647
2023-08-09,6660
2023-08-10,6708
2023-08-11,6647
2023-08-14,6670
2023-08-15,6606
2023-08-16,6571
2023-08-17,6511.5
2023-08-18,6465
2023-08-21,6480
2023-08-22,6521
2023-08-23,6577
2023-08-24,6577
2023-08-25,6578
2023-08-29,6703
2023-08-30,6693
2023-08-31,6725
2023-09-01,6759
2023-09-04,6750
2023-09-05,6756
2023-09-06,6736
2023-09-07,6726
2023-09-08,6752
2023-09-11,6744
2023-09-12,6765
2023-09-13,6760
2023-09-14,6843
2023-09-15,6826
2023-09-18,6808
2023-09-19,6775
2023-09-20,6810
2023-09-21,6724
2023-09-22,6739
2023-09-25,6714
2023-09-26,6680
2023-09-27,6673
2023-09-28,6678
2023-09-29,6696
2023-10-02,6680
2023-10-03,6607
2023-10-04,6583
2023-10-05,6579
2023-10-06,6609
2023-10-09,6642
2023-10-10,6744
2023-10-11,6706
2023-10-12,6768
2023-10-13,6736
2023-10-16,6763
2023-10-17,6771
2023-10-18,6727
2023-10-19,6683
2023-10-20,6566
2023-10-23,6531
2023-10-24,6571
2023-10-25,6554
2023-10-26,6482
2023-10-27,6445
2023-10-30,6461
2023-10-31,6501
2023-11-01,6560
2023-11-02,6675
2023-11-03,6673.5
2023-11-06,6658
2023-11-07,6710
2023-11-08,6700
2023-11-09,6745
2023-11-10,6745
2023-11-13,6774
2023-11-14,6802
2023-11-15,6848
2023-11-16,6817
2023-11-17,6854
2023-11-20,6860
2023-11-21,6836
2023-11-22,6895
2023-11-23,6871
2023-11-24,6835.5
2023-11-27,6828
2023-11-28,6803
2023-11-29,6802
2023-11-30,6811
2023-12-01,6847
2023-12-04,6835
2023-12-05,6862
2023-12-06,6880
2023-12-07,6897
2023-12-08,6934.5
2023-12-11,6951
2023-12-12,6976
2023-12-13,7015
2023-12-14,7010
2023-12-15,7045
2023-12-18,7079
2023-12-19,7067.5
2023-12-20,7128
2023-12-21,7093
2023-12-22,7080
2023-12-27,7095.5
2023-12-28,7135
2023-12-29,7140
2024-01-02,7135
2024-01-03,7064
2024-01-04,7061
2024-01-05,7025
2024-01-08,7035
2024-01-09,7083
2024-01-10,7097
2024-01-11,7073
2024-01-12,7109
2024-01-15,7112.5
2024-01-16,7130
2024-01-17,7060
2024-01-18,7087
2024-01-19,7133
2024-01-22,7189
2024-01-23,7192
2024-01-24,7228
2024-01-25,7242
2024-01-26,7258
2024-01-29,7271
2024-01-30,7320
2024-01-31,7254
2024-02-01,7231
2024-02-02,7346
2024-02-05,7379
2024-02-06,7374
2024-02-07,7396
2024-02-08,7408
2024-02-09,7422
2024-02-12,7482
2024-02-13,7381
2024-02-14,7428
2024-02-15,7471
2024-02-16,7506
2024-02-19,7489
2024-02-20,7414
2024-02-21,7416.5
2024-02-22,7535
2024-02-23,7548
2024-02-26,7537
2024-02-27,7523
2024-02-28,7531
2024-02-29,7544
2024-03-01,7606
2024-03-04,7594
2024-03-05,7532
2024-03-06,7567
2024-03-07,7598
2024-03-08,7567
2024-03-11,7536
2024-03-12,7611
2024-03-13,7619
2024-03-14,7613
2024-03-15,7575
2024-03-18,7637
2024-03-19,7642
2024-03-20,7660
2024-03-21,7804
2024-03-22,7806
2024-03-25,7775.5
2024-03-26,7795
2024-03-27,7785
2024-03-28,7814
2024-04-02,7767
2024-04-03,7781
2024-04-04,7793
2024-04-05,7740
2024-04-08,7752
2024-04-09,7699.5
2024-04-10,7726
2024-04-11,7734
2024-04-12,7766
2024-04-15,7740
2024-04-16,7628
2024-04-17,7587
2024-04-18,7611
2024-04-19,7576
2024-04-22,7617
2024-04-23,7674
2024-04-24,7677
2024-04-25,7566
2024-04-26,7695
2024-04-29,7671
2024-04-30,7643
2024-05-01,7581
2024-05-02,7610
2024-05-03,7694
2024-05-07,7810
2024-05-08,7824
2024-05-09,7849
2024-05-10,7869
2024-05-13,7851
2024-05-14,7842
2024-05-15,7888
2024-05-16,7919
2024-05-17,7873
2024-05-20,7908
2024-05-21,7880
2024-05-22,7865
2024-05-23,7867
2024-05-24,7841
2024-05-28,7821
2024-05-29,7788
2024-05-30,7765
2024-05-31,7732
2024-06-03,7777
2024-06-04,7758
2024-06-05,7851
2024-06-06,7879
2024-06-07,7904
2024-06-10,7888
2024-06-11,7870
2024-06-12,7928
2024-06-13,7909
2024-06-14,7934
2024-06-17,7950
2024-06-18,8005
2024-06-19,7998
2024-06-20,8044
2024-06-21,8017
2024-06-24,8026
2024-06-25,8014
2024-06-26,8024
2024-06-27,8025
2024-06-28,8072
2024-07-01,8031
2024-07-02,8027
2024-07-03,8046
2024-07-04,8073
2024-07-05,8060
2024-07-08,8066
2024-07-09,8086
2024-07-10,8096
2024-07-11,8067
2024-07-12,8090
2024-07-15,8097
2024-07-16,8106
2024-07-17,8026
2024-07-18,7985.5
2024-07-19,7953
2024-07-22,7986
2024-07-23,8044
2024-07-24,7901
2024-07-25,7885.5
2024-07-26,7913
2024-07-29,7919.5
2024-07-30,7915
2024-07-31,8042
2024-08-01,7978
2024-08-02,7730
2024-08-05,7613
2024-08-06,7692
2024-08-07,7789
2024-08-08,7770
2024-08-09,7787
2024-08-12,7805
2024-08-13,7862
2024-08-14,7922
2024-08-15,8021
2024-08-16,8013
2024-08-19,8035
2024-08-20,8022
2024-08-21,8023
2024-08-22,8006
2024-08-23,7990
2024-08-27,7962
2024-08-28,7950
2024-08-29,8030
2024-08-30,8007
2024-09-02,8056
2024-09-03,7984
2024-09-04,7888.5
2024-09-05,7835
2024-09-06,7738
2024-09-09,7836
2024-09-10,7849
2024-09-11,7824
2024-09-12,7956
2024-09-13,8010
2024-09-16,7967
2024-09-17,8033
2024-09-18,7969
2024-09-19,8059
2024-09-20,8003
2024-09-23,8004
2024-09-24,8006
2024-09-25,8027
2024-09-26,8024
2024-09-27,8055
2024-09-30,8016
2024-10-01,8050
2024-10-02,8067
2024-10-03,8121
2024-10-04,8143.5
2024-10-07,8188
2024-10-08,8170
2024-10-09,8227
2024-10-10,8246
2024-10-11,8276
2024-10-14,8326
2024-10-15,8279
2024-10-16,8308
2024-10-17,8350
2024-10-18,8338
2024-10-21,8314
2024-10-22,8320
2024-10-23,8286.5
2024-10-24,8282
2024-10-25,8312
2024-10-28,8308
2024-10-29,8290
2024-10-30,8291
2024-10-31,8231
2024-11-01,8234
2024-11-04,8195
2024-11-05,8219
2024-11-06,8411
2024-11-07,8448
2024-11-08,8492
2024-11-11,8560
2024-11-12,8578
2024-11-13,8601
2024-11-14,8604
2024-11-15,8528.5
2024-11-18,8558
2024-11-19,8539
2024-11-20,8517
2024-11-21,8633
2024-11-22,8719.5
2024-11-25,8741
2024-11-26,8750
2024-11-27,8663
2024-11-28,8690
2024-11-29,8706.5
2024-12-02,8770
2024-12-03,8767
2024-12-04,8774
2024-12-05,8774
2024-12-06,8779
2024-12-09,8733
2024-12-10,8714
2024-12-11,8755
2024-12-12,8772
2024-12-13,8770.5
2024-12-16,8753
2024-12-17,8712
2024-12-18,8722
2024-12-19,8597
2024-12-20,8627
2024-12-23,8641
2024-12-24,8684.5
2024-12-27,8659
2024-12-30,8623
2024-12-31,8647
2025-01-02,8728
2025-01-03,8717
2025-01-06,8780
2025-01-07,8719
2025-01-08,8763
2025-01-09,8810
2025-01-10,8740
2025-01-13,8725
2025-01-14,8761
2025-01-15,8869
2025-01-16,8905
2025-01-17,9015
2025-01-20,8978
2025-01-21,8984
2025-01-22,9061
2025-01-23,9048
2025-01-24,8994.5
2025-01-27,8843
2025-01-28,8927
2025-01-29,8949
2025-01-30,8960
2025-01-31,9042
2025-02-03,8900
2025-02-04,8912
2025-02-05,8900
2025-02-06,9019
2025-02-07,8996
2025-02-10,9037
2025-02-11,9020
2025-02-12,8977
2025-02-13,9003
2025-02-14,8983
2025-02-17,9011
2025-02-18,8994
2025-02-19,9008
2025-02-20,8934.5
2025-02-21,8919
2025-02-24,8835
2025-02-25,8717
2025-02-26,8807
2025-02-27,8780.5
2025-02-28,8716
2025-03-03,8733.5
2025-03-04,8464
2025-03-05,8435
2025-03-06,8488
2025-03-07,8329
2025-03-10,8274
2025-03-11,8135
2025-03-12,8190
2025-03-13,8108
2025-03-14,8241
2025-03-17,8260
2025-03-18,8235
2025-03-19,8295
2025-03-20,8299
2025-03-21,8292
2025-03-24,8420
2025-03-25,8417.5
2025-03-26,8399.5
2025-03-27,8323
2025-03-28,8185
2025-03-31,8128
2025-04-01,8228
2025-04-02,8229
2025-04-03,7877
2025-04-04,7570
2025-04-07,7419
2025-04-08,7649
2025-04-09,7385
2025-04-10,7661
2025-04-11,7626
2025-04-14,7785
2025-04-15,7792
2025-04-16,7738
2025-04-17,7655
2025-04-22,7595
2025-04-23,7811
2025-04-24,7854
2025-04-25,7892
2025-04-28,7869
2025-04-29,7907
2025-04-30,7925
2025-05-01,8104
2025-05-02,8156
2025-05-06,8088
2025-05-07,8061
2025-05-08,8164
2025-05-09,8153
2025-05-12,8365
2025-05-13,8427
2025-05-14,8412
2025-05-15,8434
2025-05-16,8485
2025-05-19,8448
2025-05-20,8472
2025-05-21,8418
2025-05-22,8322
2025-05-23,8225
2025-05-27,8359
2025-05-28,8370
2025-05-29,8363
2025-05-30,8361
2025-06-02,8335
2025-06-03,8419
2025-06-04,8426
2025-06-05,8432
2025-06-06,8466
2025-06-09,8463
2025-06-10,8493
2025-06-11,8520
2025-06-12,8483
2025-06-13,8446
2025-06-16,8488
2025-06-17,8477
2025-06-18,8503
2025-06-19,8414
2025-06-20,8454
2025-06-23,8434
2025-06-24,8495
2025-06-25,8492.5
2025-06-26,8481
2025-06-27,8575
2025-06-30,8586
2025-07-01,8587
2025-07-02,8673
2025-07-03,8719
2025-07-04,8681
2025-07-07,8676
2025-07-08,8706
2025-07-09,8726
2025-07-10,8781
2025-07-11,8777
2025-07-14,8817
2025-07-15,8845
2025-07-16,8737
2025-07-17,8863
2025-07-18,8860
2025-07-21,8872
2025-07-22,8831
2025-07-23,8865
2025-07-24,8938
2025-07-25,8992
2025-07-28,9002
2025-07-29,9012.5
2025-07-30,9045
2025-07-31,9074
2025-08-01,8873
2025-08-04,8971
2025-08-05,8950
2025-08-06,8986
2025-08-07,8953
2025-08-08,8980
2025-08-11,9014
2025-08-12,9008
2025-08-13,9010
2025-08-14,9021
2025-08-15,9024
2025-08-18,9041
2025-08-19,9050
2025-08-20,9020
2025-08-21,9049
2025-08-22,9100
2025-08-26,9059
2025-08-27,9103
2025-08-28,9088
2025-08-29,9056
2025-09-01,9060
2025-09-02,9030
2025-09-03,9064
2025-09-04,9125
2025-09-05,9072
2025-09-08,9125
2025-09-09,9115
2025-09-10,9148
2025-09-11,9207
2025-09-12,9207
2025-09-15,9225
2025-09-16,9176
2025-09-17,9164
2025-09-18,9288
2025-09-19,9316
2025-09-22,9345
2025-09-23,9361
2025-09-24,9350
2025-09-25,9359
2025-09-26,9338
2025-09-29,9380
2025-09-30,9353
2025-10-01,9397
2025-10-02,9452
2025-10-03,9486
2025-10-06,9490
2025-10-07,9470
2025-10-08,9530
2025-10-09,9564
2025-10-10,9399
2025-10-13,9435
2025-10-14,9438
2025-10-15,9463
2025-10-16,9447.5
2025-10-17,9370
2025-10-20,9512
2025-10-21,9536
2025-10-22,9498
2025-10-23,9564
2025-10-24,9642
2025-10-27,9720
2025-10-28,9796
2025-10-29,9846
2025-10-30,9843
2025-10-31,9818
2025-11-03,9819
2025-11-04,9824
2025-11-05,9831
2025-11-06,9702
2025-11-07,9566
2025-11-10,9740
2025-11-11,9800
2025-11-12,9884
2025-11-13,9753
2025-11-14,9731
2025-11-17,9666
2025-11-18,9542
2025-11-19,9583
2025-11-20,9631
2025-11-21,9500
2025-11-24,9633
2025-11-25,9632
2025-11-26,9740
2025-11-27,9718
2025-11-28,9758
2025-12-01,9754
2025-12-02,9769
2025-12-03,9707
2025-12-04,9716
2025-12-05,9754
2025-12-08,9737
2025-12-09,9761
2025-12-10,9731
2025-12-11,9716
2025-12-12,9697
2025-12-15,9707
2025-12-16,9618
2025-12-17,9587
2025-12-18,9676
2025-12-19,9720
2025-12-22,9715
2025-12-23,9728
2025-12-24,9722
2025-12-29,9723
2025-12-30,9758
2025-12-31,9740
2026-01-02,9688
2026-01-05,9770
2026-01-06,9794
2026-01-07,9839
2026-01-08,9828
2026-01-09,9909
2026-01-12,9897
2026-01-13,9909
2026-01-14,9849
2026-01-15,9964
2026-01-16,9942
2026-01-19,9807
2026-01-20,9778
2026-01-21,9784
2026-01-22,9837
2026-01-23,9771
2026-01-26,9747
2026-01-27,9759
2026-01-28,9728
2026-01-29,9647
2026-01-30,9714
2026-02-02,9806
2026-02-03,9739
2026-02-04,9733
2026-02-05,9709
2026-02-06,9779
2026-02-09,9855
2026-02-10,9880
2026-02-11,9869
2026-02-12,9786
2026-02-13,9775
2026-02-16,9741
2026-02-17,9817
2026-02-18,9900
2026-02-19,9918
2026-02-20,9929
2026-02-23,9865
2026-02-24,9879
2026-02-25,9961
2026-02-26,9951
2026-02-27,9971
2026-03-02,9947
2026-03-03,9802
2026-03-04,9911
2026-03-05,9843
2026-03-09,9645
2026-03-10,9780
2026-03-11,9717
2026-03-12,9667
2026-03-13,9669
2026-03-16,9687
2026-03-17,9713
2026-03-18,9649
2026-03-19,9481
2026-03-20,9436
2026-03-23,9441
2026-03-24,9453
2026-03-25,9526
2026-03-26,9425
2026-03-27,9318
2026-03-30,9386
2026-03-31,9429
2026-04-01,9613
2026-04-02,9630
2026-04-07,9583
2026-04-08,9786
2026-04-09,9816
2026-04-10,9840
2026-04-13,9829
2026-04-14,9931
2026-04-15,9968
2026-04-16,10034
2026-04-17,10158
2026-04-20,10117
2026-04-21,10099
2026-04-22,10120
2026-04-23,10145
2026-04-24,10122
2026-04-27,10099
2026-04-28,10077
2026-04-29,10080
2026-04-30,10104
2026-05-01,10181
2026-05-05,10200
2026-05-06,10334
2026-05-07,10338
2026-05-08,10326
2026-05-11,10350
2026-05-12,10334
2026-05-13,10432
2026-05-14,10569
2026-05-15,10560
2026-05-18,10462
2026-05-19,10418
2026-05-20,10490
2026-05-21,10508
2026-05-22,10602
2026-05-26,10643
2026-05-27,10643
2026-05-28,10681
2026-05-29,10692
2026-06-01,10695
2026-06-02,10733
2026-06-03,10706
2026-06-04,10722
2026-06-05,10645
2026-06-08,10609
2026-06-09,10435
2026-06-10,10415
2026-06-11,10439
2026-06-12,10601
2026-06-15,10731
2026-06-16,10730
2026-06-17,10745
2026-06-18,10809
2026-06-19,10823
2026-06-22,10789
2026-06-23,10692
2026-06-24,10757
2026-06-25,10691
2026-06-26,10677
2026-06-29,10679
2026-06-30,10769
2026-07-01,10796
2026-07-02,10719
2026-07-03,10770
2026-07-06,10798
2026-07-07,10711
2026-07-08,10617
2026-07-09,10726
2026-07-10,10749
2026-07-13,10764
2026-07-14,10716
