run_id,swing_family,swing_param,top_family,top_params,bottom_family,bottom_params,integration,cagr,ann_volatility,sharpe,max_drawdown,calmar,end_$,pct_days_cash,rebalances,swing_count,structure_entries,structure_exits,tier2_entries,tier3_entries,lead_only_days,guard_blocked_days,pct_days_1x
Buy & hold 1x,baseline,,none,{},none,{},baseline,0.1417021767630089,0.1776229011881009,0.6987941793906342,-0.41607983364672635,,3036.886195083781,0.0,0,,,,,,,,
SMA20 1x/cash,baseline,,none,{},none,{},baseline,0.19222587412644154,0.1259473300106907,3.608646946488487,-0.23419402667363026,,9171.822652014675,43.866687239623516,745,,,,,,,,
Guarded A5/B25 SMA20 Lead (max 1x),baseline,,none,{},none,{},baseline,0.1857035477218163,0.1367564968018044,3.1758361716798658,-0.21624578345293655,0.8587614738958949,7963.241711086046,32.093812683227895,703,,,,,,,,
fractal_3p0__top_classic_exitLH_LL_k3__bot_capitulation_k3__structure_only,fractal,3.0,classic,"{""exit"": ""LH_LL"", ""k"": 3}",capitulation,"{""k"": 3}",structure_only,0.07030421748639215,0.10582224118940035,0.7762758145974468,-0.2741751219977225,0.25642084874125143,569.7361187042748,60.854806357043664,114,1002.0,57.0,56.0,,,,,
fractal_3p0__top_classic_exitLH_LL_k3__bot_capitulation_k3__guarded,fractal,3.0,classic,"{""exit"": ""LH_LL"", ""k"": 3}",capitulation,"{""k"": 3}",guarded,0.1422025525778281,0.134009177153165,2.8865587547576625,-0.2943268527790905,0.4831450179795842,3040.64230018777,34.20768399938281,689,1002.0,70.0,89.0,10.0,2.0,282.0,1964.0,65.79231600061719
fractal_3p0__top_classic_exitLH_LL_k3__bot_capitulation_k3__sell_only,fractal,3.0,classic,"{""exit"": ""LH_LL"", ""k"": 3}",capitulation,"{""k"": 3}",sell_only,0.08797859895793358,0.1684479301206477,0.788857138569863,-0.5212301595762698,0.16879030758591393,868.7428838348135,9.84415985187471,180,1002.0,,89.0,,,,,
fractal_5p0__top_classic_exitLH_LL_k3__bot_capitulation_k3__structure_only,fractal,5.0,classic,"{""exit"": ""LH_LL"", ""k"": 3}",capitulation,"{""k"": 3}",structure_only,0.07078820740306746,0.10733481189241809,0.5509218507701176,-0.3181661003234801,0.22248821395835996,576.4094527275814,59.743866687239624,60,610.0,30.0,29.0,,,,,
fractal_5p0__top_classic_exitLH_LL_k3__bot_capitulation_k3__guarded,fractal,5.0,classic,"{""exit"": ""LH_LL"", ""k"": 3}",capitulation,"{""k"": 3}",guarded,0.13970283459183297,0.13263312244041875,2.8428291494044,-0.25557438106054314,0.5466229988002541,2873.8026022767203,35.90495293936121,669,610.0,43.0,52.0,10.0,2.0,315.0,1964.0,64.09504706063879
fractal_5p0__top_classic_exitLH_LL_k3__bot_capitulation_k3__sell_only,fractal,5.0,classic,"{""exit"": ""LH_LL"", ""k"": 3}",capitulation,"{""k"": 3}",sell_only,0.1011067524925815,0.17202754261940517,0.6984789105579242,-0.43690246407985633,0.23141721735426368,1183.2186534458835,5.67813609010955,106,610.0,,52.0,,,,,
fractal_7p0__top_classic_exitLH_LL_k3__bot_capitulation_k3__structure_only,fractal,7.0,classic,"{""exit"": ""LH_LL"", ""k"": 3}",capitulation,"{""k"": 3}",structure_only,0.06713833224783716,0.12261253487115234,0.4156814497661418,-0.35123813445043006,0.19114761656756363,527.8810206809786,51.1340842462583,40,456.0,20.0,19.0,,,,,
fractal_7p0__top_classic_exitLH_LL_k3__bot_capitulation_k3__guarded,fractal,7.0,classic,"{""exit"": ""LH_LL"", ""k"": 3}",capitulation,"{""k"": 3}",guarded,0.1414410496861438,0.1327142848888424,2.8704195143281517,-0.27177006447986024,0.5204438169334334,2988.855297312477,35.704366610091036,675,456.0,31.0,33.0,10.0,2.0,376.0,1964.0,64.29563338990897
fractal_7p0__top_classic_exitLH_LL_k3__bot_capitulation_k3__sell_only,fractal,7.0,classic,"{""exit"": ""LH_LL"", ""k"": 3}",capitulation,"{""k"": 3}",sell_only,0.10785485811320505,0.17418286328948954,0.6509950443373463,-0.4342550654722951,0.24836753025759709,1384.8780561816718,3.0550840919611173,68,456.0,,33.0,,,,,
pct_0p02__top_classic_exitLH_LL_k3__bot_capitulation_k3__structure_only,pct,0.02,classic,"{""exit"": ""LH_LL"", ""k"": 3}",capitulation,"{""k"": 3}",structure_only,0.07857235725061473,0.11729760813215671,0.5624200604827188,-0.3282404686343398,0.23937437567500067,694.6359307169715,53.72627680913439,67,611.0,33.0,33.0,,,,,
pct_0p02__top_classic_exitLH_LL_k3__bot_capitulation_k3__guarded,pct,0.02,classic,"{""exit"": ""LH_LL"", ""k"": 3}",capitulation,"{""k"": 3}",guarded,0.13772968925726814,0.13345678423761995,2.8507173823198757,-0.2998594145321641,0.4593142071999034,2748.3580194110687,34.871161857738,683,611.0,44.0,54.0,10.0,2.0,365.0,1964.0,65.128838142262
pct_0p02__top_classic_exitLH_LL_k3__bot_capitulation_k3__sell_only,pct,0.02,classic,"{""exit"": ""LH_LL"", ""k"": 3}",capitulation,"{""k"": 3}",sell_only,0.10382379041597978,0.16976000134449182,0.7343154973931837,-0.4619823483783689,0.22473540554183014,1260.7648597126692,5.138095972843697,110,611.0,,54.0,,,,,
pct_0p03__top_classic_exitLH_LL_k3__bot_capitulation_k3__structure_only,pct,0.03,classic,"{""exit"": ""LH_LL"", ""k"": 3}",capitulation,"{""k"": 3}",structure_only,0.08988298340997813,0.10876087843020059,0.6579382296596987,-0.24179198267617905,0.3717368227645261,908.7715627232355,59.63585866378646,38,371.0,19.0,18.0,,,,,
pct_0p03__top_classic_exitLH_LL_k3__bot_capitulation_k3__guarded,pct,0.03,classic,"{""exit"": ""LH_LL"", ""k"": 3}",capitulation,"{""k"": 3}",guarded,0.13383021568163667,0.13407689149670196,2.8861730523302094,-0.2877937941187876,0.4650212006531243,2515.7466658335206,34.23854343465514,711,371.0,24.0,36.0,10.0,2.0,329.0,1964.0,65.76145656534486
pct_0p03__top_classic_exitLH_LL_k3__bot_capitulation_k3__sell_only,pct,0.03,classic,"{""exit"": ""LH_LL"", ""k"": 3}",capitulation,"{""k"": 3}",sell_only,0.10901899682182226,0.17410232807197576,0.6705860150760381,-0.45439390452318995,0.23992178534221179,1422.8532441349944,2.2835982101527543,74,371.0,,36.0,,,,,
pct_0p05__top_classic_exitLH_LL_k3__bot_capitulation_k3__structure_only,pct,0.05,classic,"{""exit"": ""LH_LL"", ""k"": 3}",capitulation,"{""k"": 3}",structure_only,0.06757989116806584,0.10687045376678497,0.2566489379753441,-0.331837085825793,0.2036538230797499,533.5360800213142,65.73059713007252,11,175.0,5.0,5.0,,,,,
pct_0p05__top_classic_exitLH_LL_k3__bot_capitulation_k3__guarded,pct,0.05,classic,"{""exit"": ""LH_LL"", ""k"": 3}",capitulation,"{""k"": 3}",guarded,0.1485590525373972,0.133378129283582,2.9725941169716883,-0.2491305833080381,0.5963099775418219,3507.8952182626617,34.31569202283598,697,175.0,10.0,18.0,10.0,2.0,373.0,1964.0,65.68430797716401
pct_0p05__top_classic_exitLH_LL_k3__bot_capitulation_k3__sell_only,pct,0.05,classic,"{""exit"": ""LH_LL"", ""k"": 3}",capitulation,"{""k"": 3}",sell_only,0.120841050679797,0.1758105464783196,0.6585347615254703,-0.4037000603286713,0.2993337444176119,1869.715072731119,1.2035179756210461,38,175.0,,18.0,,,,,
atr_1p0__top_classic_exitLH_LL_k3__bot_capitulation_k3__structure_only,atr,1.0,classic,"{""exit"": ""LH_LL"", ""k"": 3}",capitulation,"{""k"": 3}",structure_only,0.048604782531289414,0.1088376059936739,0.6177849456837181,-0.47801946620852726,0.10167950463775981,336.16201549771694,60.48449313377565,157,1477.0,78.0,78.0,,,,,
atr_1p0__top_classic_exitLH_LL_k3__bot_capitulation_k3__guarded,atr,1.0,classic,"{""exit"": ""LH_LL"", ""k"": 3}",capitulation,"{""k"": 3}",guarded,0.13284502986113633,0.13407304812312065,2.8483100630513,-0.29113048318430673,0.45630752371965044,2460.043500302259,34.871161857738,699,1477.0,105.0,136.0,10.0,2.0,312.0,1964.0,65.128838142262
atr_1p0__top_classic_exitLH_LL_k3__bot_capitulation_k3__sell_only,atr,1.0,classic,"{""exit"": ""LH_LL"", ""k"": 3}",capitulation,"{""k"": 3}",sell_only,0.06253453915593465,0.1671223282463096,0.8113002276754298,-0.6338008045571345,0.09866591949126727,472.2497548409897,12.513501002931646,274,1477.0,,136.0,,,,,
atr_1p5__top_classic_exitLH_LL_k3__bot_capitulation_k3__structure_only,atr,1.5,classic,"{""exit"": ""LH_LL"", ""k"": 3}",capitulation,"{""k"": 3}",structure_only,0.05827809538184203,0.10517773165768782,0.5473926506362541,-0.21366353301614308,0.27275639674758584,425.86274524981775,61.33312760376485,108,1027.0,54.0,53.0,,,,,
atr_1p5__top_classic_exitLH_LL_k3__bot_capitulation_k3__guarded,atr,1.5,classic,"{""exit"": ""LH_LL"", ""k"": 3}",capitulation,"{""k"": 3}",guarded,0.1392687835744466,0.13387704429666353,2.8491730264797015,-0.3112180302318948,0.44749587120860135,2845.7439333215534,34.84030242246567,679,1027.0,71.0,90.0,10.0,2.0,305.0,1964.0,65.15969757753433
atr_1p5__top_classic_exitLH_LL_k3__bot_capitulation_k3__sell_only,atr,1.5,classic,"{""exit"": ""LH_LL"", ""k"": 3}",capitulation,"{""k"": 3}",sell_only,0.07925151562982569,0.16866942362360696,0.7167510452109374,-0.5465276800011847,0.14500915238118203,705.9906135171362,7.853726276809134,182,1027.0,,90.0,,,,,
atr_2p0__top_classic_exitLH_LL_k3__bot_capitulation_k3__structure_only,atr,2.0,classic,"{""exit"": ""LH_LL"", ""k"": 3}",capitulation,"{""k"": 3}",structure_only,0.06657546170650219,0.10516148787045597,0.5765790739398247,-0.31816610032348003,0.2092475019771585,520.7558073545868,61.240549297947844,82,781.0,41.0,40.0,,,,,
atr_2p0__top_classic_exitLH_LL_k3__bot_capitulation_k3__guarded,atr,2.0,classic,"{""exit"": ""LH_LL"", ""k"": 3}",capitulation,"{""k"": 3}",guarded,0.1438716493604839,0.13436996989637015,2.8857887296683407,-0.2796928311500807,0.5143916230133323,3157.1854266374535,34.11510569356581,685,781.0,52.0,70.0,10.0,2.0,302.0,1964.0,65.88489430643419
atr_2p0__top_classic_exitLH_LL_k3__bot_capitulation_k3__sell_only,atr,2.0,classic,"{""exit"": ""LH_LL"", ""k"": 3}",capitulation,"{""k"": 3}",sell_only,0.09046802824606215,0.17021617773706574,0.7071871355562475,-0.5023984171755326,0.18007227959568511,921.4206625566354,8.27032865298565,142,781.0,,70.0,,,,,
zigzag_0p02__top_classic_exitLH_LL_k3__bot_capitulation_k3__structure_only,zigzag,0.02,classic,"{""exit"": ""LH_LL"", ""k"": 3}",capitulation,"{""k"": 3}",structure_only,0.07857235725061473,0.11729760813215671,0.5624200604827188,-0.3282404686343398,0.23937437567500067,694.6359307169715,53.72627680913439,67,611.0,33.0,33.0,,,,,
zigzag_0p02__top_classic_exitLH_LL_k3__bot_capitulation_k3__guarded,zigzag,0.02,classic,"{""exit"": ""LH_LL"", ""k"": 3}",capitulation,"{""k"": 3}",guarded,0.13772968925726814,0.13345678423761995,2.8507173823198757,-0.2998594145321641,0.4593142071999034,2748.3580194110687,34.871161857738,683,611.0,44.0,54.0,10.0,2.0,365.0,1964.0,65.128838142262
zigzag_0p02__top_classic_exitLH_LL_k3__bot_capitulation_k3__sell_only,zigzag,0.02,classic,"{""exit"": ""LH_LL"", ""k"": 3}",capitulation,"{""k"": 3}",sell_only,0.10382379041597978,0.16976000134449182,0.7343154973931837,-0.4619823483783689,0.22473540554183014,1260.7648597126692,5.138095972843697,110,611.0,,54.0,,,,,
zigzag_0p03__top_classic_exitLH_LL_k3__bot_capitulation_k3__structure_only,zigzag,0.03,classic,"{""exit"": ""LH_LL"", ""k"": 3}",capitulation,"{""k"": 3}",structure_only,0.08988298340997813,0.10876087843020059,0.6579382296596987,-0.24179198267617905,0.3717368227645261,908.7715627232355,59.63585866378646,38,371.0,19.0,18.0,,,,,
zigzag_0p03__top_classic_exitLH_LL_k3__bot_capitulation_k3__guarded,zigzag,0.03,classic,"{""exit"": ""LH_LL"", ""k"": 3}",capitulation,"{""k"": 3}",guarded,0.13383021568163667,0.13407689149670196,2.8861730523302094,-0.2877937941187876,0.4650212006531243,2515.7466658335206,34.23854343465514,711,371.0,24.0,36.0,10.0,2.0,329.0,1964.0,65.76145656534486
zigzag_0p03__top_classic_exitLH_LL_k3__bot_capitulation_k3__sell_only,zigzag,0.03,classic,"{""exit"": ""LH_LL"", ""k"": 3}",capitulation,"{""k"": 3}",sell_only,0.10901899682182226,0.17410232807197576,0.6705860150760381,-0.45439390452318995,0.23992178534221179,1422.8532441349944,2.2835982101527543,74,371.0,,36.0,,,,,
zigzag_0p05__top_classic_exitLH_LL_k3__bot_capitulation_k3__structure_only,zigzag,0.05,classic,"{""exit"": ""LH_LL"", ""k"": 3}",capitulation,"{""k"": 3}",structure_only,0.06757989116806584,0.10687045376678497,0.2566489379753441,-0.331837085825793,0.2036538230797499,533.5360800213142,65.73059713007252,11,175.0,5.0,5.0,,,,,
zigzag_0p05__top_classic_exitLH_LL_k3__bot_capitulation_k3__guarded,zigzag,0.05,classic,"{""exit"": ""LH_LL"", ""k"": 3}",capitulation,"{""k"": 3}",guarded,0.1485590525373972,0.133378129283582,2.9725941169716883,-0.2491305833080381,0.5963099775418219,3507.8952182626617,34.31569202283598,697,175.0,10.0,18.0,10.0,2.0,373.0,1964.0,65.68430797716401
zigzag_0p05__top_classic_exitLH_LL_k3__bot_capitulation_k3__sell_only,zigzag,0.05,classic,"{""exit"": ""LH_LL"", ""k"": 3}",capitulation,"{""k"": 3}",sell_only,0.120841050679797,0.1758105464783196,0.6585347615254703,-0.4037000603286713,0.2993337444176119,1869.715072731119,1.2035179756210461,38,175.0,,18.0,,,,,
fractal_5p0__top_classic_exitLH_k2__bot_capitulation_k3__structure_only,fractal,5.0,classic,"{""exit"": ""LH"", ""k"": 2}",capitulation,"{""k"": 3}",structure_only,0.08393534697233607,0.11210896686911494,0.6214159701976899,-0.24179198267617846,0.3471386687156912,789.2993258070283,54.49776269094275,52,610.0,26.0,25.0,,,,,
fractal_5p0__top_classic_exitLH_k2__bot_capitulation_k3__guarded,fractal,5.0,classic,"{""exit"": ""LH"", ""k"": 2}",capitulation,"{""k"": 3}",guarded,0.13970283459183297,0.13263312244041875,2.8428291494044,-0.25557438106054314,0.5466229988002541,2873.8026022767203,35.90495293936121,669,610.0,43.0,47.0,10.0,2.0,371.0,1964.0,64.09504706063879
fractal_5p0__top_classic_exitLL_k2__bot_capitulation_k3__structure_only,fractal,5.0,classic,"{""exit"": ""LL"", ""k"": 2}",capitulation,"{""k"": 3}",structure_only,0.07349475865566069,0.13612681407438232,0.47678312090612746,-0.3913110978552604,0.18781669893462924,615.1351086011125,42.23113717018979,48,610.0,24.0,23.0,,,,,
fractal_5p0__top_classic_exitLL_k2__bot_capitulation_k3__guarded,fractal,5.0,classic,"{""exit"": ""LL"", ""k"": 2}",capitulation,"{""k"": 3}",guarded,0.15265189406659263,0.1353212837178096,2.9182375273792434,-0.26091579977365587,0.5850619019584784,3844.484512947227,34.23854343465514,679,610.0,43.0,35.0,10.0,2.0,429.0,1964.0,65.76145656534486
fractal_5p0__top_classic_exitLH_LL_k2__bot_capitulation_k3__structure_only,fractal,5.0,classic,"{""exit"": ""LH_LL"", ""k"": 2}",capitulation,"{""k"": 3}",structure_only,0.0636360538100178,0.08997090171401066,0.565285059887791,-0.1982236962497,0.32103151648356026,485.02323752721486,71.5784601141799,76,610.0,38.0,37.0,,,,,
fractal_5p0__top_classic_exitLH_LL_k2__bot_capitulation_k3__guarded,fractal,5.0,classic,"{""exit"": ""LH_LL"", ""k"": 2}",capitulation,"{""k"": 3}",guarded,0.13948893568381515,0.13259239407713005,2.8412766195911736,-0.25546906245683787,0.5460110681988437,2859.9423126065103,35.98210152754205,669,610.0,43.0,82.0,10.0,2.0,200.0,1964.0,64.01789847245796
fractal_5p0__top_classic_exitLH_k3__bot_capitulation_k3__structure_only,fractal,5.0,classic,"{""exit"": ""LH"", ""k"": 3}",capitulation,"{""k"": 3}",structure_only,0.08692088400204612,0.12369201853990865,0.6051782232015004,-0.2790221789781492,0.31151962299331437,847.2483063808397,45.25536182687857,44,610.0,22.0,21.0,,,,,
fractal_5p0__top_classic_exitLH_k3__bot_capitulation_k3__guarded,fractal,5.0,classic,"{""exit"": ""LH"", ""k"": 3}",capitulation,"{""k"": 3}",guarded,0.13970283459183297,0.13263312244041875,2.8428291494044,-0.25557438106054314,0.5466229988002541,2873.8026022767203,35.90495293936121,669,610.0,43.0,34.0,10.0,2.0,463.0,1964.0,64.09504706063879
fractal_5p0__top_classic_exitLL_k3__bot_capitulation_k3__structure_only,fractal,5.0,classic,"{""exit"": ""LL"", ""k"": 3}",capitulation,"{""k"": 3}",structure_only,0.08797068557795473,0.14692076102241594,0.536286553222033,-0.3967393771381405,0.22173419289138083,868.5801413625035,28.14380496836908,34,610.0,17.0,16.0,,,,,
fractal_5p0__top_classic_exitLL_k3__bot_capitulation_k3__guarded,fractal,5.0,classic,"{""exit"": ""LL"", ""k"": 3}",capitulation,"{""k"": 3}",guarded,0.1563581951966131,0.1364879185651644,2.9706648507130042,-0.2609946900251771,0.5990857330527677,4175.897895561776,32.46412590649591,697,610.0,43.0,18.0,10.0,2.0,561.0,1964.0,67.53587409350409
fractal_5p0__top_classic_exitLH_k4__bot_capitulation_k3__structure_only,fractal,5.0,classic,"{""exit"": ""LH"", ""k"": 4}",capitulation,"{""k"": 3}",structure_only,0.09234121513834759,0.14014438733063422,0.563790788484424,-0.32158117998921093,0.28714744793661634,963.0687924865982,31.646350871779045,28,610.0,14.0,13.0,,,,,
fractal_5p0__top_classic_exitLH_k4__bot_capitulation_k3__guarded,fractal,5.0,classic,"{""exit"": ""LH"", ""k"": 4}",capitulation,"{""k"": 3}",guarded,0.13824996578381898,0.13303664637889595,2.823850545754192,-0.2548463031357709,0.5424837012847131,2780.9143849286684,35.704366610091036,669,610.0,43.0,19.0,10.0,2.0,565.0,1964.0,64.29563338990897
fractal_5p0__top_classic_exitLL_k4__bot_capitulation_k3__structure_only,fractal,5.0,classic,"{""exit"": ""LL"", ""k"": 4}",capitulation,"{""k"": 3}",structure_only,0.08857299974019117,0.1478117553773457,0.5276661742707113,-0.3815986753324834,0.23211034383968535,881.0511611065922,27.341459651288382,30,610.0,15.0,14.0,,,,,
fractal_5p0__top_classic_exitLL_k4__bot_capitulation_k3__guarded,fractal,5.0,classic,"{""exit"": ""LL"", ""k"": 4}",capitulation,"{""k"": 3}",guarded,0.1563581951966131,0.1364879185651644,2.9706648507130042,-0.2609946900251771,0.5990857330527677,4175.897895561776,32.46412590649591,697,610.0,43.0,16.0,10.0,2.0,568.0,1964.0,67.53587409350409
fractal_5p0__top_classic_exitLH_LL_k4__bot_capitulation_k3__structure_only,fractal,5.0,classic,"{""exit"": ""LH_LL"", ""k"": 4}",capitulation,"{""k"": 3}",structure_only,0.0720478369026798,0.12466942133048206,0.4781395758449809,-0.31909397741844764,0.2257887707112661,594.1315227687861,47.04520907267397,44,610.0,22.0,21.0,,,,,
fractal_5p0__top_classic_exitLH_LL_k4__bot_capitulation_k3__guarded,fractal,5.0,classic,"{""exit"": ""LH_LL"", ""k"": 4}",capitulation,"{""k"": 3}",guarded,0.13824996578381898,0.13303664637889595,2.823850545754192,-0.2548463031357709,0.5424837012847131,2780.9143849286684,35.704366610091036,669,610.0,43.0,35.0,10.0,2.0,410.0,1964.0,64.29563338990897
fractal_5p0__top_failed_hh_m3__bot_capitulation_k3__structure_only,fractal,5.0,failed_hh,"{""m"": 3}",capitulation,"{""k"": 3}",structure_only,0.09408140585007296,0.08317536138311088,1.0797246617528047,-0.21946623466940238,0.42868282673092967,1003.3767695098891,80.8208609782441,72,610.0,36.0,35.0,,,,,
fractal_5p0__top_failed_hh_m3__bot_capitulation_k3__guarded,fractal,5.0,failed_hh,"{""m"": 3}",capitulation,"{""k"": 3}",guarded,0.1419143552315696,0.1328480445454704,2.855371227836631,-0.2566268827049537,0.5529987884968771,3020.94242900175,35.6735071748187,669,610.0,43.0,83.0,10.0,2.0,167.0,1964.0,64.3264928251813
fractal_5p0__top_failed_hh_m5__bot_capitulation_k3__structure_only,fractal,5.0,failed_hh,"{""m"": 5}",capitulation,"{""k"": 3}",structure_only,0.09361763887732377,0.0831038048913766,1.0751219421457185,-0.21946623466940238,0.4265696680783114,992.4788365346728,81.05230674278661,72,610.0,36.0,35.0,,,,,
fractal_5p0__top_failed_hh_m5__bot_capitulation_k3__guarded,fractal,5.0,failed_hh,"{""m"": 5}",capitulation,"{""k"": 3}",guarded,0.1419143552315696,0.1328480445454704,2.855371227836631,-0.2566268827049537,0.5529987884968771,3020.94242900175,35.6735071748187,669,610.0,43.0,93.0,10.0,2.0,167.0,1964.0,64.3264928251813
fractal_5p0__top_hl_decay_k3_n_hl2__bot_capitulation_k3__structure_only,fractal,5.0,hl_decay,"{""k"": 3, ""n_hl"": 2}",capitulation,"{""k"": 3}",structure_only,0.07078820740306746,0.10733481189241809,0.5509218507701176,-0.3181661003234801,0.22248821395835996,576.4094527275814,59.743866687239624,60,610.0,30.0,29.0,,,,,
fractal_5p0__top_hl_decay_k3_n_hl2__bot_capitulation_k3__guarded,fractal,5.0,hl_decay,"{""k"": 3, ""n_hl"": 2}",capitulation,"{""k"": 3}",guarded,0.13970283459183297,0.13263312244041875,2.8428291494044,-0.25557438106054314,0.5466229988002541,2873.8026022767203,35.90495293936121,669,610.0,43.0,52.0,10.0,2.0,315.0,1964.0,64.09504706063879
fractal_5p0__top_hl_decay_k3_n_hl3__bot_capitulation_k3__structure_only,fractal,5.0,hl_decay,"{""k"": 3, ""n_hl"": 3}",capitulation,"{""k"": 3}",structure_only,0.07078820740306746,0.10733481189241809,0.5509218507701176,-0.3181661003234801,0.22248821395835996,576.4094527275814,59.743866687239624,60,610.0,30.0,29.0,,,,,
fractal_5p0__top_hl_decay_k3_n_hl3__bot_capitulation_k3__guarded,fractal,5.0,hl_decay,"{""k"": 3, ""n_hl"": 3}",capitulation,"{""k"": 3}",guarded,0.13970283459183297,0.13263312244041875,2.8428291494044,-0.25557438106054314,0.5466229988002541,2873.8026022767203,35.90495293936121,669,610.0,43.0,52.0,10.0,2.0,315.0,1964.0,64.09504706063879
fractal_5p0__top_extension_ext_pct0.0_k2__bot_capitulation_k3__structure_only,fractal,5.0,extension,"{""ext_pct"": 0.0, ""k"": 2}",capitulation,"{""k"": 3}",structure_only,0.06563528038216448,0.09844248733991824,0.5362135349927769,-0.31816610032347925,0.20629250041231023,509.0600191874454,68.92454868075914,70,610.0,35.0,34.0,,,,,
fractal_5p0__top_extension_ext_pct0.0_k2__bot_capitulation_k3__guarded,fractal,5.0,extension,"{""ext_pct"": 0.0, ""k"": 2}",capitulation,"{""k"": 3}",guarded,0.13948893568381515,0.13259239407713005,2.8412766195911736,-0.25546906245683787,0.5460110681988437,2859.9423126065103,35.98210152754205,669,610.0,43.0,72.0,10.0,2.0,223.0,1964.0,64.01789847245796
fractal_5p0__top_extension_ext_pct0.0_k3__bot_capitulation_k3__structure_only,fractal,5.0,extension,"{""ext_pct"": 0.0, ""k"": 3}",capitulation,"{""k"": 3}",structure_only,0.07147462436148388,0.12361219935675724,0.48867142242753947,-0.3218294049312035,0.22208854525509503,586.0028557574235,47.84755438975466,48,610.0,24.0,23.0,,,,,
fractal_5p0__top_extension_ext_pct0.0_k3__bot_capitulation_k3__guarded,fractal,5.0,extension,"{""ext_pct"": 0.0, ""k"": 3}",capitulation,"{""k"": 3}",guarded,0.13824996578381898,0.13303664637889595,2.823850545754192,-0.2548463031357709,0.5424837012847131,2780.9143849286684,35.704366610091036,669,610.0,43.0,39.0,10.0,2.0,403.0,1964.0,64.29563338990897
fractal_5p0__top_extension_ext_pct0.05_k2__bot_capitulation_k3__structure_only,fractal,5.0,extension,"{""ext_pct"": 0.05, ""k"": 2}",capitulation,"{""k"": 3}",structure_only,0.10591797939282888,0.14109705928785168,0.6735567555476911,-0.3239551307788509,0.3269526219207627,1323.8446506170667,27.0482950162012,32,610.0,16.0,15.0,,,,,
fractal_5p0__top_extension_ext_pct0.05_k2__bot_capitulation_k3__guarded,fractal,5.0,extension,"{""ext_pct"": 0.05, ""k"": 2}",capitulation,"{""k"": 3}",guarded,0.15376293662961782,0.136302632766194,2.9619817736595078,-0.2601796198191739,0.5909876289944762,3941.08256221713,32.680141953402256,699,610.0,43.0,21.0,10.0,2.0,611.0,1964.0,67.31985804659774
fractal_5p0__top_extension_ext_pct0.05_k3__bot_capitulation_k3__structure_only,fractal,5.0,extension,"{""ext_pct"": 0.05, ""k"": 3}",capitulation,"{""k"": 3}",structure_only,0.10433974087959985,0.1507022432949739,0.6048025517213627,-0.3787676390457431,0.2754716351757784,1276.0322340437497,18.700817775034718,22,610.0,11.0,10.0,,,,,
fractal_5p0__top_extension_ext_pct0.05_k3__bot_capitulation_k3__guarded,fractal,5.0,extension,"{""ext_pct"": 0.05, ""k"": 3}",capitulation,"{""k"": 3}",guarded,0.15376293662961782,0.136302632766194,2.9619817736595078,-0.2601796198191739,0.5909876289944762,3941.08256221713,32.680141953402256,699,610.0,43.0,12.0,10.0,2.0,663.0,1964.0,67.31985804659774
fractal_5p0__top_extension_ext_pct0.1_k2__bot_capitulation_k3__structure_only,fractal,5.0,extension,"{""ext_pct"": 0.1, ""k"": 2}",capitulation,"{""k"": 3}",structure_only,0.14424474111612295,0.1728532972208014,0.7369739730342955,-0.4154851577823289,0.3471718265124942,3183.8171951618156,3.332819009412128,6,610.0,3.0,2.0,,,,,
fractal_5p0__top_extension_ext_pct0.1_k2__bot_capitulation_k3__guarded,fractal,5.0,extension,"{""ext_pct"": 0.1, ""k"": 2}",capitulation,"{""k"": 3}",guarded,0.1724968626523924,0.1379253894848677,3.040186635414451,-0.263487490706436,0.6546681293670195,5967.512928188887,31.661780589415212,695,610.0,43.0,2.0,10.0,2.0,803.0,1964.0,68.33821941058478
fractal_5p0__top_extension_ext_pct0.1_k3__bot_capitulation_k3__structure_only,fractal,5.0,extension,"{""ext_pct"": 0.1, ""k"": 3}",capitulation,"{""k"": 3}",structure_only,0.14530677247979518,0.17494804842608996,0.732602531449803,-0.41625835854849796,0.34907832958954405,3260.813773726959,1.9904335750655762,4,610.0,2.0,1.0,,,,,
fractal_5p0__top_extension_ext_pct0.1_k3__bot_capitulation_k3__guarded,fractal,5.0,extension,"{""ext_pct"": 0.1, ""k"": 3}",capitulation,"{""k"": 3}",guarded,0.1724968626523924,0.1379253894848677,3.040186635414451,-0.263487490706436,0.6546681293670195,5967.512928188887,31.661780589415212,695,610.0,43.0,1.0,10.0,2.0,810.0,1964.0,68.33821941058478
pct_0p03__top_classic_exitLH_k2__bot_capitulation_k3__structure_only,pct,0.03,classic,"{""exit"": ""LH"", ""k"": 2}",capitulation,"{""k"": 3}",structure_only,0.10083810763606493,0.10743945456380823,0.7557592374688431,-0.2790221789781482,0.36139817990584233,1175.8053784197596,60.49992285141181,37,371.0,18.0,18.0,,,,,
pct_0p03__top_classic_exitLH_k2__bot_capitulation_k3__guarded,pct,0.03,classic,"{""exit"": ""LH"", ""k"": 2}",capitulation,"{""k"": 3}",guarded,0.1353684063709757,0.13382165716369132,2.9033260961995633,-0.2886783946715091,0.468924619471482,2605.1485304212047,34.28483258756365,711,371.0,24.0,37.0,10.0,2.0,337.0,1964.0,65.71516741243634
pct_0p03__top_classic_exitLL_k2__bot_capitulation_k3__structure_only,pct,0.03,classic,"{""exit"": ""LL"", ""k"": 2}",capitulation,"{""k"": 3}",structure_only,0.08422695272098402,0.13812428581574318,0.5043812801367852,-0.3673588548684051,0.2292770450603558,794.7870021314118,33.71393303502546,24,371.0,12.0,11.0,,,,,
pct_0p03__top_classic_exitLL_k2__bot_capitulation_k3__guarded,pct,0.03,classic,"{""exit"": ""LL"", ""k"": 2}",capitulation,"{""k"": 3}",guarded,0.1479188617763405,0.1365418167526605,2.9825230649691585,-0.2947120591235205,0.5019097698826921,3457.8783936531813,32.52584477704058,723,371.0,24.0,15.0,10.0,2.0,532.0,1964.0,67.47415522295942
pct_0p03__top_classic_exitLH_LL_k2__bot_capitulation_k3__structure_only,pct,0.03,classic,"{""exit"": ""LH_LL"", ""k"": 2}",capitulation,"{""k"": 3}",structure_only,0.07591782497901822,0.08041500780939992,0.6273759457824104,-0.2793562461094034,0.27175989810976614,651.916229475896,75.18901404104305,47,371.0,23.0,23.0,,,,,
pct_0p03__top_classic_exitLH_LL_k2__bot_capitulation_k3__guarded,pct,0.03,classic,"{""exit"": ""LH_LL"", ""k"": 2}",capitulation,"{""k"": 3}",guarded,0.1353684063709757,0.13382165716369132,2.9033260961995633,-0.2886783946715091,0.468924619471482,2605.1485304212047,34.28483258756365,711,371.0,24.0,52.0,10.0,2.0,209.0,1964.0,65.71516741243634
pct_0p03__top_classic_exitLH_k3__bot_capitulation_k3__structure_only,pct,0.03,classic,"{""exit"": ""LH"", ""k"": 3}",capitulation,"{""k"": 3}",structure_only,0.10877331371031884,0.122666747014812,0.7464593639884098,-0.27902217897814846,0.38983751796604454,1414.7564518693102,47.86298410739083,32,371.0,16.0,15.0,,,,,
pct_0p03__top_classic_exitLH_k3__bot_capitulation_k3__guarded,pct,0.03,classic,"{""exit"": ""LH"", ""k"": 3}",capitulation,"{""k"": 3}",guarded,0.13383021568163667,0.13407689149670196,2.8861730523302094,-0.2877937941187876,0.4650212006531243,2515.7466658335206,34.23854343465514,711,371.0,24.0,27.0,10.0,2.0,436.0,1964.0,65.76145656534486
pct_0p03__top_classic_exitLL_k3__bot_capitulation_k3__structure_only,pct,0.03,classic,"{""exit"": ""LL"", ""k"": 3}",capitulation,"{""k"": 3}",structure_only,0.10247897133434347,0.15041627053472012,0.5920488804675433,-0.38272923098405404,0.26775841257500693,1221.791369171615,26.261379416756675,18,371.0,9.0,8.0,,,,,
pct_0p03__top_classic_exitLL_k3__bot_capitulation_k3__guarded,pct,0.03,classic,"{""exit"": ""LL"", ""k"": 3}",capitulation,"{""k"": 3}",guarded,0.1479188617763405,0.1365418167526605,2.9825230649691585,-0.2947120591235205,0.5019097698826921,3457.8783936531813,32.52584477704058,723,371.0,24.0,9.0,10.0,2.0,588.0,1964.0,67.47415522295942
pct_0p03__top_classic_exitLH_k4__bot_capitulation_k3__structure_only,pct,0.03,classic,"{""exit"": ""LH"", ""k"": 4}",capitulation,"{""k"": 3}",structure_only,0.10050420536028248,0.13846572495609202,0.598892668902253,-0.3762805246477313,0.2670991422008172,1166.6535333962054,32.263539577225735,22,371.0,11.0,10.0,,,,,
pct_0p03__top_classic_exitLH_k4__bot_capitulation_k3__guarded,pct,0.03,classic,"{""exit"": ""LH"", ""k"": 4}",capitulation,"{""k"": 3}",guarded,0.13383021568163667,0.13407689149670196,2.8861730523302094,-0.2877937941187876,0.4650212006531243,2515.7466658335206,34.23854343465514,711,371.0,24.0,15.0,10.0,2.0,589.0,1964.0,65.76145656534486
pct_0p03__top_classic_exitLL_k4__bot_capitulation_k3__structure_only,pct,0.03,classic,"{""exit"": ""LL"", ""k"": 4}",capitulation,"{""k"": 3}",structure_only,0.10801335022104608,0.1556252589673309,0.596550819444312,-0.3793140760996726,0.28475966758656046,1389.9903133746943,23.530319395155068,14,371.0,7.0,6.0,,,,,
pct_0p03__top_classic_exitLL_k4__bot_capitulation_k3__guarded,pct,0.03,classic,"{""exit"": ""LL"", ""k"": 4}",capitulation,"{""k"": 3}",guarded,0.1479188617763405,0.1365418167526605,2.9825230649691585,-0.2947120591235205,0.5019097698826921,3457.8783936531813,32.52584477704058,723,371.0,24.0,7.0,10.0,2.0,614.0,1964.0,67.47415522295942
pct_0p03__top_classic_exitLH_LL_k4__bot_capitulation_k3__structure_only,pct,0.03,classic,"{""exit"": ""LH_LL"", ""k"": 4}",capitulation,"{""k"": 3}",structure_only,0.08417253688565163,0.13044320077900903,0.48665421513256757,-0.3582531654824689,0.23495266754250246,793.76018490127,43.09520135781515,26,371.0,13.0,12.0,,,,,
pct_0p03__top_classic_exitLH_LL_k4__bot_capitulation_k3__guarded,pct,0.03,classic,"{""exit"": ""LH_LL"", ""k"": 4}",capitulation,"{""k"": 3}",guarded,0.13383021568163667,0.13407689149670196,2.8861730523302094,-0.2877937941187876,0.4650212006531243,2515.7466658335206,34.23854343465514,711,371.0,24.0,22.0,10.0,2.0,489.0,1964.0,65.76145656534486
pct_0p03__top_failed_hh_m3__bot_capitulation_k3__structure_only,pct,0.03,failed_hh,"{""m"": 3}",capitulation,"{""k"": 3}",structure_only,0.10342066729371635,0.08008192685918092,1.0991511688578948,-0.20430367714606912,0.5062105035915464,1248.958472908319,74.9267088412282,44,371.0,22.0,21.0,,,,,
pct_0p03__top_failed_hh_m3__bot_capitulation_k3__guarded,pct,0.03,failed_hh,"{""m"": 3}",capitulation,"{""k"": 3}",guarded,0.13043620961493074,0.1329239022895306,2.8341820265741933,-0.2877937941187876,0.45322801353073267,2328.7949462560946,35.93581237463355,693,371.0,24.0,57.0,10.0,2.0,252.0,1964.0,64.06418762536646
pct_0p03__top_failed_hh_m5__bot_capitulation_k3__structure_only,pct,0.03,failed_hh,"{""m"": 5}",capitulation,"{""k"": 3}",structure_only,0.10055275426934096,0.07304982369921754,1.130163676484582,-0.20430367714606879,0.4921730028258368,1167.9799316387684,80.0648048140719,44,371.0,22.0,21.0,,,,,
pct_0p03__top_failed_hh_m5__bot_capitulation_k3__guarded,pct,0.03,failed_hh,"{""m"": 5}",capitulation,"{""k"": 3}",guarded,0.13043620961493074,0.1329239022895306,2.8341820265741933,-0.2877937941187876,0.45322801353073267,2328.7949462560946,35.93581237463355,693,371.0,24.0,60.0,10.0,2.0,188.0,1964.0,64.06418762536646
pct_0p03__top_hl_decay_k3_n_hl2__bot_capitulation_k3__structure_only,pct,0.03,hl_decay,"{""k"": 3, ""n_hl"": 2}",capitulation,"{""k"": 3}",structure_only,0.08988298340997813,0.10876087843020059,0.6579382296596987,-0.24179198267617905,0.3717368227645261,908.7715627232355,59.63585866378646,38,371.0,19.0,18.0,,,,,
pct_0p03__top_hl_decay_k3_n_hl2__bot_capitulation_k3__guarded,pct,0.03,hl_decay,"{""k"": 3, ""n_hl"": 2}",capitulation,"{""k"": 3}",guarded,0.13383021568163667,0.13407689149670196,2.8861730523302094,-0.2877937941187876,0.4650212006531243,2515.7466658335206,34.23854343465514,711,371.0,24.0,36.0,10.0,2.0,329.0,1964.0,65.76145656534486
pct_0p03__top_hl_decay_k3_n_hl3__bot_capitulation_k3__structure_only,pct,0.03,hl_decay,"{""k"": 3, ""n_hl"": 3}",capitulation,"{""k"": 3}",structure_only,0.08988298340997813,0.10876087843020059,0.6579382296596987,-0.24179198267617905,0.3717368227645261,908.7715627232355,59.63585866378646,38,371.0,19.0,18.0,,,,,
pct_0p03__top_hl_decay_k3_n_hl3__bot_capitulation_k3__guarded,pct,0.03,hl_decay,"{""k"": 3, ""n_hl"": 3}",capitulation,"{""k"": 3}",guarded,0.13383021568163667,0.13407689149670196,2.8861730523302094,-0.2877937941187876,0.4650212006531243,2515.7466658335206,34.23854343465514,711,371.0,24.0,36.0,10.0,2.0,329.0,1964.0,65.76145656534486
pct_0p03__top_extension_ext_pct0.0_k2__bot_capitulation_k3__structure_only,pct,0.03,extension,"{""ext_pct"": 0.0, ""k"": 2}",capitulation,"{""k"": 3}",structure_only,0.08380510989546508,0.09913305851114998,0.6550319400586401,-0.2850647184133695,0.29398625814486146,786.8601996363524,64.91282209535566,44,371.0,22.0,21.0,,,,,
pct_0p03__top_extension_ext_pct0.0_k2__bot_capitulation_k3__guarded,pct,0.03,extension,"{""ext_pct"": 0.0, ""k"": 2}",capitulation,"{""k"": 3}",guarded,0.13383021568163667,0.13407689149670196,2.8861730523302094,-0.2877937941187876,0.4650212006531243,2515.7466658335206,34.23854343465514,711,371.0,24.0,42.0,10.0,2.0,285.0,1964.0,65.76145656534486
pct_0p03__top_extension_ext_pct0.0_k3__bot_capitulation_k3__structure_only,pct,0.03,extension,"{""ext_pct"": 0.0, ""k"": 3}",capitulation,"{""k"": 3}",structure_only,0.07853564683093484,0.12417882229799093,0.48072723835490955,-0.3635393985370337,0.21603063422281155,694.0272053190914,45.826261379416756,30,371.0,15.0,14.0,,,,,
pct_0p03__top_extension_ext_pct0.0_k3__bot_capitulation_k3__guarded,pct,0.03,extension,"{""ext_pct"": 0.0, ""k"": 3}",capitulation,"{""k"": 3}",guarded,0.13383021568163667,0.13407689149670196,2.8861730523302094,-0.2877937941187876,0.4650212006531243,2515.7466658335206,34.23854343465514,711,371.0,24.0,26.0,10.0,2.0,463.0,1964.0,65.76145656534486
pct_0p03__top_extension_ext_pct0.05_k2__bot_capitulation_k3__structure_only,pct,0.03,extension,"{""ext_pct"": 0.05, ""k"": 2}",capitulation,"{""k"": 3}",structure_only,0.10623793624379152,0.12810772295735842,0.6979018643768009,-0.3663473843935708,0.2899923427040467,1333.7454155646822,39.407498842771176,32,371.0,16.0,15.0,,,,,
pct_0p03__top_extension_ext_pct0.05_k2__bot_capitulation_k3__guarded,pct,0.03,extension,"{""ext_pct"": 0.05, ""k"": 2}",capitulation,"{""k"": 3}",guarded,0.13759603017046107,0.13504364155889279,2.9273759185062387,-0.29003387839464884,0.47441364757821247,2740.053617813019,33.55963585866379,721,371.0,24.0,23.0,10.0,2.0,521.0,1964.0,66.44036414133622
pct_0p03__top_extension_ext_pct0.05_k3__bot_capitulation_k3__structure_only,pct,0.03,extension,"{""ext_pct"": 0.05, ""k"": 3}",capitulation,"{""k"": 3}",structure_only,0.11324266391074578,0.14793661300639072,0.6683905455593285,-0.3834067966597859,0.29535904135583463,1569.2147237705142,21.38558864372782,18,371.0,9.0,8.0,,,,,
pct_0p03__top_extension_ext_pct0.05_k3__bot_capitulation_k3__guarded,pct,0.03,extension,"{""ext_pct"": 0.05, ""k"": 3}",capitulation,"{""k"": 3}",guarded,0.13990276872344443,0.13539737832295057,2.93788391420468,-0.29120082468174857,0.48043397156015344,2886.816360113057,33.17389291775961,721,371.0,24.0,10.0,10.0,2.0,683.0,1964.0,66.8261070822404
pct_0p03__top_extension_ext_pct0.1_k2__bot_capitulation_k3__structure_only,pct,0.03,extension,"{""ext_pct"": 0.1, ""k"": 2}",capitulation,"{""k"": 3}",structure_only,0.15720574207902405,0.16817260580848206,0.8514754588764446,-0.3979831523039902,0.3950060226643617,4255.454026852216,8.069742323715476,12,371.0,6.0,5.0,,,,,
pct_0p03__top_extension_ext_pct0.1_k2__bot_capitulation_k3__guarded,pct,0.03,extension,"{""ext_pct"": 0.1, ""k"": 2}",capitulation,"{""k"": 3}",guarded,0.1640988543960633,0.13795639454383274,3.048462911848464,-0.29750652510033954,0.5515806900057669,4958.864854062984,31.73892917759605,719,371.0,24.0,5.0,10.0,2.0,769.0,1964.0,68.26107082240395
pct_0p03__top_extension_ext_pct0.1_k3__bot_capitulation_k3__structure_only,pct,0.03,extension,"{""ext_pct"": 0.1, ""k"": 3}",capitulation,"{""k"": 3}",structure_only,0.15100461843764834,0.17314146098521402,0.7813952868554898,-0.4200062893745586,0.35952942195821147,3705.4414602494103,3.4408270328652986,6,371.0,3.0,2.0,,,,,
pct_0p03__top_extension_ext_pct0.1_k3__bot_capitulation_k3__guarded,pct,0.03,extension,"{""ext_pct"": 0.1, ""k"": 3}",capitulation,"{""k"": 3}",guarded,0.1640988543960633,0.13795639454383274,3.048462911848464,-0.29750652510033954,0.5515806900057669,4958.864854062984,31.73892917759605,719,371.0,24.0,2.0,10.0,2.0,810.0,1964.0,68.26107082240395
atr_1p5__top_classic_exitLH_k2__bot_capitulation_k3__structure_only,atr,1.5,classic,"{""exit"": ""LH"", ""k"": 2}",capitulation,"{""k"": 3}",structure_only,0.08187375087971294,0.11525032069391704,0.7232497370192855,-0.2695211802269678,0.30377483064880406,751.5283944187325,57.3522604536337,103,1027.0,51.0,51.0,,,,,
atr_1p5__top_classic_exitLH_k2__bot_capitulation_k3__guarded,atr,1.5,classic,"{""exit"": ""LH"", ""k"": 2}",capitulation,"{""k"": 3}",guarded,0.14158400634653323,0.1339260753383102,2.8700127724437943,-0.31129500771849083,0.4548226050402002,2998.5121662513156,34.54713778737849,681,1027.0,71.0,83.0,10.0,2.0,337.0,1964.0,65.45286221262151
atr_1p5__top_classic_exitLL_k2__bot_capitulation_k3__structure_only,atr,1.5,classic,"{""exit"": ""LL"", ""k"": 2}",capitulation,"{""k"": 3}",structure_only,0.06668628996523651,0.12889440721388593,0.5091596633265058,-0.3040561045202847,0.219322319051771,522.1514005957875,45.317080697423236,82,1027.0,41.0,40.0,,,,,
atr_1p5__top_classic_exitLL_k2__bot_capitulation_k3__guarded,atr,1.5,classic,"{""exit"": ""LL"", ""k"": 2}",capitulation,"{""k"": 3}",guarded,0.14924605764518906,0.13556192320001034,2.9269051265873176,-0.315338249538953,0.4732887870830685,3562.342891670925,33.74479247029779,691,1027.0,71.0,59.0,10.0,2.0,418.0,1964.0,66.2552075297022
atr_1p5__top_classic_exitLH_LL_k2__bot_capitulation_k3__structure_only,atr,1.5,classic,"{""exit"": ""LH_LL"", ""k"": 2}",capitulation,"{""k"": 3}",structure_only,0.049441278386782805,0.0826714134954757,0.6118649485015748,-0.1782886060188268,0.27731036486741023,343.1379469649461,77.3800339453788,135,1027.0,67.0,67.0,,,,,
atr_1p5__top_classic_exitLH_LL_k2__bot_capitulation_k3__guarded,atr,1.5,classic,"{""exit"": ""LH_LL"", ""k"": 2}",capitulation,"{""k"": 3}",guarded,0.13830391475899972,0.13354580487761625,2.843356925655387,-0.3111952789213641,0.44442806214276703,2784.3113813018144,35.25690479864218,677,1027.0,71.0,142.0,10.0,2.0,164.0,1964.0,64.74309520135782
atr_1p5__top_classic_exitLH_k3__bot_capitulation_k3__structure_only,atr,1.5,classic,"{""exit"": ""LH"", ""k"": 3}",capitulation,"{""k"": 3}",structure_only,0.10524463206052781,0.1320017161906588,0.7911698512696657,-0.26952118022696747,0.3904874265239558,1303.2388012177064,43.46551458108316,80,1027.0,40.0,39.0,,,,,
atr_1p5__top_classic_exitLH_k3__bot_capitulation_k3__guarded,atr,1.5,classic,"{""exit"": ""LH"", ""k"": 3}",capitulation,"{""k"": 3}",guarded,0.15068609317524828,0.13503808059016154,2.9069665514882868,-0.31131769591818353,0.48402675193526307,3679.1189796709245,33.80651134084246,681,1027.0,71.0,54.0,10.0,2.0,437.0,1964.0,66.19348865915754
atr_1p5__top_classic_exitLL_k3__bot_capitulation_k3__structure_only,atr,1.5,classic,"{""exit"": ""LL"", ""k"": 3}",capitulation,"{""k"": 3}",structure_only,0.08337909287866263,0.14231200627061522,0.560365513188145,-0.3545765723545972,0.2351511616376016,778.9321081316689,31.985804659774725,60,1027.0,30.0,29.0,,,,,
atr_1p5__top_classic_exitLL_k3__bot_capitulation_k3__guarded,atr,1.5,classic,"{""exit"": ""LL"", ""k"": 3}",capitulation,"{""k"": 3}",guarded,0.14691242688670636,0.1358725460865252,2.9216237454557072,-0.31475834190098845,0.4667467302039597,3380.630793681099,33.60592501157229,697,1027.0,71.0,36.0,10.0,2.0,546.0,1964.0,66.3940749884277
atr_1p5__top_classic_exitLH_k4__bot_capitulation_k3__structure_only,atr,1.5,classic,"{""exit"": ""LH"", ""k"": 4}",capitulation,"{""k"": 3}",structure_only,0.11343193983839739,0.14950045145343602,0.7003695767502678,-0.363353005765639,0.3121810967254265,1576.101394508702,25.752198734763155,48,1027.0,24.0,23.0,,,,,
atr_1p5__top_classic_exitLH_k4__bot_capitulation_k3__guarded,atr,1.5,classic,"{""exit"": ""LH"", ""k"": 4}",capitulation,"{""k"": 3}",guarded,0.14962455499143767,0.1352631840752319,2.92438920787258,-0.31131769591818353,0.4806169291152664,3592.6862890094494,33.55963585866379,691,1027.0,71.0,30.0,10.0,2.0,617.0,1964.0,66.44036414133622
atr_1p5__top_classic_exitLL_k4__bot_capitulation_k3__structure_only,atr,1.5,classic,"{""exit"": ""LL"", ""k"": 4}",capitulation,"{""k"": 3}",structure_only,0.09490196738015433,0.15025505087219349,0.5806192712927611,-0.383530612878329,0.24744300505227457,1022.9413220634318,25.243018052769635,44,1027.0,22.0,21.0,,,,,
atr_1p5__top_classic_exitLL_k4__bot_capitulation_k3__guarded,atr,1.5,classic,"{""exit"": ""LL"", ""k"": 4}",capitulation,"{""k"": 3}",guarded,0.1597014671637762,0.13705088755321884,2.9947067021759226,-0.3173507050706316,0.503233377497088,4498.26972994623,32.140101836136395,701,1027.0,71.0,25.0,10.0,2.0,588.0,1964.0,67.85989816386359
atr_1p5__top_classic_exitLH_LL_k4__bot_capitulation_k3__structure_only,atr,1.5,classic,"{""exit"": ""LH_LL"", ""k"": 4}",capitulation,"{""k"": 3}",structure_only,0.06859366374775311,0.12450100586444593,0.4878286688176215,-0.3593675313806448,0.1908732919866881,546.7406577168439,45.73368307359975,78,1027.0,39.0,38.0,,,,,
atr_1p5__top_classic_exitLH_LL_k4__bot_capitulation_k3__guarded,atr,1.5,classic,"{""exit"": ""LH_LL"", ""k"": 4}",capitulation,"{""k"": 3}",guarded,0.14128037146082773,0.13444307295419117,2.891777072491586,-0.3112180302318948,0.45395946807952253,2978.0369998212236,33.960808517204136,693,1027.0,71.0,55.0,10.0,2.0,436.0,1964.0,66.03919148279587
atr_1p5__top_failed_hh_m3__bot_capitulation_k3__structure_only,atr,1.5,failed_hh,"{""m"": 3}",capitulation,"{""k"": 3}",structure_only,0.08502959082569328,0.07544532861810391,1.3333300295256485,-0.14431018846097907,0.589214051568403,810.0817504172508,79.09273260299337,126,1027.0,64.0,63.0,,,,,
atr_1p5__top_failed_hh_m3__bot_capitulation_k3__guarded,atr,1.5,failed_hh,"{""m"": 3}",capitulation,"{""k"": 3}",guarded,0.13870731990850182,0.1334225213690729,2.8661612087074815,-0.31042773978785243,0.446826433756516,2809.8392462939214,35.30319395155069,683,1027.0,71.0,167.0,10.0,2.0,194.0,1964.0,64.69680604844932
atr_1p5__top_failed_hh_m5__bot_capitulation_k3__structure_only,atr,1.5,failed_hh,"{""m"": 5}",capitulation,"{""k"": 3}",structure_only,0.08184398789662306,0.07398121361129437,1.3041616415377546,-0.14431018846097904,0.567139359801705,750.9960355909765,80.0648048140719,126,1027.0,64.0,63.0,,,,,
atr_1p5__top_failed_hh_m5__bot_capitulation_k3__guarded,atr,1.5,failed_hh,"{""m"": 5}",capitulation,"{""k"": 3}",guarded,0.13870731990850182,0.1334225213690729,2.8661612087074815,-0.31042773978785243,0.446826433756516,2809.8392462939214,35.30319395155069,683,1027.0,71.0,177.0,10.0,2.0,187.0,1964.0,64.69680604844932
atr_1p5__top_hl_decay_k3_n_hl2__bot_capitulation_k3__structure_only,atr,1.5,hl_decay,"{""k"": 3, ""n_hl"": 2}",capitulation,"{""k"": 3}",structure_only,0.05827809538184203,0.10517773165768782,0.5473926506362541,-0.21366353301614308,0.27275639674758584,425.86274524981775,61.33312760376485,108,1027.0,54.0,53.0,,,,,
atr_1p5__top_hl_decay_k3_n_hl2__bot_capitulation_k3__guarded,atr,1.5,hl_decay,"{""k"": 3, ""n_hl"": 2}",capitulation,"{""k"": 3}",guarded,0.1392687835744466,0.13387704429666353,2.8491730264797015,-0.3112180302318948,0.44749587120860135,2845.7439333215534,34.84030242246567,679,1027.0,71.0,90.0,10.0,2.0,305.0,1964.0,65.15969757753433
atr_1p5__top_hl_decay_k3_n_hl3__bot_capitulation_k3__structure_only,atr,1.5,hl_decay,"{""k"": 3, ""n_hl"": 3}",capitulation,"{""k"": 3}",structure_only,0.05827809538184203,0.10517773165768782,0.5473926506362541,-0.21366353301614308,0.27275639674758584,425.86274524981775,61.33312760376485,108,1027.0,54.0,53.0,,,,,
atr_1p5__top_hl_decay_k3_n_hl3__bot_capitulation_k3__guarded,atr,1.5,hl_decay,"{""k"": 3, ""n_hl"": 3}",capitulation,"{""k"": 3}",guarded,0.1392687835744466,0.13387704429666353,2.8491730264797015,-0.3112180302318948,0.44749587120860135,2845.7439333215534,34.84030242246567,679,1027.0,71.0,90.0,10.0,2.0,305.0,1964.0,65.15969757753433
atr_1p5__top_extension_ext_pct0.0_k2__bot_capitulation_k3__structure_only,atr,1.5,extension,"{""ext_pct"": 0.0, ""k"": 2}",capitulation,"{""k"": 3}",structure_only,0.050979502118576825,0.09235288456853719,0.5853742581122708,-0.18479767060041807,0.27586658399395153,356.33075187394,72.47338373707761,126,1027.0,63.0,62.0,,,,,
atr_1p5__top_extension_ext_pct0.0_k2__bot_capitulation_k3__guarded,atr,1.5,extension,"{""ext_pct"": 0.0, ""k"": 2}",capitulation,"{""k"": 3}",guarded,0.13835349633460625,0.1336685845748844,2.847318587149268,-0.3112180302318948,0.44455488723296743,2787.4368932697616,35.102607622280516,679,1027.0,71.0,126.0,10.0,2.0,221.0,1964.0,64.89739237771948
atr_1p5__top_extension_ext_pct0.0_k3__bot_capitulation_k3__structure_only,atr,1.5,extension,"{""ext_pct"": 0.0, ""k"": 3}",capitulation,"{""k"": 3}",structure_only,0.056460611709210795,0.1156122808914139,0.456730177066519,-0.3280959104008201,0.17208569177298003,407.4192985943827,54.26631692640025,98,1027.0,49.0,48.0,,,,,
atr_1p5__top_extension_ext_pct0.0_k3__bot_capitulation_k3__guarded,atr,1.5,extension,"{""ext_pct"": 0.0, ""k"": 3}",capitulation,"{""k"": 3}",guarded,0.13821913974484468,0.1341050869189499,2.8667807059887744,-0.3112180302318948,0.4441231751317712,2778.9751555034704,34.59342694028699,689,1027.0,71.0,75.0,10.0,2.0,376.0,1964.0,65.406573059713
atr_1p5__top_extension_ext_pct0.05_k2__bot_capitulation_k3__structure_only,atr,1.5,extension,"{""ext_pct"": 0.05, ""k"": 2}",capitulation,"{""k"": 3}",structure_only,0.11432741714495354,0.14044306501138068,0.7596893551742627,-0.3600264836483167,0.317552797745378,1609.0784485491756,24.02407035951242,44,1027.0,22.0,21.0,,,,,
atr_1p5__top_extension_ext_pct0.05_k2__bot_capitulation_k3__guarded,atr,1.5,extension,"{""ext_pct"": 0.05, ""k"": 2}",capitulation,"{""k"": 3}",guarded,0.14995418152128082,0.1358419396829122,2.9251997743930014,-0.3141276669279612,0.4773669985447979,3619.314054692788,32.83443912976393,693,1027.0,71.0,31.0,10.0,2.0,634.0,1964.0,67.16556087023608
atr_1p5__top_extension_ext_pct0.05_k3__bot_capitulation_k3__structure_only,atr,1.5,extension,"{""ext_pct"": 0.05, ""k"": 3}",capitulation,"{""k"": 3}",structure_only,0.11117952390532992,0.14349351218250392,0.7100136404431727,-0.3754735945278325,0.29610477414567854,1496.000238150223,21.971917913902175,40,1027.0,20.0,19.0,,,,,
atr_1p5__top_extension_ext_pct0.05_k3__bot_capitulation_k3__guarded,atr,1.5,extension,"{""ext_pct"": 0.05, ""k"": 3}",capitulation,"{""k"": 3}",guarded,0.14995418152128082,0.1358419396829122,2.9251997743930014,-0.3141276669279612,0.4773669985447979,3619.314054692788,32.83443912976393,693,1027.0,71.0,26.0,10.0,2.0,641.0,1964.0,67.16556087023608
atr_1p5__top_extension_ext_pct0.1_k2__bot_capitulation_k3__structure_only,atr,1.5,extension,"{""ext_pct"": 0.1, ""k"": 2}",capitulation,"{""k"": 3}",structure_only,0.15278082776762902,0.1692983785650381,0.8163618189039025,-0.3965881106883309,0.3852380433252469,3855.57664305075,3.8882888443141495,12,1027.0,6.0,5.0,,,,,
atr_1p5__top_extension_ext_pct0.1_k2__bot_capitulation_k3__guarded,atr,1.5,extension,"{""ext_pct"": 0.1, ""k"": 2}",capitulation,"{""k"": 3}",guarded,0.16884234862233427,0.13809248744132313,3.026256974519064,-0.31759987763340813,0.5316196904119143,5506.458101380492,31.56920228359821,699,1027.0,71.0,5.0,10.0,2.0,797.0,1964.0,68.4307977164018
atr_1p5__top_extension_ext_pct0.1_k3__bot_capitulation_k3__structure_only,atr,1.5,extension,"{""ext_pct"": 0.1, ""k"": 3}",capitulation,"{""k"": 3}",structure_only,0.1511072596978673,0.17162834174709668,0.792528379744987,-0.39582617499850864,0.38175155975583636,3713.962084947465,3.2402407035951244,10,1027.0,5.0,4.0,,,,,
atr_1p5__top_extension_ext_pct0.1_k3__bot_capitulation_k3__guarded,atr,1.5,extension,"{""ext_pct"": 0.1, ""k"": 3}",capitulation,"{""k"": 3}",guarded,0.16884234862233427,0.13809248744132313,3.026256974519064,-0.31759987763340813,0.5316196904119143,5506.458101380492,31.56920228359821,699,1027.0,71.0,4.0,10.0,2.0,799.0,1964.0,68.4307977164018
zigzag_0p03__top_classic_exitLH_k2__bot_capitulation_k3__structure_only,zigzag,0.03,classic,"{""exit"": ""LH"", ""k"": 2}",capitulation,"{""k"": 3}",structure_only,0.10083810763606493,0.10743945456380823,0.7557592374688431,-0.2790221789781482,0.36139817990584233,1175.8053784197596,60.49992285141181,37,371.0,18.0,18.0,,,,,
zigzag_0p03__top_classic_exitLH_k2__bot_capitulation_k3__guarded,zigzag,0.03,classic,"{""exit"": ""LH"", ""k"": 2}",capitulation,"{""k"": 3}",guarded,0.1353684063709757,0.13382165716369132,2.9033260961995633,-0.2886783946715091,0.468924619471482,2605.1485304212047,34.28483258756365,711,371.0,24.0,37.0,10.0,2.0,337.0,1964.0,65.71516741243634
zigzag_0p03__top_classic_exitLL_k2__bot_capitulation_k3__structure_only,zigzag,0.03,classic,"{""exit"": ""LL"", ""k"": 2}",capitulation,"{""k"": 3}",structure_only,0.08422695272098402,0.13812428581574318,0.5043812801367852,-0.3673588548684051,0.2292770450603558,794.7870021314118,33.71393303502546,24,371.0,12.0,11.0,,,,,
zigzag_0p03__top_classic_exitLL_k2__bot_capitulation_k3__guarded,zigzag,0.03,classic,"{""exit"": ""LL"", ""k"": 2}",capitulation,"{""k"": 3}",guarded,0.1479188617763405,0.1365418167526605,2.9825230649691585,-0.2947120591235205,0.5019097698826921,3457.8783936531813,32.52584477704058,723,371.0,24.0,15.0,10.0,2.0,532.0,1964.0,67.47415522295942
zigzag_0p03__top_classic_exitLH_LL_k2__bot_capitulation_k3__structure_only,zigzag,0.03,classic,"{""exit"": ""LH_LL"", ""k"": 2}",capitulation,"{""k"": 3}",structure_only,0.07591782497901822,0.08041500780939992,0.6273759457824104,-0.2793562461094034,0.27175989810976614,651.916229475896,75.18901404104305,47,371.0,23.0,23.0,,,,,
zigzag_0p03__top_classic_exitLH_LL_k2__bot_capitulation_k3__guarded,zigzag,0.03,classic,"{""exit"": ""LH_LL"", ""k"": 2}",capitulation,"{""k"": 3}",guarded,0.1353684063709757,0.13382165716369132,2.9033260961995633,-0.2886783946715091,0.468924619471482,2605.1485304212047,34.28483258756365,711,371.0,24.0,52.0,10.0,2.0,209.0,1964.0,65.71516741243634
zigzag_0p03__top_classic_exitLH_k3__bot_capitulation_k3__structure_only,zigzag,0.03,classic,"{""exit"": ""LH"", ""k"": 3}",capitulation,"{""k"": 3}",structure_only,0.10877331371031884,0.122666747014812,0.7464593639884098,-0.27902217897814846,0.38983751796604454,1414.7564518693102,47.86298410739083,32,371.0,16.0,15.0,,,,,
zigzag_0p03__top_classic_exitLH_k3__bot_capitulation_k3__guarded,zigzag,0.03,classic,"{""exit"": ""LH"", ""k"": 3}",capitulation,"{""k"": 3}",guarded,0.13383021568163667,0.13407689149670196,2.8861730523302094,-0.2877937941187876,0.4650212006531243,2515.7466658335206,34.23854343465514,711,371.0,24.0,27.0,10.0,2.0,436.0,1964.0,65.76145656534486
zigzag_0p03__top_classic_exitLL_k3__bot_capitulation_k3__structure_only,zigzag,0.03,classic,"{""exit"": ""LL"", ""k"": 3}",capitulation,"{""k"": 3}",structure_only,0.10247897133434347,0.15041627053472012,0.5920488804675433,-0.38272923098405404,0.26775841257500693,1221.791369171615,26.261379416756675,18,371.0,9.0,8.0,,,,,
zigzag_0p03__top_classic_exitLL_k3__bot_capitulation_k3__guarded,zigzag,0.03,classic,"{""exit"": ""LL"", ""k"": 3}",capitulation,"{""k"": 3}",guarded,0.1479188617763405,0.1365418167526605,2.9825230649691585,-0.2947120591235205,0.5019097698826921,3457.8783936531813,32.52584477704058,723,371.0,24.0,9.0,10.0,2.0,588.0,1964.0,67.47415522295942
zigzag_0p03__top_classic_exitLH_k4__bot_capitulation_k3__structure_only,zigzag,0.03,classic,"{""exit"": ""LH"", ""k"": 4}",capitulation,"{""k"": 3}",structure_only,0.10050420536028248,0.13846572495609202,0.598892668902253,-0.3762805246477313,0.2670991422008172,1166.6535333962054,32.263539577225735,22,371.0,11.0,10.0,,,,,
zigzag_0p03__top_classic_exitLH_k4__bot_capitulation_k3__guarded,zigzag,0.03,classic,"{""exit"": ""LH"", ""k"": 4}",capitulation,"{""k"": 3}",guarded,0.13383021568163667,0.13407689149670196,2.8861730523302094,-0.2877937941187876,0.4650212006531243,2515.7466658335206,34.23854343465514,711,371.0,24.0,15.0,10.0,2.0,589.0,1964.0,65.76145656534486
zigzag_0p03__top_classic_exitLL_k4__bot_capitulation_k3__structure_only,zigzag,0.03,classic,"{""exit"": ""LL"", ""k"": 4}",capitulation,"{""k"": 3}",structure_only,0.10801335022104608,0.1556252589673309,0.596550819444312,-0.3793140760996726,0.28475966758656046,1389.9903133746943,23.530319395155068,14,371.0,7.0,6.0,,,,,
zigzag_0p03__top_classic_exitLL_k4__bot_capitulation_k3__guarded,zigzag,0.03,classic,"{""exit"": ""LL"", ""k"": 4}",capitulation,"{""k"": 3}",guarded,0.1479188617763405,0.1365418167526605,2.9825230649691585,-0.2947120591235205,0.5019097698826921,3457.8783936531813,32.52584477704058,723,371.0,24.0,7.0,10.0,2.0,614.0,1964.0,67.47415522295942
zigzag_0p03__top_classic_exitLH_LL_k4__bot_capitulation_k3__structure_only,zigzag,0.03,classic,"{""exit"": ""LH_LL"", ""k"": 4}",capitulation,"{""k"": 3}",structure_only,0.08417253688565163,0.13044320077900903,0.48665421513256757,-0.3582531654824689,0.23495266754250246,793.76018490127,43.09520135781515,26,371.0,13.0,12.0,,,,,
zigzag_0p03__top_classic_exitLH_LL_k4__bot_capitulation_k3__guarded,zigzag,0.03,classic,"{""exit"": ""LH_LL"", ""k"": 4}",capitulation,"{""k"": 3}",guarded,0.13383021568163667,0.13407689149670196,2.8861730523302094,-0.2877937941187876,0.4650212006531243,2515.7466658335206,34.23854343465514,711,371.0,24.0,22.0,10.0,2.0,489.0,1964.0,65.76145656534486
zigzag_0p03__top_failed_hh_m3__bot_capitulation_k3__structure_only,zigzag,0.03,failed_hh,"{""m"": 3}",capitulation,"{""k"": 3}",structure_only,0.10342066729371635,0.08008192685918092,1.0991511688578948,-0.20430367714606912,0.5062105035915464,1248.958472908319,74.9267088412282,44,371.0,22.0,21.0,,,,,
zigzag_0p03__top_failed_hh_m3__bot_capitulation_k3__guarded,zigzag,0.03,failed_hh,"{""m"": 3}",capitulation,"{""k"": 3}",guarded,0.13043620961493074,0.1329239022895306,2.8341820265741933,-0.2877937941187876,0.45322801353073267,2328.7949462560946,35.93581237463355,693,371.0,24.0,57.0,10.0,2.0,252.0,1964.0,64.06418762536646
zigzag_0p03__top_failed_hh_m5__bot_capitulation_k3__structure_only,zigzag,0.03,failed_hh,"{""m"": 5}",capitulation,"{""k"": 3}",structure_only,0.10055275426934096,0.07304982369921754,1.130163676484582,-0.20430367714606879,0.4921730028258368,1167.9799316387684,80.0648048140719,44,371.0,22.0,21.0,,,,,
zigzag_0p03__top_failed_hh_m5__bot_capitulation_k3__guarded,zigzag,0.03,failed_hh,"{""m"": 5}",capitulation,"{""k"": 3}",guarded,0.13043620961493074,0.1329239022895306,2.8341820265741933,-0.2877937941187876,0.45322801353073267,2328.7949462560946,35.93581237463355,693,371.0,24.0,60.0,10.0,2.0,188.0,1964.0,64.06418762536646
zigzag_0p03__top_hl_decay_k3_n_hl2__bot_capitulation_k3__structure_only,zigzag,0.03,hl_decay,"{""k"": 3, ""n_hl"": 2}",capitulation,"{""k"": 3}",structure_only,0.08988298340997813,0.10876087843020059,0.6579382296596987,-0.24179198267617905,0.3717368227645261,908.7715627232355,59.63585866378646,38,371.0,19.0,18.0,,,,,
zigzag_0p03__top_hl_decay_k3_n_hl2__bot_capitulation_k3__guarded,zigzag,0.03,hl_decay,"{""k"": 3, ""n_hl"": 2}",capitulation,"{""k"": 3}",guarded,0.13383021568163667,0.13407689149670196,2.8861730523302094,-0.2877937941187876,0.4650212006531243,2515.7466658335206,34.23854343465514,711,371.0,24.0,36.0,10.0,2.0,329.0,1964.0,65.76145656534486
zigzag_0p03__top_hl_decay_k3_n_hl3__bot_capitulation_k3__structure_only,zigzag,0.03,hl_decay,"{""k"": 3, ""n_hl"": 3}",capitulation,"{""k"": 3}",structure_only,0.08988298340997813,0.10876087843020059,0.6579382296596987,-0.24179198267617905,0.3717368227645261,908.7715627232355,59.63585866378646,38,371.0,19.0,18.0,,,,,
zigzag_0p03__top_hl_decay_k3_n_hl3__bot_capitulation_k3__guarded,zigzag,0.03,hl_decay,"{""k"": 3, ""n_hl"": 3}",capitulation,"{""k"": 3}",guarded,0.13383021568163667,0.13407689149670196,2.8861730523302094,-0.2877937941187876,0.4650212006531243,2515.7466658335206,34.23854343465514,711,371.0,24.0,36.0,10.0,2.0,329.0,1964.0,65.76145656534486
zigzag_0p03__top_extension_ext_pct0.0_k2__bot_capitulation_k3__structure_only,zigzag,0.03,extension,"{""ext_pct"": 0.0, ""k"": 2}",capitulation,"{""k"": 3}",structure_only,0.08380510989546508,0.09913305851114998,0.6550319400586401,-0.2850647184133695,0.29398625814486146,786.8601996363524,64.91282209535566,44,371.0,22.0,21.0,,,,,
zigzag_0p03__top_extension_ext_pct0.0_k2__bot_capitulation_k3__guarded,zigzag,0.03,extension,"{""ext_pct"": 0.0, ""k"": 2}",capitulation,"{""k"": 3}",guarded,0.13383021568163667,0.13407689149670196,2.8861730523302094,-0.2877937941187876,0.4650212006531243,2515.7466658335206,34.23854343465514,711,371.0,24.0,42.0,10.0,2.0,285.0,1964.0,65.76145656534486
zigzag_0p03__top_extension_ext_pct0.0_k3__bot_capitulation_k3__structure_only,zigzag,0.03,extension,"{""ext_pct"": 0.0, ""k"": 3}",capitulation,"{""k"": 3}",structure_only,0.07853564683093484,0.12417882229799093,0.48072723835490955,-0.3635393985370337,0.21603063422281155,694.0272053190914,45.826261379416756,30,371.0,15.0,14.0,,,,,
zigzag_0p03__top_extension_ext_pct0.0_k3__bot_capitulation_k3__guarded,zigzag,0.03,extension,"{""ext_pct"": 0.0, ""k"": 3}",capitulation,"{""k"": 3}",guarded,0.13383021568163667,0.13407689149670196,2.8861730523302094,-0.2877937941187876,0.4650212006531243,2515.7466658335206,34.23854343465514,711,371.0,24.0,26.0,10.0,2.0,463.0,1964.0,65.76145656534486
zigzag_0p03__top_extension_ext_pct0.05_k2__bot_capitulation_k3__structure_only,zigzag,0.03,extension,"{""ext_pct"": 0.05, ""k"": 2}",capitulation,"{""k"": 3}",structure_only,0.10623793624379152,0.12810772295735842,0.6979018643768009,-0.3663473843935708,0.2899923427040467,1333.7454155646822,39.407498842771176,32,371.0,16.0,15.0,,,,,
zigzag_0p03__top_extension_ext_pct0.05_k2__bot_capitulation_k3__guarded,zigzag,0.03,extension,"{""ext_pct"": 0.05, ""k"": 2}",capitulation,"{""k"": 3}",guarded,0.13759603017046107,0.13504364155889279,2.9273759185062387,-0.29003387839464884,0.47441364757821247,2740.053617813019,33.55963585866379,721,371.0,24.0,23.0,10.0,2.0,521.0,1964.0,66.44036414133622
zigzag_0p03__top_extension_ext_pct0.05_k3__bot_capitulation_k3__structure_only,zigzag,0.03,extension,"{""ext_pct"": 0.05, ""k"": 3}",capitulation,"{""k"": 3}",structure_only,0.11324266391074578,0.14793661300639072,0.6683905455593285,-0.3834067966597859,0.29535904135583463,1569.2147237705142,21.38558864372782,18,371.0,9.0,8.0,,,,,
zigzag_0p03__top_extension_ext_pct0.05_k3__bot_capitulation_k3__guarded,zigzag,0.03,extension,"{""ext_pct"": 0.05, ""k"": 3}",capitulation,"{""k"": 3}",guarded,0.13990276872344443,0.13539737832295057,2.93788391420468,-0.29120082468174857,0.48043397156015344,2886.816360113057,33.17389291775961,721,371.0,24.0,10.0,10.0,2.0,683.0,1964.0,66.8261070822404
zigzag_0p03__top_extension_ext_pct0.1_k2__bot_capitulation_k3__structure_only,zigzag,0.03,extension,"{""ext_pct"": 0.1, ""k"": 2}",capitulation,"{""k"": 3}",structure_only,0.15720574207902405,0.16817260580848206,0.8514754588764446,-0.3979831523039902,0.3950060226643617,4255.454026852216,8.069742323715476,12,371.0,6.0,5.0,,,,,
zigzag_0p03__top_extension_ext_pct0.1_k2__bot_capitulation_k3__guarded,zigzag,0.03,extension,"{""ext_pct"": 0.1, ""k"": 2}",capitulation,"{""k"": 3}",guarded,0.1640988543960633,0.13795639454383274,3.048462911848464,-0.29750652510033954,0.5515806900057669,4958.864854062984,31.73892917759605,719,371.0,24.0,5.0,10.0,2.0,769.0,1964.0,68.26107082240395
zigzag_0p03__top_extension_ext_pct0.1_k3__bot_capitulation_k3__structure_only,zigzag,0.03,extension,"{""ext_pct"": 0.1, ""k"": 3}",capitulation,"{""k"": 3}",structure_only,0.15100461843764834,0.17314146098521402,0.7813952868554898,-0.4200062893745586,0.35952942195821147,3705.4414602494103,3.4408270328652986,6,371.0,3.0,2.0,,,,,
zigzag_0p03__top_extension_ext_pct0.1_k3__bot_capitulation_k3__guarded,zigzag,0.03,extension,"{""ext_pct"": 0.1, ""k"": 3}",capitulation,"{""k"": 3}",guarded,0.1640988543960633,0.13795639454383274,3.048462911848464,-0.29750652510033954,0.5515806900057669,4958.864854062984,31.73892917759605,719,371.0,24.0,2.0,10.0,2.0,810.0,1964.0,68.26107082240395
fractal_5p0__top_classic_exitLH_LL_k3__bot_capitulation_k2__structure_only,fractal,5.0,classic,"{""exit"": ""LH_LL"", ""k"": 3}",capitulation,"{""k"": 2}",structure_only,0.09023117670821845,0.13284310685941464,0.7156891374386977,-0.3181661003234797,0.2835977076642683,916.2795033724751,36.78444684462274,88,610.0,44.0,43.0,,,,,
fractal_5p0__top_classic_exitLH_LL_k3__bot_capitulation_k2__guarded,fractal,5.0,classic,"{""exit"": ""LH_LL"", ""k"": 3}",capitulation,"{""k"": 2}",guarded,0.14710232626858,0.13562053413046526,2.8929016052310557,-0.2772831090040246,0.5305131163486951,3395.0781543228745,33.43619811757445,693,610.0,73.0,52.0,10.0,2.0,511.0,1964.0,66.56380188242555
fractal_5p0__top_classic_exitLH_LL_k3__bot_full_reversal___structure_only,fractal,5.0,classic,"{""exit"": ""LH_LL"", ""k"": 3}",full_reversal,{},structure_only,0.04905126104055846,0.12574304674615108,0.26545340240506066,-0.33055484367443544,0.1483906891071583,339.86826944553496,48.94306434192254,105,610.0,52.0,52.0,,,,,
fractal_5p0__top_classic_exitLH_LL_k3__bot_full_reversal___guarded,fractal,5.0,classic,"{""exit"": ""LH_LL"", ""k"": 3}",full_reversal,{},guarded,0.16761869221438097,0.1343930512062195,3.0749689255673034,-0.21385541560026053,0.7837944704084303,5359.8813827054155,34.099675975929635,695,610.0,115.0,52.0,10.0,2.0,382.0,1964.0,65.90032402407036
fractal_5p0__top_classic_exitLH_LL_k3__bot_spring_m3__structure_only,fractal,5.0,classic,"{""exit"": ""LH_LL"", ""k"": 3}",spring,"{""m"": 3}",structure_only,0.14636166262284434,0.1586233200826966,1.0256487038270388,-0.3403253184301463,0.43006398494823095,3339.0626336257574,12.760376485110323,94,610.0,47.0,46.0,,,,,
fractal_5p0__top_classic_exitLH_LL_k3__bot_spring_m3__guarded,fractal,5.0,classic,"{""exit"": ""LH_LL"", ""k"": 3}",spring,"{""m"": 3}",guarded,0.14090994767379095,0.13683472953540943,3.362923674906071,-0.2965879152282521,0.4751034699621782,2953.2399639429805,31.476623977781205,883,610.0,120.0,52.0,10.0,2.0,708.0,1964.0,68.5233760222188
fractal_5p0__top_classic_exitLH_LL_k3__bot_spring_m5__structure_only,fractal,5.0,classic,"{""exit"": ""LH_LL"", ""k"": 3}",spring,"{""m"": 5}",structure_only,0.14636166262284434,0.1586233200826966,1.0256487038270388,-0.3403253184301463,0.43006398494823095,3339.0626336257574,12.760376485110323,94,610.0,47.0,46.0,,,,,
fractal_5p0__top_classic_exitLH_LL_k3__bot_spring_m5__guarded,fractal,5.0,classic,"{""exit"": ""LH_LL"", ""k"": 3}",spring,"{""m"": 5}",guarded,0.14090994767379095,0.13683472953540943,3.362923674906071,-0.2965879152282521,0.4751034699621782,2953.2399639429805,31.476623977781205,883,610.0,120.0,52.0,10.0,2.0,708.0,1964.0,68.5233760222188
fractal_5p0__top_classic_exitLH_LL_k3__bot_hl_stack_hl_stack2__structure_only,fractal,5.0,classic,"{""exit"": ""LH_LL"", ""k"": 3}",hl_stack,"{""hl_stack"": 2}",structure_only,0.06403463837532741,0.0011656597263869028,15.468850839360737,-1.4563404595254334e-05,4396.955255654567,489.7266490382579,100.0,1,610.0,0.0,0.0,,,,,
fractal_5p0__top_classic_exitLH_LL_k3__bot_hl_stack_hl_stack2__guarded,fractal,5.0,classic,"{""exit"": ""LH_LL"", ""k"": 3}",hl_stack,"{""hl_stack"": 2}",guarded,0.15218260532829242,0.13143630782392363,2.982818192325621,-0.21223187425811424,0.717058198068823,3804.370149621462,36.33698503317389,677,610.0,0.0,52.0,10.0,2.0,77.0,1964.0,63.663014966826104
fractal_5p0__top_classic_exitLH_LL_k3__bot_hl_stack_hl_stack3__structure_only,fractal,5.0,classic,"{""exit"": ""LH_LL"", ""k"": 3}",hl_stack,"{""hl_stack"": 3}",structure_only,0.06403463837532741,0.0011656597263869028,15.468850839360737,-1.4563404595254334e-05,4396.955255654567,489.7266490382579,100.0,1,610.0,0.0,0.0,,,,,
fractal_5p0__top_classic_exitLH_LL_k3__bot_hl_stack_hl_stack3__guarded,fractal,5.0,classic,"{""exit"": ""LH_LL"", ""k"": 3}",hl_stack,"{""hl_stack"": 3}",guarded,0.15218260532829242,0.13143630782392363,2.982818192325621,-0.21223187425811424,0.717058198068823,3804.370149621462,36.33698503317389,677,610.0,0.0,52.0,10.0,2.0,77.0,1964.0,63.663014966826104
pct_0p03__top_classic_exitLH_LL_k3__bot_capitulation_k2__structure_only,pct,0.03,classic,"{""exit"": ""LH_LL"", ""k"": 3}",capitulation,"{""k"": 2}",structure_only,0.10001030127089927,0.11990192606588945,0.7770690119883372,-0.24398131822492616,0.4099096684882236,1153.2416735439767,49.699120506094744,48,371.0,24.0,23.0,,,,,
pct_0p03__top_classic_exitLH_LL_k3__bot_capitulation_k2__guarded,pct,0.03,classic,"{""exit"": ""LH_LL"", ""k"": 3}",capitulation,"{""k"": 2}",guarded,0.13188040500875986,0.13592186232462253,2.858927606864311,-0.28501056373749745,0.4627211120856044,2406.6526536377073,33.29733065884894,719,371.0,36.0,36.0,10.0,2.0,413.0,1964.0,66.70266934115105
pct_0p03__top_classic_exitLH_LL_k3__bot_full_reversal___structure_only,pct,0.03,classic,"{""exit"": ""LH_LL"", ""k"": 3}",full_reversal,{},structure_only,0.051523081654461844,0.11532368452104794,0.2706925844210336,-0.30072491942625906,0.17132960498504962,361.10837947476267,64.28020367227279,73,371.0,36.0,36.0,,,,,
pct_0p03__top_classic_exitLH_LL_k3__bot_full_reversal___guarded,pct,0.03,classic,"{""exit"": ""LH_LL"", ""k"": 3}",full_reversal,{},guarded,0.16283608073630962,0.1347319841299699,3.074987943908889,-0.21347942506899295,0.7627717785153475,4822.153622215759,33.54420614102762,707,371.0,69.0,36.0,10.0,2.0,281.0,1964.0,66.45579385897238
pct_0p03__top_classic_exitLH_LL_k3__bot_spring_m3__structure_only,pct,0.03,classic,"{""exit"": ""LH_LL"", ""k"": 3}",spring,"{""m"": 3}",structure_only,0.14088805638641144,0.1546871407707309,0.9318333947552603,-0.28474615280417775,0.49478475828012786,2951.7807377851923,14.025613331276038,60,371.0,30.0,29.0,,,,,
pct_0p03__top_classic_exitLH_LL_k3__bot_spring_m3__guarded,pct,0.03,classic,"{""exit"": ""LH_LL"", ""k"": 3}",spring,"{""m"": 3}",guarded,0.14554343971674522,0.13575972331984923,3.2293303746049635,-0.23859404097647177,0.6100045043920336,3278.2142327402757,32.819009412127755,811,371.0,71.0,36.0,10.0,2.0,713.0,1964.0,67.18099058787224
pct_0p03__top_classic_exitLH_LL_k3__bot_spring_m5__structure_only,pct,0.03,classic,"{""exit"": ""LH_LL"", ""k"": 3}",spring,"{""m"": 5}",structure_only,0.14088805638641144,0.1546871407707309,0.9318333947552603,-0.28474615280417775,0.49478475828012786,2951.7807377851923,14.025613331276038,60,371.0,30.0,29.0,,,,,
pct_0p03__top_classic_exitLH_LL_k3__bot_spring_m5__guarded,pct,0.03,classic,"{""exit"": ""LH_LL"", ""k"": 3}",spring,"{""m"": 5}",guarded,0.14554343971674522,0.13575972331984923,3.2293303746049635,-0.23859404097647177,0.6100045043920336,3278.2142327402757,32.819009412127755,811,371.0,71.0,36.0,10.0,2.0,713.0,1964.0,67.18099058787224
pct_0p03__top_classic_exitLH_LL_k3__bot_hl_stack_hl_stack2__structure_only,pct,0.03,classic,"{""exit"": ""LH_LL"", ""k"": 3}",hl_stack,"{""hl_stack"": 2}",structure_only,0.06403463837532741,0.0011656597263869028,15.468850839360737,-1.4563404595254334e-05,4396.955255654567,489.7266490382579,100.0,1,371.0,0.0,0.0,,,,,
pct_0p03__top_classic_exitLH_LL_k3__bot_hl_stack_hl_stack2__guarded,pct,0.03,classic,"{""exit"": ""LH_LL"", ""k"": 3}",hl_stack,"{""hl_stack"": 2}",guarded,0.15218260532829242,0.13143630782392363,2.982818192325621,-0.21223187425811424,0.717058198068823,3804.370149621462,36.33698503317389,677,371.0,0.0,36.0,10.0,2.0,30.0,1964.0,63.663014966826104
pct_0p03__top_classic_exitLH_LL_k3__bot_hl_stack_hl_stack3__structure_only,pct,0.03,classic,"{""exit"": ""LH_LL"", ""k"": 3}",hl_stack,"{""hl_stack"": 3}",structure_only,0.06403463837532741,0.0011656597263869028,15.468850839360737,-1.4563404595254334e-05,4396.955255654567,489.7266490382579,100.0,1,371.0,0.0,0.0,,,,,
pct_0p03__top_classic_exitLH_LL_k3__bot_hl_stack_hl_stack3__guarded,pct,0.03,classic,"{""exit"": ""LH_LL"", ""k"": 3}",hl_stack,"{""hl_stack"": 3}",guarded,0.15218260532829242,0.13143630782392363,2.982818192325621,-0.21223187425811424,0.717058198068823,3804.370149621462,36.33698503317389,677,371.0,0.0,36.0,10.0,2.0,30.0,1964.0,63.663014966826104
atr_1p5__top_classic_exitLH_LL_k3__bot_capitulation_k2__structure_only,atr,1.5,classic,"{""exit"": ""LH_LL"", ""k"": 3}",capitulation,"{""k"": 2}",structure_only,0.08140574216629393,0.13011423890885881,0.807230474860333,-0.28506471841337,0.28556933534036344,743.1991436625551,41.274494676747416,154,1027.0,77.0,76.0,,,,,
atr_1p5__top_classic_exitLH_LL_k3__bot_capitulation_k2__guarded,atr,1.5,classic,"{""exit"": ""LH_LL"", ""k"": 3}",capitulation,"{""k"": 2}",guarded,0.13927677336347788,0.13629860719564318,2.8392894939831086,-0.33462867027204846,0.4162129122117594,2846.258035827007,33.1276037648511,697,1027.0,117.0,90.0,10.0,2.0,456.0,1964.0,66.8723962351489
atr_1p5__top_classic_exitLH_LL_k3__bot_full_reversal___structure_only,atr,1.5,classic,"{""exit"": ""LH_LL"", ""k"": 3}",full_reversal,{},structure_only,0.024705309186724644,0.11342266592359432,0.12672162315465177,-0.35063218319540673,0.0704593313756268,185.62681285075166,57.13624440672736,181,1027.0,90.0,90.0,,,,,
atr_1p5__top_classic_exitLH_LL_k3__bot_full_reversal___guarded,atr,1.5,classic,"{""exit"": ""LH_LL"", ""k"": 3}",full_reversal,{},guarded,0.15884139155853694,0.13430613672078953,3.0372649232706292,-0.21285730239130862,0.7462341661482164,4413.124359553755,34.223113717018975,701,1027.0,187.0,90.0,10.0,2.0,321.0,1964.0,65.77688628298102
atr_1p5__top_classic_exitLH_LL_k3__bot_spring_m3__structure_only,atr,1.5,classic,"{""exit"": ""LH_LL"", ""k"": 3}",spring,"{""m"": 3}",structure_only,0.15278793317814143,0.16326757076712162,1.2002644270474423,-0.38821711388885943,0.3935631060867715,3856.1888129776225,11.541428791853109,164,1027.0,82.0,81.0,,,,,
atr_1p5__top_classic_exitLH_LL_k3__bot_spring_m3__guarded,atr,1.5,classic,"{""exit"": ""LH_LL"", ""k"": 3}",spring,"{""m"": 3}",guarded,0.13099782389322723,0.13831747996831145,3.523784826069712,-0.379852514479128,0.3448649644266742,2358.7799151663467,30.072519672889985,979,1027.0,223.0,90.0,10.0,2.0,725.0,1964.0,69.92748032711002
atr_1p5__top_classic_exitLH_LL_k3__bot_spring_m5__structure_only,atr,1.5,classic,"{""exit"": ""LH_LL"", ""k"": 3}",spring,"{""m"": 5}",structure_only,0.15278793317814143,0.16326757076712162,1.2002644270474423,-0.38821711388885943,0.3935631060867715,3856.1888129776225,11.541428791853109,164,1027.0,82.0,81.0,,,,,
atr_1p5__top_classic_exitLH_LL_k3__bot_spring_m5__guarded,atr,1.5,classic,"{""exit"": ""LH_LL"", ""k"": 3}",spring,"{""m"": 5}",guarded,0.13099782389322723,0.13831747996831145,3.523784826069712,-0.379852514479128,0.3448649644266742,2358.7799151663467,30.072519672889985,979,1027.0,223.0,90.0,10.0,2.0,725.0,1964.0,69.92748032711002
atr_1p5__top_classic_exitLH_LL_k3__bot_hl_stack_hl_stack2__structure_only,atr,1.5,classic,"{""exit"": ""LH_LL"", ""k"": 3}",hl_stack,"{""hl_stack"": 2}",structure_only,0.06403463837532741,0.0011656597263869028,15.468850839360737,-1.4563404595254334e-05,4396.955255654567,489.7266490382579,100.0,1,1027.0,0.0,0.0,,,,,
atr_1p5__top_classic_exitLH_LL_k3__bot_hl_stack_hl_stack2__guarded,atr,1.5,classic,"{""exit"": ""LH_LL"", ""k"": 3}",hl_stack,"{""hl_stack"": 2}",guarded,0.1519602777874698,0.1313953541887573,2.9813000246826933,-0.2121788042332184,0.7161897171427226,3785.5065413598763,36.41413362135473,677,1027.0,0.0,90.0,10.0,2.0,14.0,1964.0,63.58586637864527
atr_1p5__top_classic_exitLH_LL_k3__bot_hl_stack_hl_stack3__structure_only,atr,1.5,classic,"{""exit"": ""LH_LL"", ""k"": 3}",hl_stack,"{""hl_stack"": 3}",structure_only,0.06403463837532741,0.0011656597263869028,15.468850839360737,-1.4563404595254334e-05,4396.955255654567,489.7266490382579,100.0,1,1027.0,0.0,0.0,,,,,
atr_1p5__top_classic_exitLH_LL_k3__bot_hl_stack_hl_stack3__guarded,atr,1.5,classic,"{""exit"": ""LH_LL"", ""k"": 3}",hl_stack,"{""hl_stack"": 3}",guarded,0.1519602777874698,0.1313953541887573,2.9813000246826933,-0.2121788042332184,0.7161897171427226,3785.5065413598763,36.41413362135473,677,1027.0,0.0,90.0,10.0,2.0,14.0,1964.0,63.58586637864527
zigzag_0p03__top_classic_exitLH_LL_k3__bot_capitulation_k2__structure_only,zigzag,0.03,classic,"{""exit"": ""LH_LL"", ""k"": 3}",capitulation,"{""k"": 2}",structure_only,0.10001030127089927,0.11990192606588945,0.7770690119883372,-0.24398131822492616,0.4099096684882236,1153.2416735439767,49.699120506094744,48,371.0,24.0,23.0,,,,,
zigzag_0p03__top_classic_exitLH_LL_k3__bot_capitulation_k2__guarded,zigzag,0.03,classic,"{""exit"": ""LH_LL"", ""k"": 3}",capitulation,"{""k"": 2}",guarded,0.13188040500875986,0.13592186232462253,2.858927606864311,-0.28501056373749745,0.4627211120856044,2406.6526536377073,33.29733065884894,719,371.0,36.0,36.0,10.0,2.0,413.0,1964.0,66.70266934115105
zigzag_0p03__top_classic_exitLH_LL_k3__bot_full_reversal___structure_only,zigzag,0.03,classic,"{""exit"": ""LH_LL"", ""k"": 3}",full_reversal,{},structure_only,0.051523081654461844,0.11532368452104794,0.2706925844210336,-0.30072491942625906,0.17132960498504962,361.10837947476267,64.28020367227279,73,371.0,36.0,36.0,,,,,
zigzag_0p03__top_classic_exitLH_LL_k3__bot_full_reversal___guarded,zigzag,0.03,classic,"{""exit"": ""LH_LL"", ""k"": 3}",full_reversal,{},guarded,0.16283608073630962,0.1347319841299699,3.074987943908889,-0.21347942506899295,0.7627717785153475,4822.153622215759,33.54420614102762,707,371.0,69.0,36.0,10.0,2.0,281.0,1964.0,66.45579385897238
zigzag_0p03__top_classic_exitLH_LL_k3__bot_spring_m3__structure_only,zigzag,0.03,classic,"{""exit"": ""LH_LL"", ""k"": 3}",spring,"{""m"": 3}",structure_only,0.14088805638641144,0.1546871407707309,0.9318333947552603,-0.28474615280417775,0.49478475828012786,2951.7807377851923,14.025613331276038,60,371.0,30.0,29.0,,,,,
zigzag_0p03__top_classic_exitLH_LL_k3__bot_spring_m3__guarded,zigzag,0.03,classic,"{""exit"": ""LH_LL"", ""k"": 3}",spring,"{""m"": 3}",guarded,0.14554343971674522,0.13575972331984923,3.2293303746049635,-0.23859404097647177,0.6100045043920336,3278.2142327402757,32.819009412127755,811,371.0,71.0,36.0,10.0,2.0,713.0,1964.0,67.18099058787224
zigzag_0p03__top_classic_exitLH_LL_k3__bot_spring_m5__structure_only,zigzag,0.03,classic,"{""exit"": ""LH_LL"", ""k"": 3}",spring,"{""m"": 5}",structure_only,0.14088805638641144,0.1546871407707309,0.9318333947552603,-0.28474615280417775,0.49478475828012786,2951.7807377851923,14.025613331276038,60,371.0,30.0,29.0,,,,,
zigzag_0p03__top_classic_exitLH_LL_k3__bot_spring_m5__guarded,zigzag,0.03,classic,"{""exit"": ""LH_LL"", ""k"": 3}",spring,"{""m"": 5}",guarded,0.14554343971674522,0.13575972331984923,3.2293303746049635,-0.23859404097647177,0.6100045043920336,3278.2142327402757,32.819009412127755,811,371.0,71.0,36.0,10.0,2.0,713.0,1964.0,67.18099058787224
zigzag_0p03__top_classic_exitLH_LL_k3__bot_hl_stack_hl_stack2__structure_only,zigzag,0.03,classic,"{""exit"": ""LH_LL"", ""k"": 3}",hl_stack,"{""hl_stack"": 2}",structure_only,0.06403463837532741,0.0011656597263869028,15.468850839360737,-1.4563404595254334e-05,4396.955255654567,489.7266490382579,100.0,1,371.0,0.0,0.0,,,,,
zigzag_0p03__top_classic_exitLH_LL_k3__bot_hl_stack_hl_stack2__guarded,zigzag,0.03,classic,"{""exit"": ""LH_LL"", ""k"": 3}",hl_stack,"{""hl_stack"": 2}",guarded,0.15218260532829242,0.13143630782392363,2.982818192325621,-0.21223187425811424,0.717058198068823,3804.370149621462,36.33698503317389,677,371.0,0.0,36.0,10.0,2.0,30.0,1964.0,63.663014966826104
zigzag_0p03__top_classic_exitLH_LL_k3__bot_hl_stack_hl_stack3__structure_only,zigzag,0.03,classic,"{""exit"": ""LH_LL"", ""k"": 3}",hl_stack,"{""hl_stack"": 3}",structure_only,0.06403463837532741,0.0011656597263869028,15.468850839360737,-1.4563404595254334e-05,4396.955255654567,489.7266490382579,100.0,1,371.0,0.0,0.0,,,,,
zigzag_0p03__top_classic_exitLH_LL_k3__bot_hl_stack_hl_stack3__guarded,zigzag,0.03,classic,"{""exit"": ""LH_LL"", ""k"": 3}",hl_stack,"{""hl_stack"": 3}",guarded,0.15218260532829242,0.13143630782392363,2.982818192325621,-0.21223187425811424,0.717058198068823,3804.370149621462,36.33698503317389,677,371.0,0.0,36.0,10.0,2.0,30.0,1964.0,63.663014966826104
