strategy,lead_pct_below_sma20,x_return,y_return,cagr,ann_volatility,sharpe,max_drawdown,end_$,rebalances,trading_costs_total,funding_costs_total,tier2_entries,tier3_entries,lead_only_days,guard_blocked_days,pct_days_cash,pct_days_1x,pct_days_2x,pct_days_3x,cagr_delta_pp_vs_original,max_dd_delta_pp_vs_original,sharpe_delta_vs_original,keeps_original_cagr,improves_original_drawdown,improves_original_sharpe
Lead 0.75 X60.00% Y15.00%,0.0075,0.6,0.15,0.3932073159577718,0.29996142743179416,3.1055282604707872,-0.3184197110048472,2065959.7247402475,768,2156076.9354035445,154704.44744366375,6,4,751,1764,28.938651119650196,11.567510268981051,35.6035510798993,23.890287531469458,9.930013518455038,2.5295412148226837,-0.12694212213465006,True,True,False
Lead 0.75 X50.00% Y15.00%,0.0075,0.5,0.15,0.4050294769555476,0.297377762612379,3.1035353618186186,-0.3184197110048472,2661873.5001356136,773,2797744.6448942143,189810.81082165014,8,4,751,1652,29.216907380416057,12.09752219424937,34.79528289386511,23.890287531469458,11.112229618232616,2.5295412148226837,-0.12893502078681873,True,True,False
Lead 0.75 X55.00% Y15.00%,0.0075,0.55,0.15,0.39154981900770625,0.29840390579918363,3.090983630195399,-0.3184197110048472,1993497.8615091199,777,2070396.9439478759,142116.81551808957,7,4,751,1705,29.389161256128265,13.634556777527497,33.085994434874785,23.890287531469458,9.764263823448482,2.5295412148226837,-0.14148675241003827,True,True,False
Lead 0.75 X45.00% Y15.00%,0.0075,0.45,0.15,0.4005558902282187,0.2946887883754231,3.0767401279461892,-0.31841327305287914,2419062.856597655,773,2633503.4773647296,165386.21179567504,9,4,751,1577,29.680667815025842,14.694580628064132,31.734464025440573,23.890287531469458,10.664870945499727,2.530185010019487,-0.15573025465924806,True,True,False
Lead 0.75 X40.00% Y15.00%,0.0075,0.4,0.15,0.4074350393914066,0.2938843321969315,3.0761185746243287,-0.31811292808872954,2802012.23601316,769,2518478.2275939034,205473.48304684644,10,4,751,1522,29.614416324367298,14.972836888829999,31.522459255333246,23.890287531469458,11.352785861818514,2.560219506434447,-0.1563518079811086,True,True,False
Lead 0.75 X35.00% Y15.00%,0.0075,0.35,0.15,0.3925762925322638,0.29113773733113985,3.0576476905103975,-0.31742245461947416,2038077.6623599501,788,1939959.9031550372,147712.4838973821,10,4,751,1479,30.038425864581953,18.08665694978137,27.98462965416722,23.890287531469458,9.866911175904235,2.629266853359985,-0.17482269209503976,True,True,False
Lead 0.75 X30.00% Y15.00%,0.0075,0.3,0.15,0.38286777191360666,0.2887655899721036,3.0342031292192364,-0.31725754732123684,1652308.9888746475,799,1615404.6707328467,111722.55180587142,10,4,751,1422,30.475685702928317,21.107724923810785,24.52630184179144,23.890287531469458,8.896059114038524,2.6457575831837166,-0.19826725338620088,True,True,False
Lead 0.75 X25.00% Y15.00%,0.0075,0.25,0.15,0.367245617801377,0.2867289241510574,2.9775380342529565,-0.31702641954827426,1175172.3864138543,805,1035082.5643511178,64497.543600862315,10,4,751,1370,31.204452100172254,24.486550947396317,20.41870942096197,23.890287531469458,7.333843702815557,2.668870360479975,-0.2549323483524808,True,True,False
Lead 0.75 X20.00% Y15.00%,0.0075,0.2,0.15,0.35981442036372946,0.28434621388875986,2.936108944298393,-0.3172728934044642,997954.747203668,805,981126.4305876502,47626.3868760873,10,4,751,1316,31.668212534782032,27.71962369153306,16.72187624221545,23.890287531469458,6.590723959050804,2.6442229748609822,-0.2963614383070441,True,True,False
Lead 0.75 X15.00% Y15.00%,0.0075,0.15,0.15,0.3454800058504106,0.27967156431639345,2.897113171780903,-0.31695106233090947,726223.8889066248,822,756123.6679396916,29686.239582146234,11,4,751,1176,32.46323042268451,32.569232807738175,11.077249238107857,23.890287531469458,5.157282507718919,2.6764060822164537,-0.3353572108245344,True,True,False
Lead 0.75 X10.00% Y15.00%,0.0075,0.1,0.15,0.32903452283133805,0.2774709182353473,2.8673584647055788,-0.31676675669752624,502200.9188534587,836,583281.1906376394,17362.459965428156,11,4,751,1146,32.83423877037233,36.12031270703591,7.1551609911223,23.890287531469458,3.512734205811663,2.6948366455547768,-0.36511191789985853,True,True,False
Lead 0.75 X50.00% Y80.00%,0.0075,0.5,0.8,0.4608583017695054,0.32147644131230757,3.233846770306405,-0.3618685094442792,8565472.02072443,765,8296333.761904346,942493.3053695207,4,3,751,1692,28.87239962899165,10.096727176361469,14.787332714986087,46.243540479660794,16.695112099628396,-1.8153386291205165,0.0013763877009678183,True,False,True
Lead 0.75 X60.00% Y80.00%,0.0075,0.6,0.8,0.45445264051291034,0.32231658681432934,3.231550581868484,-0.3618685094442792,7507738.020928848,765,7328907.56547979,827606.6591381537,3,3,751,1750,28.6206439644892,9.328209884722407,15.8076056711276,46.243540479660794,16.054545973968892,-1.8153386291205165,-0.0009198007369533023,True,False,False
Lead 0.75 X55.00% Y80.00%,0.0075,0.55,0.8,0.4533993834248857,0.32199292162162874,3.2237561574162714,-0.3618685094442792,7346371.365701914,765,7166093.151523304,808930.0264700883,3,3,751,1726,28.726646349542868,10.123227772624883,14.90658539817146,46.243540479660794,15.949220265166431,-1.8153386291205165,-0.00871422518916587,True,False,False
Lead 0.75 X45.00% Y80.00%,0.0075,0.45,0.8,0.45925454294239687,0.3195763934772267,3.222171014739242,-0.3618624818933771,8287878.955524852,765,8035070.030433104,911992.8500974176,5,3,751,1637,29.137405591625807,11.3157546044786,13.303299324234796,46.243540479660794,16.534736216917544,-1.81473587403031,-0.01029936786619512,True,False,False
Lead 0.75 X40.00% Y80.00%,0.0075,0.4,0.8,0.45444780451951794,0.31860591939894833,3.209236836621433,-0.3615812830636155,7506989.3405554285,767,7285747.990000271,826075.9843157729,5,3,751,1611,29.243407976679475,11.885517424142042,12.627534119517689,46.243540479660794,16.054062374629652,-1.7866159910541468,-0.023233545984004067,True,False,False
Lead 0.75 X50.00% Y75.00%,0.0075,0.5,0.75,0.4505203759010423,0.31982251142921647,3.207312087060613,-0.3618685094442792,6922207.915962835,767,6964427.6324106995,761707.2327470176,4,3,751,1677,29.01815290844044,11.170001325029814,14.787332714986087,45.02451305154366,15.66131951278209,-1.8153386291205165,-0.025158295544824405,True,False,False
Lead 0.75 X60.00% Y75.00%,0.0075,0.6,0.75,0.44416009745897034,0.3206673287343489,3.2050268821453063,-0.3618685094442792,6067404.112306533,767,6158841.108099986,669058.4209915021,3,3,751,1735,28.76639724393799,10.401484033390751,15.8076056711276,45.02451305154366,15.02529166857489,-1.8153386291205165,-0.027443500460131,True,False,False
Lead 0.75 X35.00% Y80.00%,0.0075,0.35,0.8,0.4457433313629915,0.31697467388102496,3.200980262650065,-0.3609348253076645,6270112.926425798,777,6095946.733626917,689902.5592224726,5,3,751,1581,29.468663044918507,13.329799920498212,10.957996554922486,46.243540479660794,15.183615058977008,-1.721970215459051,-0.0314901199553721,True,False,False
Lead 0.75 X55.00% Y75.00%,0.0075,0.55,0.75,0.4431143024092865,0.3203413877191556,3.1971882439795687,-0.3618685094442792,5936996.158399863,767,6021739.967150381,653851.6266290518,3,3,751,1711,28.87239962899165,11.19650192129323,14.90658539817146,45.02451305154366,14.92071216360651,-1.8153386291205165,-0.0352821386258686,True,False,False
Lead 0.75 X45.00% Y75.00%,0.0075,0.45,0.75,0.44892799050367715,0.31791087312726446,3.1955335066635167,-0.3618624818933771,6697873.739524668,767,6746112.905794669,737065.5957801472,5,3,751,1622,29.283158871074598,12.389028753146945,13.303299324234796,45.02451305154366,15.502080973045572,-1.81473587403031,-0.03693687594192063,True,False,False
Lead 0.75 X30.00% Y80.00%,0.0075,0.3,0.8,0.4443364481474874,0.31585879023685637,3.1924886898679454,-0.36078043037910323,6089665.687430597,782,5911416.141222841,669563.2200121441,5,3,751,1553,29.746919305684376,14.694580628064132,9.3149595865907,46.243540479660794,15.042926737426598,-1.7065307226029225,-0.03998169273749186,True,False,False
Lead 0.75 X40.00% Y75.00%,0.0075,0.4,0.75,0.4441554535019907,0.31693404349037985,3.1825136137038714,-0.3615812830636155,6066818.948197946,769,6118039.065062138,667635.3357175267,5,3,751,1596,29.389161256128265,12.958791572810387,12.627534119517689,45.02451305154366,15.024827272876928,-1.7866159910541468,-0.04995676890156586,True,False,False
Lead 0.75 X25.00% Y80.00%,0.0075,0.25,0.8,0.4375677152281674,0.31524889668642125,3.18019762622573,-0.3605640363421126,5289390.2881654855,790,5152550.253532645,581334.3816370388,5,3,751,1543,30.104677355240494,16.099112230025174,7.5526699350735385,46.243540479660794,14.366053445494597,-1.6848913189038583,-0.052272756379707186,True,False,False
Lead 0.75 X50.00% Y70.00%,0.0075,0.5,0.7,0.44931977649363963,0.3181913914605689,3.1786922350200624,-0.3618685094442792,6752407.385409122,765,6806566.595512834,740672.2347913486,4,3,751,1638,29.322909765469724,12.508281436332316,14.787332714986087,43.38147608321187,15.54125957204182,-1.8153386291205165,-0.053778147585374914,True,False,False
Lead 0.75 X50.00% Y60.00%,0.0075,0.5,0.6,0.4450634419022419,0.31525498602627705,3.1772714203118264,-0.3618685094442792,6182274.041184306,775,6139993.624046432,655218.5476584253,5,3,751,1628,29.283158871074598,13.064793957864051,17.87465217967404,39.777394991387304,15.115626112902047,-1.8153386291205165,-0.055198962293610876,True,False,False
Lead 0.75 X60.00% Y70.00%,0.0075,0.6,0.7,0.44296477825754454,0.3190408805769003,3.1764246188506204,-0.3618685094442792,5918573.70940419,765,6017547.358176449,650551.8718795642,3,3,751,1696,29.071154100967274,11.739764144693256,15.8076056711276,43.38147608321187,14.905759748432313,-1.8153386291205165,-0.056045763754816846,True,False,False
Lead 0.75 X60.00% Y60.00%,0.0075,0.6,0.6,0.43872720495441153,0.3161126090192144,3.174904862303033,-0.3618685094442792,5418855.425794791,775,5428891.137626985,575495.8562451222,4,3,751,1686,29.031403206572147,12.296276666224989,18.894925135815555,39.777394991387304,14.482002418119011,-1.8153386291205165,-0.05756552030240414,True,False,False
Lead 0.75 X35.00% Y75.00%,0.0075,0.35,0.75,0.43551299292659373,0.3152927808191338,3.1741758482596154,-0.3609348253076645,5067273.783704376,779,5120313.544058823,557579.760685258,5,3,751,1566,29.614416324367298,14.403074069166555,10.957996554922486,45.02451305154366,14.160581215337231,-1.721970215459051,-0.05829453434582188,True,False,False
Lead 0.75 X20.00% Y80.00%,0.0075,0.2,0.8,0.4356137166041041,0.31412065202531314,3.171607337031834,-0.3607947981933179,5077948.658389314,790,4965835.339994285,558019.6375637106,5,3,751,1532,30.23718033655757,17.212137273088647,6.30714191069299,46.243540479660794,14.170653583088267,-1.707967504024388,-0.06086304557360345,True,False,False
Lead 0.75 X55.00% Y70.00%,0.0075,0.55,0.7,0.44191985121951616,0.3187126413810343,3.1685395758538344,-0.3618685094442792,5791364.888725669,765,5883462.979157726,635767.7591904579,3,3,751,1672,29.177156486020934,12.534782032595734,14.90658539817146,43.38147608321187,14.801267044629473,-1.8153386291205165,-0.0639308067516029,True,False,False
Lead 0.75 X55.00% Y60.00%,0.0075,0.55,0.6,0.43768536264928604,0.3157808889083159,3.1669800313888987,-0.3618685094442792,5302388.906515155,775,5308153.780776938,562408.2529908617,4,3,751,1662,29.137405591625807,13.091294554127467,17.993904862859413,39.777394991387304,14.377818187606461,-1.8153386291205165,-0.06549035121653857,True,False,False
Lead 0.75 X45.00% Y70.00%,0.0075,0.45,0.7,0.4477287191133321,0.31626811739357114,3.166796432500974,-0.3618624818933771,6533577.43946169,765,6592846.720184775,716705.3394860127,5,3,751,1583,29.58791572810388,13.72730886444945,13.303299324234796,43.38147608321187,15.38215383401107,-1.81473587403031,-0.06567395010446342,True,False,False
Lead 0.75 X30.00% Y75.00%,0.0075,0.3,0.75,0.43411613237787594,0.31416983039536733,3.1656148183565542,-0.36078043037910323,4921449.9149812255,784,4964476.033322543,541081.6354096656,5,3,751,1538,29.892672585133166,15.767854776732475,9.3149595865907,45.02451305154366,14.020895160465452,-1.7065307226029225,-0.06685556424888306,True,False,False
Lead 0.75 X45.00% Y60.00%,0.0075,0.45,0.6,0.44347710226824355,0.3133124636860081,3.165449871141546,-0.3618624818933771,5981926.414743593,775,5947408.559729254,634013.1713068793,6,3,751,1573,29.548164833708757,14.283821385981184,16.39061878892275,39.777394991387304,14.956992149502213,-1.81473587403031,-0.0670205114638911,True,False,False
Lead 0.75 X50.00% Y65.00%,0.0075,0.5,0.65,0.43972348881239154,0.3172622632144712,3.1637670544146754,-0.3618685094442792,5532539.681008459,771,6079710.166159123,592767.4080201465,4,3,751,1636,29.362660659864847,13.515304094342124,14.787332714986087,42.33470253080694,14.581630803917012,-1.8153386291205165,-0.06870332819076186,True,False,False
Lead 0.75 X60.00% Y65.00%,0.0075,0.6,0.65,0.4334106286484145,0.3181144230956783,3.1615061284498913,-0.3618685094442792,4849349.7553091915,771,5378151.526000021,520837.2941640479,3,3,751,1694,29.110904995362397,12.746786802703062,15.8076056711276,42.33470253080694,13.95034478751931,-1.8153386291205165,-0.07096425415554597,True,False,False
Lead 0.75 X50.00% Y55.00%,0.0075,0.5,0.55,0.4378299671984358,0.31379976478377214,3.157028924064788,-0.3618685094442792,5318408.2683864385,775,4933396.460508252,504089.6881414566,5,3,751,1611,29.33616006360143,14.336822578508016,17.87465217967404,38.45236517821651,14.39227864252144,-1.8153386291205165,-0.0754414585406491,True,False,False
Lead 0.75 X15.00% Y80.00%,0.0075,0.15,0.8,0.4271552389291311,0.31274000251196166,3.155229492050505,-0.36049348293231154,4253186.040675024,804,4173265.232859132,466663.67364321434,5,3,751,1470,30.687690473035644,19.477938253610706,3.5908307936928585,46.243540479660794,13.324805815590967,-1.6778359779237528,-0.07724089055493222,True,False,False
Lead 0.75 X60.00% Y55.00%,0.0075,0.6,0.55,0.43152552516016374,0.3146616277285392,3.1546640851987533,-0.3618685094442792,4661671.802619532,775,4368823.262988538,442954.2516208386,4,3,751,1669,29.08440439909898,13.568305286868954,18.894925135815555,38.45236517821651,13.761834438694232,-1.8153386291205165,-0.07780629740668399,True,False,False
Lead 0.75 X40.00% Y70.00%,0.0075,0.4,0.7,0.442960221852728,0.31528489000538845,3.1536836627416167,-0.3615812830636155,5918013.196119891,767,5978697.49515441,649188.7512429877,5,3,751,1557,29.693918113157547,14.297071684112892,12.627534119517689,43.38147608321187,14.905304107950656,-1.7866159910541468,-0.07878671986382058,True,False,False
Lead 0.75 X55.00% Y65.00%,0.0075,0.55,0.65,0.4323726302049309,0.31778488554179857,3.1535955730340857,-0.3618685094442792,4745122.917195418,771,5258275.60390147,508893.62502802676,3,3,751,1670,29.216907380416057,13.541804690605538,14.90658539817146,42.33470253080694,13.846544943170947,-1.8153386291205165,-0.07887480957135162,True,False,False
Lead 0.75 X25.00% Y75.00%,0.0075,0.25,0.75,0.4273955192644727,0.3135556322173975,3.153248567324517,-0.3605640363421126,4274716.034235106,792,4329571.872140359,469762.93483885936,5,3,751,1528,30.25043063468928,17.17238637869352,7.5526699350735385,45.02451305154366,13.34883384912513,-1.6848913189038583,-0.0792218152809201,True,False,False
Lead 0.75 X40.00% Y60.00%,0.0075,0.4,0.6,0.4387229642038186,0.3123190306850085,3.1523117771148166,-0.3615812830636155,5418376.381756105,777,5393631.644010343,574287.2209827261,6,3,751,1547,29.654167218762424,14.853584205644626,15.714853584205645,39.777394991387304,14.48157834305972,-1.7866159910541468,-0.0801586054906207,True,False,False
Lead 0.75 X45.00% Y65.00%,0.0075,0.45,0.65,0.43814299264330736,0.3153323666139091,3.151811364082671,-0.3618624818933771,5353245.7856870415,771,5889346.516120339,573593.5261637421,5,3,751,1581,29.627666622499007,14.734331522459254,13.303299324234796,42.33470253080694,14.423581187008594,-1.81473587403031,-0.08065901852276625,True,False,False
Lead 0.75 X50.00% Y50.00%,0.0075,0.5,0.5,0.4294767398625432,0.31255364116602574,3.1474087600548586,-0.3618685094442792,4465662.068185191,777,4223808.930837258,415183.5612616194,5,3,751,1608,29.362660659864847,15.105339870147077,17.87465217967404,37.65734729031403,13.556955908932178,-1.8153386291205165,-0.0850616225505787,True,False,False
Lead 0.75 X55.00% Y55.00%,0.0075,0.55,0.55,0.4304889108342804,0.31432788360281116,3.1467015738626256,-0.3618685094442792,4561480.53742014,775,4271269.939063353,432764.9501800026,4,3,751,1645,29.190406784152646,14.363323174771434,17.993904862859413,38.45236517821651,13.658173006105901,-1.8153386291205165,-0.08576880874281168,True,False,False
Lead 0.75 X35.00% Y70.00%,0.0075,0.35,0.7,0.4343251154655243,0.3136335727030459,3.1452520218734197,-0.3609348253076645,4943005.497482723,777,5003286.090016932,542170.3343885086,5,3,751,1527,29.91917318139658,15.741354180469061,10.957996554922486,43.38147608321187,14.04179346923029,-1.721970215459051,-0.08721836073201761,True,False,False
Lead 0.75 X45.00% Y55.00%,0.0075,0.45,0.55,0.43625160214210656,0.3118467984190605,3.1451314534867096,-0.3618624818933771,5146059.400111078,775,4779655.471105497,487780.71688277414,6,3,751,1556,29.601166026235592,15.55585000662515,16.39061878892275,38.45236517821651,14.234442136888514,-1.81473587403031,-0.08733892911872765,True,False,False
Lead 0.75 X60.00% Y50.00%,0.0075,0.6,0.5,0.42320900145549745,0.3134191045574356,3.1450248439168234,-0.3618685094442792,3914232.1922378456,777,3744821.305722797,364963.5503695189,4,3,751,1666,29.110904995362397,14.336822578508016,18.894925135815555,37.65734729031403,12.930182068227602,-1.8153386291205165,-0.08744553868861393,True,False,False
Lead 0.75 X20.00% Y75.00%,0.0075,0.2,0.75,0.4254552927401689,0.31242016790459215,3.144587068176501,-0.3607947981933179,4103830.9796046806,792,4175069.1757085538,450919.2923438592,5,3,751,1517,30.38293361600636,18.28541142175699,6.30714191069299,45.02451305154366,13.154811196694748,-1.707967504024388,-0.08788331442893638,True,False,False
Lead 0.75 X10.00% Y80.00%,0.0075,0.1,0.8,0.42403669763658125,0.3120298179870902,3.143065566302193,-0.3603209262571144,3983087.41452604,806,3909540.754117263,436591.5299694824,5,3,751,1457,30.926195839406383,20.86921955744004,1.9610441234927785,46.243540479660794,13.012951686335983,-1.6605803104040417,-0.08940481630324415,True,False,False
Lead 0.75 X35.00% Y60.00%,0.0075,0.35,0.6,0.4283797977170649,0.3105639919389011,3.141912379974725,-0.3609348253076645,4364015.866472022,788,4556823.338042948,472899.2652828378,6,3,751,1517,29.879422287001457,16.417119385186165,13.92606333642507,39.777394991387304,13.447261694384348,-1.721970215459051,-0.09055800263071223,True,False,False
Lead 0.75 X40.00% Y65.00%,0.0075,0.4,0.65,0.4334062650522281,0.31434550877556583,3.1386489383716407,-0.3615812830636155,4848907.003409526,773,5341294.569277657,519564.2311692532,5,3,751,1555,29.73366900755267,15.3040943421227,12.627534119517689,42.33470253080694,13.94990842790067,-1.7866159910541468,-0.09382144423379657,True,False,False
Lead 0.75 X55.00% Y50.00%,0.0075,0.55,0.5,0.4221784222228804,0.31308372307021215,3.1370368629081113,-0.3618685094442792,3830106.3545178073,777,3661052.432210041,356494.4372739024,4,3,751,1642,29.216907380416057,15.131840466410495,17.993904862859413,37.65734729031403,12.827124144965897,-1.8153386291205165,-0.09543351969732594,True,False,False
Lead 0.75 X30.00% Y70.00%,0.0075,0.3,0.7,0.4329294430827395,0.3125035213383559,3.136612877343488,-0.36078043037910323,4800761.012121314,782,4851113.805560624,526131.5286713125,5,3,751,1499,30.19742944216245,17.10613488803498,9.3149595865907,43.38147608321187,13.902226230951808,-1.7065307226029225,-0.09585750526194925,True,False,False
Lead 0.75 X45.00% Y50.00%,0.0075,0.45,0.5,0.4279075782367845,0.3105919635494649,3.1354910077308427,-0.3618624818933771,4320950.44139995,777,4092868.5818649842,401755.3014463798,6,3,751,1553,29.627666622499007,16.32436729826421,16.39061878892275,37.65734729031403,13.400039746356306,-1.81473587403031,-0.09697937487459463,True,False,False
Lead 0.75 X40.00% Y55.00%,0.0075,0.4,0.55,0.431521537058567,0.31084766569407174,3.13192390570686,-0.3615812830636155,4661282.297267445,777,4335651.905085808,441834.42889861256,6,3,751,1530,29.707168411289253,16.12561282628859,15.714853584205645,38.45236517821651,13.761435628534556,-1.7866159910541468,-0.1005464768985771,True,False,False
Lead 0.75 X30.00% Y60.00%,0.0075,0.3,0.6,0.4255621033953165,0.3093376084547482,3.1308137092480144,-0.36078043037910323,4113064.01336075,793,4415840.70657468,449415.8603306788,6,3,751,1489,30.157678547767325,17.967404266596,12.09752219424937,39.777394991387304,13.165492262209511,-1.7065307226029225,-0.1016566733574229,True,False,False
Lead 0.75 X35.00% Y65.00%,0.0075,0.35,0.65,0.42482877043165734,0.3126884643525707,3.130169900508625,-0.3609348253076645,4050074.608226855,783,4470609.214916997,433912.26253973326,5,3,751,1525,29.958924075791703,16.748376838478865,10.957996554922486,42.33470253080694,13.092158965843591,-1.721970215459051,-0.1023004820968123,True,False,False
Lead 0.75 X15.00% Y75.00%,0.0075,0.15,0.75,0.4170569999732021,0.31103029291295936,3.1280925253655796,-0.36049348293231154,3437309.1740077734,806,3510854.9783164607,377018.60415406426,5,3,751,1455,30.83344375248443,20.551212402279052,3.5908307936928585,45.02451305154366,12.314981919998068,-1.6778359779237528,-0.10437785723985771,True,False,False
Lead 0.75 X25.00% Y70.00%,0.0075,0.25,0.7,0.42621449160211244,0.31188497949493527,3.124166955102746,-0.3605640363421126,4169895.8258124995,790,4229887.28314262,456773.4128953967,5,3,751,1489,30.555187491718566,18.510666489996026,7.5526699350735385,43.38147608321187,13.230731082889102,-1.6848913189038583,-0.10830342750269129,True,False,False
Lead 0.75 X40.00% Y50.00%,0.0075,0.4,0.5,0.4232052676669913,0.30958813622320586,3.12224616039366,-0.3615812830636155,3913924.204619527,779,3713384.486211738,363916.3330519858,6,3,751,1527,29.73366900755267,16.894130117927652,15.714853584205645,37.65734729031403,12.929808689376987,-1.7866159910541468,-0.11022422221177708,True,False,False
Lead 0.75 X30.00% Y65.00%,0.0075,0.3,0.65,0.42344240958293944,0.31155437243577777,3.121490327106815,-0.36078043037910323,3933531.8187056216,788,4334286.920454934,421016.78170453827,5,3,751,1497,30.23718033655757,18.113157546044786,9.3149595865907,42.33470253080694,12.953522880971802,-1.7065307226029225,-0.11098005549862222,True,False,False
Lead 0.75 X35.00% Y55.00%,0.0075,0.35,0.55,0.42123075721876835,0.3090830374990082,3.121456083222625,-0.3609348253076645,3754293.2300053244,788,3666800.6954814503,363215.2766242897,6,3,751,1500,29.932423479528293,17.68914800583013,13.92606333642507,38.45236517821651,12.732357644554693,-1.721970215459051,-0.11101429938281226,True,False,False
Lead 0.75 X10.00% Y75.00%,0.0075,0.1,0.75,0.41396065790714,0.3103151275245656,3.115849489650891,-0.3603209262571144,3219031.90624051,808,3289363.75694053,352672.26457572414,5,3,751,1442,31.071949118855173,21.942493706108387,1.9610441234927785,45.02451305154366,12.005347713391856,-1.6605803104040417,-0.11662089295454647,True,False,False
Lead 0.75 X20.00% Y70.00%,0.0075,0.2,0.7,0.42427583590703866,0.3107422594327374,3.115425369766275,-0.3607947981933179,4003198.129802763,790,4078181.940664793,438440.16800786805,5,3,751,1478,30.687690473035644,19.623691533059496,6.30714191069299,43.38147608321187,13.036865513381724,-1.707967504024388,-0.11704501283916224,True,False,False
Lead 0.75 X35.00% Y50.00%,0.0075,0.35,0.5,0.41297488400804183,0.3078155034380776,3.111760945532718,-0.3609348253076645,3152396.5749521106,790,3140860.770160651,299068.4394613483,6,3,751,1497,29.958924075791703,18.45766529746919,13.92606333642507,37.65734729031403,11.906770323482041,-1.721970215459051,-0.12070943707271908,True,False,False
Lead 0.75 X30.00% Y55.00%,0.0075,0.3,0.55,0.41842727119698053,0.30784972338518085,3.110292552425317,-0.36078043037910323,3538411.265863593,793,3552284.3798976825,344240.2265232589,6,3,751,1472,30.210679740294154,19.239432887239964,12.09752219424937,38.45236517821651,12.452009042375911,-1.7065307226029225,-0.1221778301801204,True,False,False
Lead 0.75 X25.00% Y65.00%,0.0075,0.25,0.65,0.4167721552152006,0.3109333711114334,3.1090009218263344,-0.3605640363421126,3416646.017209956,796,3780530.5704413657,365493.2039102121,5,3,751,1487,30.59493838611369,19.51768914800583,7.5526699350735385,42.33470253080694,12.28649744419792,-1.6848913189038583,-0.12346946077910292,True,False,False
Lead 0.75 X50.00% Y45.00%,0.0075,0.5,0.45,0.4191410588562172,0.30958198198616715,3.1069054927349566,-0.3618685094442792,3592208.9947107625,777,3217543.3591352673,306986.4778472321,5,3,751,1567,29.574665429972175,16.629124155293496,17.87465217967404,35.92155823506029,12.52338780829958,-1.8153386291205165,-0.12556488987048064,True,False,False
Lead 0.75 X60.00% Y45.00%,0.0075,0.6,0.45,0.41291875314876414,0.3104562828719592,3.1045232957337516,-0.3618685094442792,3148642.6968017104,777,2859680.147227293,270043.00626322126,4,3,751,1625,29.322909765469724,15.860606863654434,18.894925135815555,35.92155823506029,11.901157237554273,-1.8153386291205165,-0.12794708687168566,True,False,False
Lead 0.75 X30.00% Y50.00%,0.0075,0.3,0.5,0.41018778877561846,0.306576435559889,3.1005704485442367,-0.36078043037910323,2971131.951947106,795,3042266.680882005,283270.9278009573,6,3,751,1469,30.23718033655757,20.007950178879025,12.09752219424937,37.65734729031403,11.628060800239703,-1.7065307226029225,-0.1318999340612006,True,False,False
Lead 0.75 X20.00% Y65.00%,0.0075,0.2,0.65,0.4148462813723377,0.3097865216247866,3.1002178666105062,-0.3607947981933179,3280056.891681013,796,3646173.112170438,350818.20992213313,5,3,751,1476,30.727441367430767,20.6307141910693,6.30714191069299,42.33470253080694,12.093910059911629,-1.707967504024388,-0.13225251599493104,True,False,False
Lead 0.75 X15.00% Y70.00%,0.0075,0.15,0.7,0.41588464111611656,0.30934309803517324,3.09880336486199,-0.36049348293231154,3353031.146593643,804,3428496.8628410376,366575.69550543453,5,3,751,1416,31.138200609513717,21.889492513581555,3.5908307936928585,43.38147608321187,12.197746034289514,-1.6778359779237528,-0.13366701774344714,True,False,False
Lead 0.75 X25.00% Y60.00%,0.0075,0.25,0.6,0.41565830923293645,0.3080012234463532,3.0974809323215777,-0.3605640363421126,3336992.3583649616,801,3226999.6407358292,336119.9218167593,6,3,751,1445,30.83344375248443,20.339207632171725,9.049953623956538,39.777394991387304,12.175112845971503,-1.6848913189038583,-0.13498945028385956,True,False,False
Lead 0.75 X55.00% Y45.00%,0.0075,0.55,0.45,0.4118956444173716,0.31011670102182776,3.096457138152604,-0.3618685094442792,3080972.3846973837,777,2795259.316399483,263665.00038299523,4,3,751,1601,29.428912150523384,16.65562475155691,17.993904862859413,35.92155823506029,11.798846364415017,-1.8153386291205165,-0.13601324445283325,True,False,False
Lead 0.75 X45.00% Y45.00%,0.0075,0.45,0.45,0.417583291308955,0.3075985641643984,3.0948330446875314,-0.3618624818933771,3475805.5370193184,777,3118804.1499921097,297061.7537394639,6,3,751,1512,29.83967139260633,17.848151583410626,16.39061878892275,35.92155823506029,12.367611053573357,-1.81473587403031,-0.1376373379179059,True,False,False
Lead 0.75 X50.00% Y35.00%,0.0075,0.5,0.35,0.4085156489332795,0.3014830652103933,3.093506219890677,-0.3618685094442792,2867261.2817607513,781,2623705.813661184,222278.5018801527,6,4,751,1501,29.786670200079502,18.56366768252286,18.81542334702531,32.83423877037233,11.460846816005809,-1.8153386291205165,-0.13896416271476042,True,False,False
Lead 0.75 X60.00% Y35.00%,0.0075,0.6,0.35,0.4023399400626677,0.30238154180521404,3.090851822630167,-0.3618685094442792,2513212.0842519794,781,2341104.240498269,195842.2067448114,5,4,751,1559,29.53491453557705,17.795150390883798,19.835696303166824,32.83423877037233,10.843275928944628,-1.8153386291205165,-0.1416185599752704,True,False,False
Lead 0.75 X20.00% Y60.00%,0.0075,0.2,0.6,0.4107955699491399,0.30670817086597246,3.0874832543330677,-0.3607947981933179,3009780.2402860685,805,3189459.8398539256,303246.646938456,6,3,751,1434,30.992447330064927,21.915993109844973,7.314164568702795,39.777394991387304,11.688838917591848,-1.707967504024388,-0.1449871282723696,True,False,False
Lead 0.75 X10.00% Y70.00%,0.0075,0.1,0.7,0.4127909199052895,0.30862290999577663,3.086475759062528,-0.3603209262571144,3140109.6789259496,806,3211972.213189108,342902.5647526723,5,3,751,1403,31.376705975884455,23.28077381741089,1.9610441234927785,43.38147608321187,11.888373913206806,-1.6605803104040417,-0.14599462354290926,True,False,False
Lead 0.75 X15.00% Y65.00%,0.0075,0.15,0.65,0.4065109978930386,0.3083820838787965,3.0835281084065937,-0.36049348293231154,2747357.5371913565,810,3066537.072679618,293235.02877473214,5,3,751,1414,31.17795150390884,22.89651517159136,3.5908307936928585,42.33470253080694,11.260381711981715,-1.6778359779237528,-0.14894227419884354,True,False,False
Lead 0.75 X55.00% Y35.00%,0.0075,0.55,0.35,0.4013244940739311,0.302031517086405,3.0826612356765377,-0.3618685094442792,2459198.5154515696,781,2287555.9451348083,191021.15927984173,5,4,751,1535,29.640916920630715,18.590168278786273,18.934676030210678,32.83423877037233,10.74173133007097,-1.8153386291205165,-0.14980914692889957,True,False,False
Lead 0.75 X45.00% Y35.00%,0.0075,0.45,0.35,0.406969521680274,0.299442185686272,3.081609813577391,-0.3618624818933771,2774347.973261013,781,2544429.454528208,215097.67355613955,7,4,751,1446,30.051676162713658,19.782695110639988,17.331389956274016,32.83423877037233,11.306234090705258,-1.81473587403031,-0.15086056902804623,True,False,False
Lead 0.75 X40.00% Y45.00%,0.0075,0.4,0.45,0.412915365108544,0.30658288189474575,3.0814449126428207,-0.3615812830636155,3148416.2522849347,779,2830683.8229042394,269086.3672957085,6,3,751,1486,29.945673777659998,18.41791440307407,15.714853584205645,35.92155823506029,11.900818433532256,-1.7866159910541468,-0.15102546996261657,True,False,False
Lead 0.75 X60.00% Y20.00%,0.0075,0.6,0.2,0.37925422122490793,0.29940332230462635,3.0803747186906616,-0.3618685094442792,1527597.8384416203,792,1789414.7787906416,113767.28033392371,5,4,751,1661,29.243407976679475,15.794355372995891,27.71962369153306,27.24261295879157,8.53470404516865,-1.8153386291205165,-0.1520956639147757,True,False,False
Lead 0.75 X50.00% Y40.00%,0.0075,0.5,0.4,0.4172460808083065,0.30842401524782304,3.077720300573653,-0.3618685094442792,3451092.0941317687,769,3179214.3636262184,291698.8950478503,5,3,751,1554,29.707168411289253,17.463892937591098,17.87465217967404,34.954286471445606,12.333890003508508,-1.8153386291205165,-0.15475008203178442,True,False,False
Lead 0.75 X25.00% Y55.00%,0.0075,0.25,0.55,0.4085733679079049,0.3065047975045872,3.0767942329440525,-0.3605640363421126,2870787.4609064963,801,2563476.761913409,252332.5522648224,6,3,751,1428,30.886444945011267,21.611236252815686,9.049953623956538,38.45236517821651,11.466618713468346,-1.6848913189038583,-0.15567614966138477,True,False,False
Lead 0.75 X60.00% Y40.00%,0.0075,0.6,0.4,0.4110320282167501,0.30930190894688986,3.0753759598499726,-0.3618685094442792,3024947.3539563743,769,2826410.4845594265,256698.48337997688,4,3,751,1612,29.455412746786802,16.695375645952033,18.894925135815555,34.954286471445606,11.712484744352869,-1.8153386291205165,-0.1570944227554647,True,False,False
Lead 0.75 X50.00% Y20.00%,0.0075,0.5,0.2,0.3874500333744715,0.29748963406989243,3.0748517246636236,-0.3618685094442792,1824661.5524943927,791,1994388.7669925387,133619.8500832636,7,4,751,1564,29.601166026235592,17.43739234132768,25.718828673645156,27.24261295879157,9.354285260125007,-1.8153386291205165,-0.15761865794181373,True,False,False
Lead 0.75 X10.00% Y65.00%,0.0075,0.1,0.65,0.40343790112291944,0.30765904755330936,3.0711546713431903,-0.3603209262571144,2572904.9242576864,812,2873125.096766941,274246.8533500483,5,3,751,1401,31.41645687027958,24.2877964754207,1.9610441234927785,42.33470253080694,10.953072034969802,-1.6605803104040417,-0.16131571126224697,True,False,False
Lead 0.75 X35.00% Y45.00%,0.0075,0.35,0.45,0.402759805863081,0.3047902737078231,3.070820281545237,-0.3609348253076645,2535879.1158780633,790,2396973.414070588,220815.76799973083,6,3,751,1456,30.17092884589903,19.98144958261561,13.92606333642507,35.92155823506029,10.88526250898596,-1.721970215459051,-0.1616501010602005,True,False,False
Lead 0.75 X55.00% Y20.00%,0.0075,0.55,0.2,0.3809344422925689,0.2984004472586655,3.068752313924911,-0.3618685094442792,1584410.1311495206,791,1777384.6417722304,116548.29780043526,6,4,751,1605,29.41566185239168,17.03988339737644,26.301841791440307,27.24261295879157,8.702726151934748,-1.8153386291205165,-0.1637180686805264,True,False,False
Lead 0.75 X40.00% Y35.00%,0.0075,0.4,0.35,0.4023358684134799,0.29839592713682656,3.0681251169812356,-0.3615812830636155,2512993.232480691,783,2310600.5852152943,194837.19805619295,7,4,751,1420,30.157678547767325,20.352457930303434,16.65562475155691,32.83423877037233,10.842868764025848,-1.7866159910541468,-0.1643452656242017,True,False,False
Lead 0.75 X55.00% Y40.00%,0.0075,0.55,0.4,0.41001027707864846,0.3089604828538051,3.0672659377473193,-0.3618685094442792,2959934.9480334437,769,2761885.098882695,250550.73274437312,4,3,751,1588,29.56141513184047,17.490393533854512,17.993904862859413,34.954286471445606,11.610309630542703,-1.8153386291205165,-0.16520444485811803,True,False,False
Lead 0.75 X25.00% Y50.00%,0.0075,0.25,0.5,0.40039144829247175,0.3052245950378233,3.0669590293720996,-0.3605640363421126,2410558.481102662,803,2206063.5652062483,206844.8118163805,6,3,751,1425,30.912945541274677,22.37975354445475,9.049953623956538,37.65734729031403,10.648426751925033,-1.6848913189038583,-0.16551135323333765,True,False,False
Lead 0.75 X20.00% Y55.00%,0.0075,0.2,0.55,0.4037348782846011,0.3052043958496366,3.0667337391560414,-0.3607947981933179,2589284.7231458263,805,2541203.6295471876,225520.89672334582,6,3,751,1417,31.045448522591755,23.188021730488938,7.314164568702795,38.45236517821651,10.982769751137965,-1.707967504024388,-0.16573664344939587,True,False,False
Lead 0.75 X15.00% Y60.00%,0.0075,0.15,0.6,0.40026379821624003,0.30516322693254316,3.0666145745927507,-0.36049348293231154,2403976.78711114,821,2655540.7504924657,240387.7114162702,6,3,751,1371,31.456207764674705,24.566052736186563,4.200344507751424,39.777394991387304,10.63566174430186,-1.6778359779237528,-0.16585580801268662,True,False,False
Lead 0.75 X45.00% Y40.00%,0.0075,0.45,0.4,0.4156903588588228,0.30643149095721683,3.0655044315717395,-0.3618624818933771,3339259.0081882486,769,3081418.143869499,282264.9005703005,6,3,751,1499,29.972174373923416,18.682920365708227,16.39061878892275,34.954286471445606,12.178317808560134,-1.81473587403031,-0.16696595103369782,True,False,False
Lead 0.75 X50.00% Y33.33%,0.0075,0.5,0.333333,0.4128404527715799,0.29848838230876706,3.0633115361424745,-0.3618685094442792,3143413.399346513,773,2859731.937629907,238974.9667462362,6,4,751,1464,30.104677355240494,19.610441234927787,18.81542334702531,31.469458062806417,11.893327199835845,-1.8153386291205165,-0.16915884646296275,True,False,False
Lead 0.75 X60.00% Y33.33%,0.0075,0.6,0.333333,0.40664566967424576,0.29939632491174856,3.0606244328462053,-0.3618685094442792,2755258.3858849225,773,2549516.3916841024,210562.417738746,5,4,751,1522,29.852921690738043,18.841923943288723,19.835696303166824,31.469458062806417,11.273848890102434,-1.8153386291205165,-0.17184594975923195,True,False,False
Lead 0.75 X30.00% Y45.00%,0.0075,0.3,0.45,0.3999930075410445,0.30353677119765254,3.059496629500306,-0.36078043037910323,2390072.163135093,795,2320665.5976011185,208637.78909736953,6,3,751,1428,30.4491851066649,21.53173446402544,12.09752219424937,35.92155823506029,10.608582676782309,-1.7065307226029225,-0.1729737531051314,True,False,False
Lead 0.75 X35.00% Y35.00%,0.0075,0.35,0.35,0.392254812516982,0.2965504102180421,3.0576721529013127,-0.3609348253076645,2024013.1341165612,794,1957783.6706227446,159572.35957889078,7,4,751,1390,30.38293361600636,21.915993109844973,14.866834503776335,32.83423877037233,9.83476317437606,-1.721970215459051,-0.17479822970412462,True,False,False
Lead 0.75 X20.00% Y50.00%,0.0075,0.2,0.5,0.3955809773869836,0.30391807476775606,3.0568756175711296,-0.3607947981933179,2174180.688505383,807,2187110.242915198,184529.6057225181,6,3,751,1414,31.071949118855173,23.956539022128,7.314164568702795,37.65734729031403,10.16737966137622,-1.707967504024388,-0.1755947650343077,True,False,False
Lead 0.75 X45.00% Y20.00%,0.0075,0.45,0.2,0.3875763354153885,0.2951381584777478,3.055873111976245,-0.3618624818933771,1829650.0610351337,787,1943684.5121355203,133227.87269415168,8,4,751,1496,30.038425864581953,19.173181396581423,23.545779780045052,27.24261295879157,9.366915464216707,-1.81473587403031,-0.1765972706291925,True,False,False
Lead 0.75 X55.00% Y33.33%,0.0075,0.55,0.333333,0.405627087617918,0.2990419435856371,3.052361171282764,-0.3618685094442792,2696041.7450193674,773,2490428.198079762,205339.661747901,5,4,751,1498,29.958924075791703,19.6369418311912,18.934676030210678,31.469458062806417,11.171990684469657,-1.8153386291205165,-0.18010921132267343,True,False,False
Lead 0.75 X10.00% Y60.00%,0.0075,0.1,0.6,0.3953842798919658,0.3041721922702537,3.0521944681921527,-0.3603209262571144,2165008.46788006,823,2465834.010066324,213688.71770479225,6,3,751,1358,31.69471313104545,26.354842983967142,2.173048893600106,39.777394991387304,10.147709911874436,-1.6605803104040417,-0.1802759144132846,True,False,False
Lead 0.75 X40.00% Y40.00%,0.0075,0.4,0.4,0.4110283240476196,0.30541074081724595,3.0520182487746017,-0.3615812830636155,3024709.1892591654,771,2796501.040436543,255674.51063905185,6,3,751,1473,30.078176758977076,19.252683185371673,15.714853584205645,34.954286471445606,11.712114327439815,-1.7866159910541468,-0.18045213383083558,True,False,False
Lead 0.75 X50.00% Y30.00%,0.0075,0.5,0.3,0.40482765081076066,0.2976422279361758,3.0519213791492157,-0.3618685094442792,2650428.983136418,773,2480589.2427336182,197454.89520199332,6,4,751,1464,30.104677355240494,20.246455545249766,18.81542334702531,30.83344375248443,11.092047003753924,-1.8153386291205165,-0.1805490034562216,True,False,False
Lead 0.75 X45.00% Y33.33%,0.0075,0.45,0.333333,0.41128952137936414,0.29642446866401806,3.051324169011034,-0.3618624818933771,3041547.7379736607,773,2772614.4814747167,231246.49045268318,7,4,751,1409,30.369683317874653,20.829468663044917,17.331389956274016,31.469458062806417,11.738234060614271,-1.81473587403031,-0.18114621359440308,True,False,False
Lead 0.75 X60.00% Y30.00%,0.0075,0.6,0.3,0.3986681046399785,0.29855290103295007,3.049233411648723,-0.3618685094442792,2323153.8463485427,773,2214480.7455747114,174094.96119842847,5,4,751,1522,29.852921690738043,19.477938253610706,19.835696303166824,30.83344375248443,10.476092386675706,-1.8153386291205165,-0.1832369709567141,True,False,False
Lead 0.75 X30.00% Y35.00%,0.0075,0.3,0.35,0.38950840066865733,0.2952590682267261,3.0463670800904707,-0.36078043037910323,1907623.5107050173,799,1894031.7057170635,150248.44382947232,7,4,751,1362,30.661189876772227,23.466277991254803,13.038293361600637,32.83423877037233,9.56012198954359,-1.7065307226029225,-0.18610330251496654,True,False,False
Lead 0.75 X15.00% Y55.00%,0.0075,0.15,0.55,0.393256292150032,0.30365020313575025,3.045748912285866,-0.36049348293231154,2068139.1130363166,821,2116177.847669543,177148.26972491248,6,3,751,1354,31.509208957201533,25.83808135683053,4.200344507751424,38.45236517821651,9.934911137681057,-1.6778359779237528,-0.1867214703195712,True,False,False
Lead 0.75 X35.00% Y40.00%,0.0075,0.35,0.4,0.4008855597630905,0.3036097689761438,3.041262637436169,-0.3609348253076645,2436199.68071605,782,2367147.395021292,209750.41190703423,6,3,751,1443,30.30343182721611,20.81621836491321,13.92606333642507,34.954286471445606,10.697837898986906,-1.721970215459051,-0.19120774516926842,True,False,False
Lead 0.75 X55.00% Y30.00%,0.0075,0.55,0.3,0.3976553167618515,0.298197234273958,3.0409463496153877,-0.3618685094442792,2273224.946110864,773,2162964.1704689558,169706.66012267422,5,4,751,1498,29.958924075791703,20.272956141513184,18.934676030210678,30.83344375248443,10.374813598863009,-1.8153386291205165,-0.1915240329900496,True,False,False
Lead 0.75 X45.00% Y30.00%,0.0075,0.45,0.3,0.4032855815690417,0.29557161256953296,3.039889086623524,-0.3618624818933771,2564542.6346002654,773,2405445.7717285347,191071.14244580735,7,4,751,1409,30.369683317874653,21.4654829733669,17.331389956274016,30.83344375248443,10.937840079582028,-1.81473587403031,-0.19258129598191331,True,False,False
Lead 0.75 X40.00% Y20.00%,0.0075,0.4,0.2,0.3819212524553144,0.2939657976622554,3.038284708876648,-0.3615812830636155,1618722.9148153893,789,1724874.888013337,117841.23759631955,8,4,751,1469,30.14442824963562,19.994699880747316,22.618258910825492,27.24261295879157,8.801407168209296,-1.7866159910541468,-0.19418567372878925,True,False,False
Lead 0.75 X40.00% Y33.33%,0.0075,0.4,0.333333,0.4066410457464158,0.2953657409086064,3.03772266751113,-0.3615812830636155,2754986.748132596,775,2517069.0391476154,209452.11482582495,7,4,751,1383,30.475685702928317,21.399231482708363,16.65562475155691,31.469458062806417,11.273386497319438,-1.7866159910541468,-0.19474771509430733,True,False,False
Lead 0.75 X15.00% Y50.00%,0.0075,0.15,0.5,0.3851637339861569,0.302356255331912,3.0358274192619645,-0.36049348293231154,1736600.9942764335,823,1823277.5678736693,144650.1488881155,6,3,751,1351,31.53570955346495,26.606598648469593,4.200344507751424,37.65734729031403,9.125655321293547,-1.6778359779237528,-0.19664296334347275,True,False,False
Lead 0.75 X10.00% Y55.00%,0.0075,0.1,0.55,0.38840139093646475,0.3026531454420809,3.0312487182649064,-0.3603209262571144,1862562.8435521922,823,1963911.4979528235,156038.16791640627,6,3,751,1341,31.74771432357228,27.626871604611104,2.173048893600106,38.45236517821651,9.449421016324333,-1.6605803104040417,-0.2012216643405309,True,False,False
Lead 0.75 X30.00% Y40.00%,0.0075,0.3,0.4,0.398122326622246,0.3023501672770315,3.0298333527870343,-0.36078043037910323,2296117.5748145133,787,2291231.918162069,198079.19064578702,6,3,751,1415,30.581688087981977,22.36650324632304,12.09752219424937,34.954286471445606,10.421514584902457,-1.7065307226029225,-0.20263702981840304,True,False,False
Lead 0.75 X50.00% Y25.00%,0.0075,0.5,0.25,0.3862880272604008,0.2955072545659248,3.028542047936368,-0.3618685094442792,1779378.8903380008,783,1740356.3235624905,132340.46401758605,6,4,751,1449,30.223930038425866,21.690738041605936,18.81542334702531,29.269908572942892,9.238084648717937,-1.8153386291205165,-0.20392833466906923,True,False,False
Lead 0.75 X35.00% Y33.33%,0.0075,0.35,0.333333,0.39652770554540107,0.2934990054871822,3.0271894696585715,-0.3609348253076645,2218855.73167795,786,2132011.4006975987,171456.4610030772,7,4,751,1353,30.70094077116735,22.9627666622499,14.866834503776335,31.469458062806417,10.262052477217964,-1.721970215459051,-0.2052809129468658,True,False,False
Lead 0.75 X40.00% Y30.00%,0.0075,0.4,0.3,0.3986649357289407,0.29450923461505735,3.026244597641535,-0.3615812830636155,2322995.983025613,775,2184242.4578780225,173068.6023946278,7,4,751,1383,30.475685702928317,22.03524579303034,16.65562475155691,30.83344375248443,10.475775495571927,-1.7866159910541468,-0.2062257849639022,True,False,False
Lead 0.75 X60.00% Y25.00%,0.0075,0.6,0.25,0.38021014522375607,0.296424842092595,3.025835964994019,-0.3618685094442792,1559673.8209357387,783,1557359.1928619165,116793.9971627194,5,4,751,1507,29.972174373923416,20.922220749966876,19.835696303166824,29.269908572942892,8.630296445053464,-1.8153386291205165,-0.2066344176114181,True,False,False
Lead 0.75 X25.00% Y45.00%,0.0075,0.25,0.45,0.3902679454136444,0.3021671772063787,3.025541120255072,-0.3605640363421126,1939148.3136138534,803,1666453.1631139594,149667.37996323945,6,3,751,1384,31.124950311382005,23.903537829601166,9.049953623956538,35.92155823506029,9.636076464042297,-1.6848913189038583,-0.20692926235036513,True,False,False
Lead 0.75 X35.00% Y20.00%,0.0075,0.35,0.2,0.3718376413970519,0.29178332954580655,3.023275601284636,-0.3609348253076645,1299501.7334787888,800,1439466.9225740198,95754.69410697951,8,4,751,1434,30.42268451040148,22.14124817808401,20.193454352722938,27.24261295879157,7.793046062383047,-1.721970215459051,-0.2091947813208015,True,False,False
Lead 0.75 X10.00% Y50.00%,0.0075,0.1,0.5,0.3803372297133274,0.3013542377883435,3.021281865116894,-0.3603209262571144,1563986.8568689302,825,1692778.6952340635,127154.40323738963,6,3,751,1338,31.774214919835696,28.395388896250168,2.173048893600106,37.65734729031403,8.643004894010598,-1.6605803104040417,-0.2111885174885435,True,False,False
Lead 0.75 X55.00% Y25.00%,0.0075,0.55,0.25,0.37921078568863376,0.29606597902452203,3.017493807027124,-0.3618685094442792,1526155.610834932,783,1521040.6030617584,113787.89405560892,5,4,751,1483,30.078176758977076,21.71723863786935,18.934676030210678,29.269908572942892,8.530360491541234,-1.8153386291205165,-0.21497657557831307,True,False,False
Lead 0.75 X45.00% Y25.00%,0.0075,0.45,0.25,0.3847665851829092,0.29341978029055693,3.0164305406967302,-0.3618624818933771,1721728.961844406,783,1688217.9593633802,128063.25244985156,7,4,751,1394,30.488936001060026,22.90976546972307,17.331389956274016,29.269908572942892,9.085940440968777,-1.81473587403031,-0.21603984190870706,True,False,False
Lead 0.75 X30.00% Y33.33%,0.0075,0.3,0.333333,0.3937726172823637,0.29219236938134324,3.0157894777359044,-0.36078043037910323,2091250.664705174,791,2062336.9512608151,161324.36384098305,7,4,751,1325,30.97919703193322,24.513051543659735,13.038293361600637,31.469458062806417,9.986543650914225,-1.7065307226029225,-0.21668090486953284,True,False,False
Lead 0.75 X35.00% Y30.00%,0.0075,0.35,0.3,0.38861225633380103,0.292636324694451,3.0156709818323613,-0.3609348253076645,1871065.9938208018,786,1850276.0373107363,141618.852384963,7,4,751,1353,30.70094077116735,23.598780972571884,14.866834503776335,30.83344375248443,9.47050755605796,-1.721970215459051,-0.21679940077307602,True,False,False
Lead 0.75 X20.00% Y45.00%,0.0075,0.2,0.45,0.3854921345000548,0.30084533718904705,3.0153289163936057,-0.3607947981933179,1748992.3346405895,807,1657381.666282248,132378.06816368492,6,3,751,1373,31.2839538889625,25.480323307274418,7.314164568702795,35.92155823506029,9.15849537268334,-1.707967504024388,-0.2171414662118316,True,False,False
Lead 0.75 X25.00% Y35.00%,0.0075,0.25,0.35,0.3798556344103938,0.2938451962090104,3.0118477633211116,-0.3605640363421126,1547702.9985539063,807,1369533.6662203157,105269.8289222654,7,4,751,1318,31.336955081489332,25.83808135683053,9.990724791307805,32.83423877037233,8.59484536371724,-1.6848913189038583,-0.2206226192843257,True,False,False
Lead 0.75 X30.00% Y20.00%,0.0075,0.3,0.2,0.3667920479082789,0.29028922575519744,3.0099495643055136,-0.36078043037910323,1163535.5669735642,807,1338890.369944957,85506.10278771372,8,4,751,1406,30.71419106929906,23.916788127732875,18.126407844176494,27.24261295879157,7.2884867135057485,-1.7065307226029225,-0.22252081829992365,True,False,False
Lead 0.75 X30.00% Y30.00%,0.0075,0.3,0.3,0.3858735252169505,0.29132522555167867,3.0042315945784455,-0.36078043037910323,1763490.4042011274,791,1789442.0577214295,133130.1390418398,7,4,751,1325,30.97919703193322,25.149065853981718,13.038293361600637,30.83344375248443,9.196634444372908,-1.7065307226029225,-0.22823878802699182,True,False,False
Lead 0.75 X40.00% Y25.00%,0.0075,0.4,0.25,0.38021365546142816,0.29234826193467905,3.0026942576885247,-0.3615812830636155,1559792.7980029215,785,1533789.2697069712,116014.82780499323,7,4,751,1368,30.59493838611369,23.47952828938651,16.65562475155691,29.269908572942892,8.630647468820673,-1.7866159910541468,-0.22977612491691257,True,False,False
Lead 0.75 X20.00% Y35.00%,0.0075,0.2,0.35,0.3751160984628865,0.29248294670148595,3.0016978139235873,-0.3607947981933179,1395948.205068488,811,1364097.6291150628,92018.71297764957,7,4,751,1307,31.495958659069828,27.414866834503776,8.254935736054062,32.83423877037233,8.120891768966509,-1.707967504024388,-0.23077256868185003,True,False,False
Lead 0.75 X25.00% Y40.00%,0.0075,0.25,0.4,0.38840989313088237,0.30097277289524565,2.9956866323292863,-0.3605640363421126,1862904.9707796485,795,1654403.9382903208,141697.54475434404,6,3,751,1371,31.257453292699083,24.738306611898768,9.049953623956538,34.954286471445606,9.450271235766095,-1.6848913189038583,-0.23678375027615095,True,False,False
Lead 0.75 X15.00% Y45.00%,0.0075,0.15,0.45,0.3751508727249562,0.29926424839501903,2.994040575240688,-0.36049348293231154,1397007.3837621869,823,1382829.1874983415,102849.15297704916,6,3,751,1310,31.74771432357228,28.130382933616005,4.200344507751424,35.92155823506029,8.124369195173475,-1.6778359779237528,-0.23842980736474928,True,False,False
Lead 0.75 X35.00% Y25.00%,0.0075,0.35,0.25,0.37030883163262995,0.2904598110589927,2.9920502137272975,-0.3609348253076645,1256760.2215413402,796,1299916.056257947,94955.44530021137,7,4,751,1338,30.820193454352722,25.04306346892805,14.866834503776335,29.269908572942892,7.640165085940853,-1.721970215459051,-0.24042016887813977,True,False,False
Lead 0.75 X20.00% Y40.00%,0.0075,0.2,0.4,0.3836406131185688,0.2996444839316096,2.985366276325495,-0.3607947981933179,1680230.932405307,799,1643683.6568303078,125149.69593464503,6,3,751,1360,31.41645687027958,26.31509208957202,7.314164568702795,34.954286471445606,8.973343234534736,-1.707967504024388,-0.2471041062799424,True,False,False
Lead 0.75 X25.00% Y33.33%,0.0075,0.25,0.333333,0.38408959991767233,0.290759980576015,2.980947249888323,-0.3605640363421126,1696661.2419411384,799,1487385.6705557248,112429.36932109552,7,4,751,1281,31.654962236650324,26.884854909235457,9.990724791307805,31.469458062806417,9.018241914445092,-1.6848913189038583,-0.25152313271711435,True,False,False
Lead 0.75 X30.00% Y25.00%,0.0075,0.3,0.25,0.36760963388556456,0.28913750003296146,2.9805331855913644,-0.36078043037910323,1184592.9067256488,801,1256862.730130616,89230.41680186485,7,4,751,1310,31.09844971511859,26.59334835033788,13.038293361600637,29.269908572942892,7.370245311234314,-1.7065307226029225,-0.2519371970140729,True,False,False
Lead 0.75 X15.00% Y35.00%,0.0075,0.15,0.35,0.3648515311771765,0.29085196537935265,2.9802345616557764,-0.36049348293231154,1114995.0119132753,827,1140748.964137914,70531.05808773663,7,4,751,1244,31.959719093679606,30.06492646084537,5.14111567510269,32.83423877037233,7.094435040395508,-1.6778359779237528,-0.2522358209496609,True,False,False
Lead 0.75 X10.00% Y45.00%,0.0075,0.1,0.45,0.37035953807858646,0.29824967990838075,2.979329218293261,-0.3603209262571144,1258155.79365681,825,1283411.6061856204,89598.02062711166,6,3,751,1297,31.986219689943024,29.91917318139658,2.173048893600106,35.92155823506029,7.645235730536504,-1.6605803104040417,-0.25314116431217615,True,False,False
Lead 0.75 X20.00% Y33.33%,0.0075,0.2,0.333333,0.37933578838097537,0.2893814354495267,2.97071091619702,-0.3607947981933179,1530309.7439967955,803,1480520.6956515822,97998.80110342999,7,4,751,1270,31.813965814230823,28.461640386908705,8.254935736054062,31.469458062806417,8.542860760775394,-1.707967504024388,-0.2617594664084173,True,False,False
Lead 0.75 X25.00% Y30.00%,0.0075,0.25,0.3,0.3762466291319788,0.28988736856003783,2.9692840450288616,-0.3605640363421126,1430783.483105265,799,1299358.2838944083,92266.47617127841,7,4,751,1281,31.654962236650324,27.520869219557444,9.990724791307805,30.83344375248443,8.23394483587574,-1.6848913189038583,-0.2631863375765757,True,False,False
Lead 0.75 X10.00% Y35.00%,0.0075,0.1,0.35,0.3600956981077581,0.2898049789363734,2.9653795665870515,-0.3603209262571144,1004164.7468846155,829,1059295.5156921365,60610.83765843473,7,4,751,1231,32.19822446005035,31.853716708625946,3.1138200609513715,32.83423877037233,6.618851733453668,-1.6605803104040417,-0.2670908160183858,True,False,False
Lead 0.75 X15.00% Y40.00%,0.0075,0.15,0.4,0.3733126334086123,0.298055156484131,2.96391515403524,-0.36049348293231154,1342068.4651018141,815,1370715.155211893,97027.85683183359,6,3,751,1297,31.880217304889356,28.965151715913606,4.200344507751424,34.954286471445606,7.940545263539089,-1.6778359779237528,-0.2685552285701971,True,False,False
Lead 0.75 X25.00% Y20.00%,0.0075,0.25,0.2,0.35434893237333354,0.28842663571732385,2.959516011779379,-0.3605640363421126,884403.8811669699,813,926903.1202490608,55135.8781737355,8,4,751,1354,31.442957466543,26.725851331654958,14.588578243010467,27.24261295879157,6.0441751600112115,-1.6848913189038583,-0.2729543708260582,True,False,False
Lead 0.75 X20.00% Y30.00%,0.0075,0.2,0.3,0.37151875471184237,0.28850407196483113,2.959009754232533,-0.3607947981933179,1290472.10397011,803,1293136.3196465422,80191.12249706015,7,4,751,1270,31.813965814230823,29.09765469723069,8.254935736054062,30.83344375248443,7.761157393862095,-1.707967504024388,-0.2734606283729044,True,False,False
Lead 0.75 X10.00% Y40.00%,0.0075,0.1,0.4,0.3685274820165876,0.2970352082284758,2.9490944307582567,-0.3603209262571144,1208671.5034131927,817,1272039.062585458,84367.7255451114,6,3,751,1284,32.1187226712601,30.75394196369418,2.173048893600106,34.954286471445606,7.462030124336616,-1.6605803104040417,-0.28337595184718056,True,False,False
Lead 0.75 X15.00% Y33.33%,0.0075,0.15,0.333333,0.36903880723404847,0.28773006613658514,2.949049636881371,-0.36049348293231154,1222289.9716708257,819,1235804.7424157932,74863.61371835566,7,4,751,1207,32.2777262488406,31.1117000132503,5.14111567510269,31.469458062806417,7.513162646082705,-1.6778359779237528,-0.2834207457240665,True,False,False
Lead 0.75 X20.00% Y20.00%,0.0075,0.2,0.2,0.3482232440708244,0.2868783231063812,2.946863258646026,-0.3607947981933179,771971.6176261714,817,897038.0515453216,46177.38542246357,8,4,751,1343,31.601961044123495,28.633894262620906,12.521531734464025,27.24261295879157,5.431606329760297,-1.707967504024388,-0.28560712395941135,True,False,False
Lead 0.75 X25.00% Y25.00%,0.0075,0.25,0.25,0.35811519601619746,0.28768603288220207,2.945340783418559,-0.3605640363421126,961221.6645630518,809,922354.8476917646,61798.51838996927,7,4,751,1266,31.774214919835696,28.965151715913606,9.990724791307805,29.269908572942892,6.4208015242976035,-1.6848913189038583,-0.2871295991868781,True,False,False
Lead 0.75 X15.00% Y30.00%,0.0075,0.15,0.3,0.3612818790648622,0.28684672984068776,2.9372760197508985,-0.36049348293231154,1030766.4423706911,819,1080660.8918586762,61032.89615208638,7,4,751,1207,32.2777262488406,31.74771432357228,5.14111567510269,30.83344375248443,6.737469829164078,-1.6778359779237528,-0.2951943628545388,True,False,False
Lead 0.75 X20.00% Y25.00%,0.0075,0.2,0.25,0.35344487837323935,0.28629078411990916,2.9349943373480296,-0.3607947981933179,866867.5035175497,813,917905.212088581,53683.083471291786,7,4,751,1255,31.933218497416192,30.541937193586854,8.254935736054062,29.269908572942892,5.9537697600017925,-1.707967504024388,-0.2974760452574077,True,False,False
Lead 0.75 X10.00% Y33.33%,0.0075,0.1,0.333333,0.3642679843676442,0.28666979923587893,2.934054904234694,-0.3603209262571144,1100784.9495366514,821,1146714.7992787529,64126.15661515213,7,4,751,1194,32.516231615211346,32.900490261030875,3.1138200609513715,31.469458062806417,7.036080359442276,-1.6605803104040417,-0.29841547837074334,True,False,False
Lead 0.75 X10.00% Y30.00%,0.0075,0.1,0.3,0.35653899820108825,0.28578256886919295,2.92223107761104,-0.3603209262571144,928319.0234794446,821,1003243.4096663139,52083.137971053715,7,4,751,1194,32.516231615211346,33.53650457135286,3.1138200609513715,30.83344375248443,6.263181742786683,-1.6605803104040417,-0.31023930499439745,True,False,False
Lead 0.75 X15.00% Y20.00%,0.0075,0.15,0.2,0.3368442794655091,0.28422392758889875,2.921160115945381,-0.36049348293231154,598682.9336755729,831,725441.752838857,33804.98265135943,8,4,751,1258,32.092222074996684,31.827216112362528,8.837948853849213,27.24261295879157,4.293709869228768,-1.6778359779237528,-0.31131026666005646,True,False,False
Lead 0.75 X15.00% Y25.00%,0.0075,0.15,0.25,0.34335074489419304,0.2846184693096921,2.91310500707518,-0.36049348293231154,692532.8839597545,829,768910.8693700518,40800.739729262285,7,4,751,1192,32.396978932025974,33.19199681992845,5.14111567510269,29.269908572942892,4.944356412097162,-1.6778359779237528,-0.31936537553025746,True,False,False
Lead 0.75 X10.00% Y25.00%,0.0075,0.1,0.25,0.3386744650632272,0.2835445504576723,2.897950851144492,-0.3603209262571144,623760.0174053041,831,714513.0973941284,34773.365410278464,7,4,751,1179,32.63548429839672,34.980787067709024,3.1138200609513715,29.269908572942892,4.476728429000576,-1.6605803104040417,-0.33451953146094526,True,False,False
Lead 0.75 X10.00% Y20.00%,0.0075,0.1,0.2,0.3297797302311416,0.28134511108783006,2.8921447197818497,-0.3603209262571144,510715.7258197581,836,644815.8165295714,27120.436365334033,9,4,751,1190,32.63548429839672,35.08678945276269,5.035113290049026,27.24261295879157,3.5872549457920178,-1.6605803104040417,-0.34032566282358756,True,False,False
