strategy,cagr,ann_volatility,sharpe,max_drawdown,calmar,end_$,rebalances,trading_costs_total,funding_costs_total,pct_days_cash,pct_days_1x,pct_days_2x,pct_days_3x,tier2_entries,tier3_entries,lead_only_days,family,pct_cash,dd_cap_days,lead_blocked_days,cap_type,default_cap,allow_3x_dd,mode,use_spx_lead,min_margin,score_lambda,trigger_a,trigger_b
Guarded A5/B25 SMA20 Lead,0.3722557755408049,0.27690514742339745,3.1324276390336383,-0.27892785779423723,1.3345951834449425,1312570.9825487193,774,1163802.3106649218,0.0,28.749337572866985,8.956014838367778,48.675145733969266,13.619501854795974,10.0,4.0,747.0,baseline,,,,,,,,,,,,
Parallel greedy tier SMA,0.41233384105119564,0.3112215755683213,3.943914399639537,-0.42050488841072897,0.9805684842561159,3112722.4470282043,1213,4549826.410651813,,34.44621091679915,3.7625861155272924,1.8680445151033387,59.92315845257021,,,,baseline,34.44621091679915,0.0,0.0,,,,,,,,,
Parallel best SMA margin,0.37602961026189097,0.2950309697170813,4.321326175839768,-0.4664818252269211,0.8060970222772785,1425276.9573880672,1548,2817987.0518755475,,34.64493905670376,7.114467408585055,3.7625861155272924,54.478007419183896,,,,baseline,34.64493905670376,0.0,0.0,,,,,,,,,
Ref flat 2x cap / 3x if DD<=-25% + greedy,0.33906051721887787,0.24166607165896078,3.7991356892258072,-0.33704333642187106,1.0059849300639545,629681.0166850168,1128,769464.4997866354,,34.44621091679915,3.7625861155272924,53.6036036036036,8.187599364069953,,,,risk_cap_sweep,34.44621091679915,3905.0,0.0,flat,2.0,0.25,greedy,False,0.0,,,
Ref flat 2x cap / 3x if DD<=-25% + best margin,0.31701008481987425,0.23141760912331516,4.036968502407323,-0.3173845065603989,0.9988202897974372,382663.53983313177,1372,570020.236893245,,34.64493905670376,7.114467408585055,50.82140964493905,7.419183889772126,,,,risk_cap_sweep,34.64493905670376,3552.0,0.0,flat,2.0,0.25,best_margin,False,0.0,,,
"flat cap 1x, 3x if DD<=-15% + greedy",0.19899644765245905,0.2254682544881349,2.9857895307509805,-0.4162797996663931,0.47803532098347057,22900.681082357474,994,45518.37487748185,,34.44621091679915,48.51616322204558,0.8744038155802861,16.163222045574987,,,,risk_cap_sweep,34.44621091679915,3378.0,0.0,flat,1.0,0.15,greedy,False,0.0,,,
"flat cap 1x, 3x if DD<=-15% + greedy min_m=0.5%",0.16213482957482528,0.21819369589875762,2.9829413112859267,-0.40160936653838003,0.4037127693816642,8975.584103375732,982,29555.171087156352,,40.62003179650239,43.41547429782724,0.543190249072602,15.421303656597773,,,,risk_cap_sweep,40.62003179650238,3168.0,0.0,flat,1.0,0.15,greedy,False,0.005,,,
"flat cap 1x, 3x if DD<=-15% + greedy + SPX lead",0.20989508283149472,0.22446835193527162,3.056831678589008,-0.4162797996663931,0.504216353999653,30041.853182031424,1005,52375.702432311766,,34.85691573926868,48.171701112877585,0.8214096449390567,16.14997350291468,,,,risk_cap_sweep,34.85691573926868,3352.0,31.0,flat,1.0,0.15,greedy,True,0.0,,,
"flat cap 1x, 3x if DD<=-15% + greedy + SPX lead min_m=0.5%",0.17359412771162885,0.21734248685174898,3.0367957834452066,-0.40160936653838003,0.4322462128010135,12047.239192301018,979,33786.61282758166,,40.85850556438791,43.21674615792263,0.50344462109168,15.421303656597773,,,,risk_cap_sweep,40.85850556438792,3153.0,18.0,flat,1.0,0.15,greedy,True,0.005,,,
"flat cap 1x, 3x if DD<=-15% + best_margin",0.21529388428206264,0.214319637989822,3.2589450208274475,-0.412856825176709,0.5214734773729696,34334.18949310316,1089,69113.53746526985,,34.64493905670376,49.40381558028617,1.3248542660307367,14.626391096979333,,,,risk_cap_sweep,34.64493905670376,3192.0,0.0,flat,1.0,0.15,best_margin,False,0.0,,,
"flat cap 1x, 3x if DD<=-15% + best_margin min_m=0.5%",0.17203831596501185,0.2108093139752044,3.1773435325061157,-0.4315301123861617,0.398670477510178,11577.275246171643,1037,37899.677664377756,,40.62003179650239,43.706942236354,1.1393746687864335,14.533651298357182,,,,risk_cap_sweep,40.62003179650238,3115.0,0.0,flat,1.0,0.15,best_margin,False,0.005,,,
"flat cap 1x, 3x if DD<=-15% + best_margin + SPX lead",0.22900075312712853,0.2133459854979028,3.3258848341198846,-0.412856825176709,0.5546735312638049,48065.326260102294,1091,83586.64430698474,,34.949655537890834,49.165341812400634,1.2718600953895072,14.613142554319026,,,,risk_cap_sweep,34.949655537890834,3174.0,23.0,flat,1.0,0.15,best_margin,True,0.0,,,
"flat cap 1x, 3x if DD<=-15% + best_margin + SPX lead min_m=0.5%",0.18365447965440884,0.20992488061171385,3.234392067528956,-0.4315301123861617,0.42558902468911064,15562.625197233509,1035,43631.26634013853,,40.85850556438791,43.508214096449386,1.0996290408055114,14.533651298357182,,,,risk_cap_sweep,40.85850556438792,3100.0,18.0,flat,1.0,0.15,best_margin,True,0.005,,,
"flat cap 1x, 3x if DD<=-15% + momentum",0.053544832786319496,0.2120261063948771,2.0581940682103435,-0.8687685542166599,0.06163302357852848,473.2959691727248,967,1862.3552663308026,,34.07525172231055,50.185479597244296,1.3910969793322734,14.348171701112877,,,,risk_cap_sweep,34.07525172231055,3212.0,0.0,flat,1.0,0.15,momentum,False,0.0,,,
"flat cap 1x, 3x if DD<=-15% + momentum min_m=0.5%",0.053544832786319496,0.2120261063948771,2.0581940682103435,-0.8687685542166599,0.06163302357852848,473.2959691727248,967,1862.3552663308026,,34.07525172231055,50.185479597244296,1.3910969793322734,14.348171701112877,,,,risk_cap_sweep,34.07525172231055,3212.0,0.0,flat,1.0,0.15,momentum,False,0.005,,,
"flat cap 1x, 3x if DD<=-15% + momentum + SPX lead",0.08488362559439255,0.20037936417838975,2.5711706572274498,-0.8251077896990272,0.10287580199110151,1140.2091296099684,986,3130.633905930208,,37.86433492315845,47.231054583995764,1.0333863275039745,13.871224165341811,,,,risk_cap_sweep,37.86433492315845,3076.0,286.0,flat,1.0,0.15,momentum,True,0.0,,,
"flat cap 1x, 3x if DD<=-15% + momentum + SPX lead min_m=0.5%",0.08488362559439255,0.20037936417838975,2.5711706572274498,-0.8251077896990272,0.10287580199110151,1140.2091296099684,986,3130.633905930208,,37.86433492315845,47.231054583995764,1.0333863275039745,13.871224165341811,,,,risk_cap_sweep,37.86433492315845,3076.0,286.0,flat,1.0,0.15,momentum,True,0.005,,,
"flat cap 1x, 3x if DD<=-20% + greedy",0.18777161847187007,0.20490006335544356,2.9429155012337063,-0.3457362698301763,0.5431065087967265,17270.964603101704,944,36016.44042997877,,34.44621091679915,53.24589295177531,0.6094329623741388,11.698463169051404,,,,risk_cap_sweep,34.44621091679915,3735.0,0.0,flat,1.0,0.2,greedy,False,0.0,,,
"flat cap 1x, 3x if DD<=-20% + greedy min_m=0.5%",0.15126463844620108,0.19867791920405348,2.9132197428761732,-0.39039474648088307,0.3874658657928642,6770.783419686212,947,24203.265341069142,,40.62003179650239,47.774244833068366,0.4239533651298357,11.181770005299416,,,,risk_cap_sweep,40.62003179650238,3497.0,0.0,flat,1.0,0.2,greedy,False,0.005,,,
"flat cap 1x, 3x if DD<=-20% + greedy + SPX lead",0.1990381431379291,0.20378609893892932,3.024673947053297,-0.3457362698301763,0.5756935575075636,22924.581214963317,957,42787.391425618756,,34.85691573926868,52.874933757286705,0.5696873343932167,11.698463169051404,,,,risk_cap_sweep,34.85691573926868,3707.0,31.0,flat,1.0,0.2,greedy,True,0.0,,,
"flat cap 1x, 3x if DD<=-20% + greedy + SPX lead min_m=0.5%",0.16335796327166285,0.1977559767802319,2.9731500637704253,-0.3418859382740835,0.4778142210128042,9263.312888116752,944,27703.871059907357,,40.85850556438791,47.57551669316375,0.3842077371489136,11.181770005299416,,,,risk_cap_sweep,40.85850556438792,3482.0,18.0,flat,1.0,0.2,greedy,True,0.005,,,
"flat cap 1x, 3x if DD<=-20% + best_margin",0.20037973200919934,0.1958135397319624,3.1579601077289947,-0.33318597011953155,0.6014050709797668,23706.58885562196,1015,47839.43623356683,,34.64493905670376,53.78908320084791,1.00688924218336,10.559088500264972,,,,risk_cap_sweep,34.64493905670376,3523.0,0.0,flat,1.0,0.2,best_margin,False,0.0,,,
"flat cap 1x, 3x if DD<=-20% + best_margin min_m=0.5%",0.16096108046647672,0.1920133047577413,3.0791588116208928,-0.36206695107219355,0.44456164803172615,8707.607198169964,985,29909.604023023752,,40.62003179650239,48.012718600953896,0.8611552729199788,10.50609432962374,,,,risk_cap_sweep,40.62003179650238,3440.0,0.0,flat,1.0,0.2,best_margin,False,0.005,,,
"flat cap 1x, 3x if DD<=-20% + best_margin + SPX lead",0.2135905081702798,0.19473307285019534,3.2346910291779163,-0.33318597011953155,0.6410549282541924,32919.63873997465,1019,58723.08574513873,,34.949655537890834,53.52411234764176,0.9671436142024377,10.559088500264972,,,,risk_cap_sweep,34.949655537890834,3503.0,23.0,flat,1.0,0.2,best_margin,True,0.0,,,
"flat cap 1x, 3x if DD<=-20% + best_margin + SPX lead min_m=0.5%",0.17322565224252817,0.19105683554755126,3.1425476918889865,-0.3435908185852388,0.5041626343678155,11934.294872867273,983,34534.03885551146,,40.85850556438791,47.813990461049286,0.8214096449390567,10.50609432962374,,,,risk_cap_sweep,40.85850556438792,3425.0,18.0,flat,1.0,0.2,best_margin,True,0.005,,,
"flat cap 1x, 3x if DD<=-20% + momentum",0.06503675928118247,0.19275110007804422,2.0506442909081355,-0.7082324371544487,0.09182968171083569,655.3310413914035,869,2116.3783655413217,,34.07525172231055,54.71648118706942,0.9406465288818231,10.267620561738209,,,,risk_cap_sweep,34.07525172231055,3554.0,0.0,flat,1.0,0.2,momentum,False,0.0,,,
"flat cap 1x, 3x if DD<=-20% + momentum min_m=0.5%",0.06503675928118247,0.19275110007804422,2.0506442909081355,-0.7082324371544487,0.09182968171083569,655.3310413914035,869,2116.3783655413217,,34.07525172231055,54.71648118706942,0.9406465288818231,10.267620561738209,,,,risk_cap_sweep,34.07525172231055,3554.0,0.0,flat,1.0,0.2,momentum,False,0.005,,,
"flat cap 1x, 3x if DD<=-20% + momentum + SPX lead",0.09407882534149947,0.1813657638943191,2.5741358201462425,-0.6135910295548868,0.15332496860285988,1468.7004088556096,906,3699.9078428633647,,37.86433492315845,51.49708532061473,0.7154213036565978,9.923158452570217,,,,risk_cap_sweep,37.86433492315845,3398.0,286.0,flat,1.0,0.2,momentum,True,0.0,,,
"flat cap 1x, 3x if DD<=-20% + momentum + SPX lead min_m=0.5%",0.09407882534149947,0.1813657638943191,2.5741358201462425,-0.6135910295548868,0.15332496860285988,1468.7004088556096,906,3699.9078428633647,,37.86433492315845,51.49708532061473,0.7154213036565978,9.923158452570217,,,,risk_cap_sweep,37.86433492315845,3398.0,286.0,flat,1.0,0.2,momentum,True,0.005,,,
"flat cap 1x, 3x if DD<=-25% + greedy",0.17633501950986497,0.1871578773224204,2.9076621429593605,-0.35924543896562156,0.4908483181236424,12920.410868126422,912,23708.11172999463,,34.44621091679915,56.92898781134075,0.43720190779014306,8.187599364069953,,,,risk_cap_sweep,34.44621091679915,4013.0,0.0,flat,1.0,0.25,greedy,False,0.0,,,
"flat cap 1x, 3x if DD<=-25% + greedy min_m=0.5%",0.13811933179813574,0.1813202517375283,2.8444170836633393,-0.35544071738196814,0.3885861271479154,4797.759238766385,924,16190.9903029048,,40.62003179650239,51.311605723370434,0.3047164811870694,7.763645998940117,,,,risk_cap_sweep,40.62003179650238,3764.0,0.0,flat,1.0,0.25,greedy,False,0.005,,,
"flat cap 1x, 3x if DD<=-25% + greedy + SPX lead",0.18869024810204005,0.18581873935978124,3.009908297789175,-0.35924543896562156,0.525240483624058,17676.15896478534,927,28861.349557636477,,34.85691573926868,56.531531531531535,0.4239533651298357,8.187599364069953,,,,risk_cap_sweep,34.85691573926868,3983.0,31.0,flat,1.0,0.25,greedy,True,0.0,,,
"flat cap 1x, 3x if DD<=-25% + greedy + SPX lead min_m=0.5%",0.1511568208547147,0.18018358638486212,2.92278974881102,-0.33995770587616414,0.4446341949071052,6751.789017398282,923,18783.434551655897,,40.85850556438791,51.0863804981452,0.29146793852676206,7.763645998940117,,,,risk_cap_sweep,40.85850556438792,3747.0,18.0,flat,1.0,0.25,greedy,True,0.005,,,
"flat cap 1x, 3x if DD<=-25% + best_margin",0.179606825310775,0.18033285341143868,3.0313495677965547,-0.33180450897666547,0.5413031482444564,14042.967419908053,956,26069.21560912316,,34.64493905670376,57.33969263381028,0.5961844197138315,7.419183889772126,,,,risk_cap_sweep,34.64493905670376,3791.0,0.0,flat,1.0,0.25,best_margin,False,0.0,,,
"flat cap 1x, 3x if DD<=-25% + best_margin min_m=0.5%",0.13956804788539978,0.17664584497419147,2.9363712299274742,-0.3559947572223666,0.39205085202482565,4984.367830245686,945,16545.418683590022,,40.62003179650239,51.51033386327504,0.50344462109168,7.366189719130896,,,,risk_cap_sweep,40.62003179650238,3704.0,0.0,flat,1.0,0.25,best_margin,False,0.005,,,
"flat cap 1x, 3x if DD<=-25% + best_margin + SPX lead",0.1937487917211227,0.17903649920919157,3.1273201597686584,-0.33180450897666547,0.5839245292918798,20077.409671577392,961,32402.600297136738,,34.949655537890834,57.04822469528352,0.5829358770535241,7.419183889772126,,,,risk_cap_sweep,34.949655537890834,3769.0,23.0,flat,1.0,0.25,best_margin,True,0.0,,,
"flat cap 1x, 3x if DD<=-25% + best_margin + SPX lead min_m=0.5%",0.15263701473955726,0.17547817792787376,3.0179598446676135,-0.3402720832960522,0.44857342765540986,7017.116668751496,944,19243.33448327379,,40.85850556438791,51.28510863804981,0.49019607843137253,7.366189719130896,,,,risk_cap_sweep,40.85850556438792,3687.0,18.0,flat,1.0,0.25,best_margin,True,0.005,,,
"flat cap 1x, 3x if DD<=-25% + momentum",0.06837913695576758,0.18010242256967204,1.9879741287603676,-0.6741307726548371,0.10143304493648816,719.9116223242331,809,1996.717102421289,,34.07525172231055,58.08161102278749,0.5696873343932167,7.273449920508744,,,,risk_cap_sweep,34.07525172231055,3808.0,0.0,flat,1.0,0.25,momentum,False,0.0,,,
"flat cap 1x, 3x if DD<=-25% + momentum min_m=0.5%",0.06837913695576758,0.18010242256967204,1.9879741287603676,-0.6741307726548371,0.10143304493648816,719.9116223242331,809,1996.717102421289,,34.07525172231055,58.08161102278749,0.5696873343932167,7.273449920508744,,,,risk_cap_sweep,34.07525172231055,3808.0,0.0,flat,1.0,0.25,momentum,False,0.005,,,
"flat cap 1x, 3x if DD<=-25% + momentum + SPX lead",0.1009397937211709,0.16838111836577338,2.5442301957081246,-0.5381373169622077,0.18757255915827836,1771.6208034018505,858,3776.0369245584625,,37.86433492315845,54.729729729729726,0.45045045045045046,6.955484896661367,,,,risk_cap_sweep,37.86433492315845,3642.0,286.0,flat,1.0,0.25,momentum,True,0.0,,,
"flat cap 1x, 3x if DD<=-25% + momentum + SPX lead min_m=0.5%",0.1009397937211709,0.16838111836577338,2.5442301957081246,-0.5381373169622077,0.18757255915827836,1771.6208034018505,858,3776.0369245584625,,37.86433492315845,54.729729729729726,0.45045045045045046,6.955484896661367,,,,risk_cap_sweep,37.86433492315845,3642.0,286.0,flat,1.0,0.25,momentum,True,0.005,,,
"flat cap 1x, 3x if DD<=-30% + greedy",0.15296072361836366,0.17600145399663195,2.8205792732987094,-0.35625367344514747,0.4293590074150213,7076.470925003947,905,14173.290619828,,34.44621091679915,60.70482246952835,0.27821939586645467,4.5707472178060415,,,,risk_cap_sweep,34.44621091679915,4298.0,0.0,flat,1.0,0.3,greedy,False,0.0,,,
"flat cap 1x, 3x if DD<=-30% + greedy min_m=0.5%",0.11576591982060602,0.17036446737184666,2.7544107979898236,-0.41840033699783646,0.27668696600788023,2646.260446765973,927,9718.565589802685,,40.62003179650239,54.782723900370954,0.23847376788553257,4.358770535241123,,,,risk_cap_sweep,40.62003179650238,4026.0,0.0,flat,1.0,0.3,greedy,False,0.005,,,
"flat cap 1x, 3x if DD<=-30% + greedy + SPX lead",0.16387067150756662,0.17464656390617236,2.927445929170785,-0.35625367344514747,0.4599831067645057,9386.555958091514,921,16632.50660877708,,34.85691573926868,60.29411764705882,0.27821939586645467,4.5707472178060415,,,,risk_cap_sweep,34.85691573926868,4267.0,31.0,flat,1.0,0.3,greedy,True,0.0,,,
"flat cap 1x, 3x if DD<=-30% + greedy + SPX lead min_m=0.5%",0.12725901323145483,0.1692209984123058,2.8358116253850065,-0.35187130236697967,0.3616635183813077,3598.5955563425196,927,10929.134111021365,,40.85850556438791,54.54425013248543,0.23847376788553257,4.358770535241123,,,,risk_cap_sweep,40.85850556438792,4008.0,18.0,flat,1.0,0.3,greedy,True,0.005,,,
"flat cap 1x, 3x if DD<=-30% + best_margin",0.15595034216445258,0.1702120713515578,2.9208695390573007,-0.3363019358619044,0.4637212145828695,7648.073509253708,929,15356.990718809499,,34.64493905670376,60.83730789613142,0.39745627980922094,4.12029676735559,,,,risk_cap_sweep,34.64493905670376,4055.0,0.0,flat,1.0,0.3,best_margin,False,0.0,,,
"flat cap 1x, 3x if DD<=-30% + best_margin min_m=0.5%",0.11699897457326713,0.16629362722409055,2.8253110382770825,-0.3967403810103176,0.2949005953851329,2735.4015291068085,938,9955.157067085713,,40.62003179650239,54.92845786963434,0.3444621091679915,4.1070482246952835,,,,risk_cap_sweep,40.62003179650238,3962.0,0.0,flat,1.0,0.3,best_margin,False,0.005,,,
"flat cap 1x, 3x if DD<=-30% + best_margin + SPX lead",0.16857644431678054,0.16890865234144886,3.0203107530756648,-0.3363019358619044,0.5012651618693121,10594.273341145601,935,18393.8886956863,,34.949655537890834,60.532591414944356,0.39745627980922094,4.12029676735559,,,,risk_cap_sweep,34.949655537890834,4032.0,23.0,flat,1.0,0.3,best_margin,True,0.0,,,
"flat cap 1x, 3x if DD<=-30% + best_margin + SPX lead min_m=0.5%",0.12852478521980526,0.16512182263934594,2.909708474299189,-0.3606447946685687,0.3563749903500454,3721.796254783523,938,11209.86315078053,,40.85850556438791,54.68998410174881,0.3444621091679915,4.1070482246952835,,,,risk_cap_sweep,40.85850556438792,3944.0,18.0,flat,1.0,0.3,best_margin,True,0.005,,,
"flat cap 1x, 3x if DD<=-30% + momentum",0.07487331720782908,0.1699272807419713,1.969118991195502,-0.5077644931655474,0.14745678009316418,863.4255151937926,764,2212.6185702682383,,34.07525172231055,61.34075251722311,0.41070482246952833,4.17329093799682,,,,risk_cap_sweep,34.07525172231055,4054.0,0.0,flat,1.0,0.3,momentum,False,0.0,,,
"flat cap 1x, 3x if DD<=-30% + momentum min_m=0.5%",0.07487331720782908,0.1699272807419713,1.969118991195502,-0.5077644931655474,0.14745678009316418,863.4255151937926,764,2212.6185702682383,,34.07525172231055,61.34075251722311,0.41070482246952833,4.17329093799682,,,,risk_cap_sweep,34.07525172231055,4054.0,0.0,flat,1.0,0.3,momentum,False,0.005,,,
"flat cap 1x, 3x if DD<=-30% + momentum + SPX lead",0.10492010697962795,0.15848298291965418,2.5268103114685494,-0.42201917092985675,0.24861455167653174,1974.1654558335385,822,4068.4723828176557,,37.86433492315845,57.88288288288288,0.3179650238473768,3.9348171701112875,,,,risk_cap_sweep,37.86433492315845,3880.0,286.0,flat,1.0,0.3,momentum,True,0.0,,,
"flat cap 1x, 3x if DD<=-30% + momentum + SPX lead min_m=0.5%",0.10492010697962795,0.15848298291965418,2.5268103114685494,-0.42201917092985675,0.24861455167653174,1974.1654558335385,822,4068.4723828176557,,37.86433492315845,57.88288288288288,0.3179650238473768,3.9348171701112875,,,,risk_cap_sweep,37.86433492315845,3880.0,286.0,flat,1.0,0.3,momentum,True,0.005,,,
"flat cap 1x, 3x if DD<=-35% + greedy",0.17917193154112265,0.16786086191402652,2.856896488388935,-0.22593005048872827,0.7930416124527959,13888.496386950534,862,23820.57451272306,,34.44621091679915,62.55961844197139,0.18547959724430313,2.808691043985162,,,,risk_cap_sweep,34.44621091679915,4438.0,0.0,flat,1.0,0.35,greedy,False,0.0,,,
"flat cap 1x, 3x if DD<=-35% + greedy min_m=0.5%",0.1372778731259412,0.16289578243244368,2.797217466051799,-0.35510759657120106,0.3865810657148705,4692.491027840171,898,14442.488854361029,,40.62003179650239,56.4785373608903,0.19872813990461047,2.7027027027027026,,,,risk_cap_sweep,40.62003179650238,4154.0,0.0,flat,1.0,0.35,greedy,False,0.005,,,
"flat cap 1x, 3x if DD<=-35% + greedy + SPX lead",0.19047853644604018,0.1664456858179054,2.970358912266804,-0.20811889344544046,0.9152390409762351,18491.46483671816,878,28740.762977945047,,34.85691573926868,62.148913619501855,0.18547959724430313,2.808691043985162,,,,risk_cap_sweep,34.85691573926868,4407.0,31.0,flat,1.0,0.35,greedy,True,0.0,,,
"flat cap 1x, 3x if DD<=-35% + greedy + SPX lead min_m=0.5%",0.14926438898941252,0.16170305311595162,2.883557637380707,-0.3395356019143484,0.4396133664565347,6426.663492467667,898,16666.233654585194,,40.85850556438791,56.24006359300478,0.19872813990461047,2.7027027027027026,,,,risk_cap_sweep,40.85850556438792,4136.0,18.0,flat,1.0,0.35,greedy,True,0.005,,,
"flat cap 1x, 3x if DD<=-35% + best_margin",0.17832357678125432,0.16281616627809634,2.9531592588269118,-0.2258840219530979,0.7894475015956687,13591.880598467273,882,23885.166147394564,,34.64493905670376,62.5993640699523,0.25172231054584,2.5039745627980925,,,,risk_cap_sweep,34.64493905670376,4188.0,0.0,flat,1.0,0.35,best_margin,False,0.0,,,
"flat cap 1x, 3x if DD<=-35% + best_margin min_m=0.5%",0.13688664788127247,0.15884048281458504,2.8620807536375175,-0.3549497971883028,0.3856507285413474,4644.311657436743,905,14326.97592367663,,40.62003179650239,56.62427133015369,0.25172231054584,2.5039745627980925,,,,risk_cap_sweep,40.62003179650238,4090.0,0.0,flat,1.0,0.35,best_margin,False,0.005,,,
"flat cap 1x, 3x if DD<=-35% + best_margin + SPX lead",0.19134867778094233,0.16145826970192698,3.058446212797193,-0.20816252152614742,0.919227324775209,18901.20683178803,888,29372.512816585837,,34.949655537890834,62.29464758876524,0.25172231054584,2.5039745627980925,,,,risk_cap_sweep,34.949655537890834,4165.0,23.0,flat,1.0,0.35,best_margin,True,0.0,,,
"flat cap 1x, 3x if DD<=-35% + best_margin + SPX lead min_m=0.5%",0.14886540702370987,0.15761734739121647,2.951701969970573,-0.3394436023401996,0.4385571152244399,6360.075428599927,905,16526.865056958075,,40.85850556438791,56.385797562268145,0.25172231054584,2.5039745627980925,,,,risk_cap_sweep,40.85850556438792,4072.0,18.0,flat,1.0,0.35,best_margin,True,0.005,,,
"flat cap 1x, 3x if DD<=-35% + momentum",0.08731139806407251,0.16161291226195135,2.013029703854855,-0.3685496438763017,0.23690539257006393,1219.2818734905036,730,2720.880933711794,,34.07525172231055,63.06306306306306,0.2649708532061473,2.5967143614202435,,,,risk_cap_sweep,34.07525172231055,4184.0,0.0,flat,1.0,0.35,momentum,False,0.0,,,
"flat cap 1x, 3x if DD<=-35% + momentum min_m=0.5%",0.08731139806407251,0.16161291226195135,2.013029703854855,-0.3685496438763017,0.23690539257006393,1219.2818734905036,730,2720.880933711794,,34.07525172231055,63.06306306306306,0.2649708532061473,2.5967143614202435,,,,risk_cap_sweep,34.07525172231055,4184.0,0.0,flat,1.0,0.35,momentum,False,0.005,,,
"flat cap 1x, 3x if DD<=-35% + momentum + SPX lead",0.1163739353124762,0.1512691302894159,2.5597778730183767,-0.30955961543763727,0.3759338412019718,2689.8588839166455,798,4990.09859105137,,37.86433492315845,59.446210916799146,0.23847376788553257,2.450980392156863,,,,risk_cap_sweep,37.86433492315845,3998.0,286.0,flat,1.0,0.35,momentum,True,0.0,,,
"flat cap 1x, 3x if DD<=-35% + momentum + SPX lead min_m=0.5%",0.1163739353124762,0.1512691302894159,2.5597778730183767,-0.30955961543763727,0.3759338412019718,2689.8588839166455,798,4990.09859105137,,37.86433492315845,59.446210916799146,0.23847376788553257,2.450980392156863,,,,risk_cap_sweep,37.86433492315845,3998.0,286.0,flat,1.0,0.35,momentum,True,0.005,,,
"flat cap 2x, 3x if DD<=-15% + greedy",0.3393494235657408,0.26064595435131044,3.737615350459244,-0.39770530220270034,0.8532685425269563,633768.8986794377,1176,822842.2919190836,,34.44621091679915,3.7625861155272924,45.62798092209857,16.163222045574987,,,,risk_cap_sweep,34.44621091679915,3303.0,0.0,flat,2.0,0.15,greedy,False,0.0,,,
"flat cap 2x, 3x if DD<=-15% + greedy min_m=0.5%",0.2768421783455963,0.2518957850929509,3.7955705927796624,-0.44136392347779824,0.6272424265313162,151117.9055810501,1058,269353.7155689001,,40.62003179650239,1.4440911499735027,42.51457339692634,15.421303656597773,,,,risk_cap_sweep,40.62003179650238,3094.0,0.0,flat,2.0,0.15,greedy,False,0.005,,,
"flat cap 2x, 3x if DD<=-15% + greedy + SPX lead",0.3388796733256372,0.2594930537032824,3.7830292333259283,-0.39770530220270034,0.852087390961961,627135.148356171,1184,817940.7590038301,,34.85691573926868,3.7625861155272924,45.230524642289346,16.14997350291468,,,,risk_cap_sweep,34.85691573926868,3277.0,31.0,flat,2.0,0.15,greedy,True,0.0,,,
"flat cap 2x, 3x if DD<=-15% + greedy + SPX lead min_m=0.5%",0.28422458599299594,0.2510034323656725,3.8287465091750708,-0.44136392347779824,0.6439687769525938,179646.36428808133,1055,314561.04979092284,,40.85850556438791,1.4440911499735027,42.2760996290408,15.421303656597773,,,,risk_cap_sweep,40.85850556438792,3081.0,18.0,flat,2.0,0.15,greedy,True,0.005,,,
"flat cap 2x, 3x if DD<=-15% + best_margin",0.33053161978919365,0.2474842637263698,4.078978188360273,-0.4155213369947636,0.7954624476801753,519854.54887726496,1435,839091.7550193479,,34.64493905670376,7.114467408585055,43.61420243773185,14.626391096979333,,,,risk_cap_sweep,34.64493905670376,3008.0,0.0,flat,2.0,0.15,best_margin,False,0.0,,,
"flat cap 2x, 3x if DD<=-15% + best_margin min_m=0.5%",0.2802961383369804,0.24414257669867412,4.001467850680496,-0.4825407246993579,0.5808756110929624,163873.05930522236,1168,318970.57042381173,,40.62003179650239,2.437731849496555,42.408585055643876,14.533651298357182,,,,risk_cap_sweep,40.62003179650238,2983.0,0.0,flat,2.0,0.15,best_margin,False,0.005,,,
"flat cap 2x, 3x if DD<=-15% + best_margin + SPX lead",0.33785251111626047,0.2464500647775993,4.12026003407307,-0.4155213369947636,0.8130810166326502,612862.7258645981,1434,983835.621398099,,34.949655537890834,7.114467408585055,43.32273449920509,14.613142554319026,,,,risk_cap_sweep,34.949655537890834,2994.0,23.0,flat,2.0,0.15,best_margin,True,0.0,,,
"flat cap 2x, 3x if DD<=-15% + best_margin + SPX lead min_m=0.5%",0.2877197509144709,0.2432200999847505,4.0369564555753525,-0.4825407246993579,0.5962600381423387,194905.85705710284,1166,372181.66172244656,,40.85850556438791,2.437731849496555,42.170111287758345,14.533651298357182,,,,risk_cap_sweep,40.85850556438792,2970.0,18.0,flat,2.0,0.15,best_margin,True,0.005,,,
"flat cap 2x, 3x if DD<=-15% + momentum",0.09034794723850115,0.24840598621708446,2.6253763953245555,-0.8780121973864462,0.10290056050182138,1325.6663470441172,1284,4173.158765698137,,34.07525172231055,7.631160572337042,43.94541600423953,14.348171701112877,,,,risk_cap_sweep,34.07525172231055,2994.0,0.0,flat,2.0,0.15,momentum,False,0.0,,,
"flat cap 2x, 3x if DD<=-15% + momentum min_m=0.5%",0.09034794723850115,0.24840598621708446,2.6253763953245555,-0.8780121973864462,0.10290056050182138,1325.6663470441172,1284,4173.158765698137,,34.07525172231055,7.631160572337042,43.94541600423953,14.348171701112877,,,,risk_cap_sweep,34.07525172231055,2994.0,0.0,flat,2.0,0.15,momentum,False,0.005,,,
"flat cap 2x, 3x if DD<=-15% + momentum + SPX lead",0.12333392709845237,0.2355264419910499,3.100337971714959,-0.8480809599215677,0.1454270676113971,3241.111988176554,1245,8177.373804135922,,37.86433492315845,6.478537360890302,41.78590355060943,13.871224165341811,,,,risk_cap_sweep,37.86433492315845,2895.0,286.0,flat,2.0,0.15,momentum,True,0.0,,,
"flat cap 2x, 3x if DD<=-15% + momentum + SPX lead min_m=0.5%",0.12333392709845237,0.2355264419910499,3.100337971714959,-0.8480809599215677,0.1454270676113971,3241.111988176554,1245,8177.373804135922,,37.86433492315845,6.478537360890302,41.78590355060943,13.871224165341811,,,,risk_cap_sweep,37.86433492315845,2895.0,286.0,flat,2.0,0.15,momentum,True,0.005,,,
"flat cap 2x, 3x if DD<=-20% + greedy",0.3377485414577013,0.25006465565783853,3.7632756532035936,-0.34826051870579894,0.9698157652576809,611435.6924233641,1148,783237.6565634552,,34.44621091679915,3.7625861155272924,50.092739798622155,11.698463169051404,,,,risk_cap_sweep,34.44621091679915,3640.0,0.0,flat,2.0,0.2,greedy,False,0.0,,,
"flat cap 2x, 3x if DD<=-20% + greedy min_m=0.5%",0.2772913595429747,0.2418541210771285,3.8149176143289356,-0.37412275146335455,0.7411774837493021,152720.70325187992,1038,269264.05125559925,,40.62003179650239,1.4440911499735027,46.7541070482247,11.181770005299416,,,,risk_cap_sweep,40.62003179650238,3414.0,0.0,flat,2.0,0.2,greedy,False,0.005,,,
"flat cap 2x, 3x if DD<=-20% + greedy + SPX lead",0.3363009826780723,0.24887132267428588,3.8110585093905156,-0.34826051870579894,0.9656592252484706,591897.8563997124,1160,771534.6995419569,,34.85691573926868,3.7625861155272924,49.68203497615262,11.698463169051404,,,,risk_cap_sweep,34.85691573926868,3613.0,31.0,flat,2.0,0.2,greedy,True,0.0,,,
"flat cap 2x, 3x if DD<=-20% + greedy + SPX lead min_m=0.5%",0.2846884499506215,0.24092729918812814,3.850098477167373,-0.37412275146335455,0.7609493109870566,181602.98142284207,1036,314454.202819986,,40.85850556438791,1.4440911499735027,46.515633280339166,11.181770005299416,,,,risk_cap_sweep,40.85850556438792,3401.0,18.0,flat,2.0,0.2,greedy,True,0.005,,,
"flat cap 2x, 3x if DD<=-20% + best_margin",0.3282562628046315,0.23818063621720237,4.070384748484202,-0.3572644594956766,0.9188046951773658,493838.6455727379,1400,769333.2142380942,,34.64493905670376,7.114467408585055,47.68150503444621,10.559088500264972,,,,risk_cap_sweep,34.64493905670376,3315.0,0.0,flat,2.0,0.2,best_margin,False,0.0,,,
"flat cap 2x, 3x if DD<=-20% + best_margin min_m=0.5%",0.2790907405639722,0.23471293754066574,3.994999229507235,-0.4203143446791658,0.6640047956893017,159307.7215617452,1138,303735.1309651391,,40.62003179650239,2.437731849496555,46.43614202437732,10.50609432962374,,,,risk_cap_sweep,40.62003179650238,3287.0,0.0,flat,2.0,0.2,best_margin,False,0.005,,,
"flat cap 2x, 3x if DD<=-20% + best_margin + SPX lead",0.33457798541739314,0.23711474349545725,4.11348407497191,-0.3572644594956766,0.9364994936515425,569428.414412021,1402,894050.6174117718,,34.949655537890834,7.114467408585055,47.37678855325914,10.559088500264972,,,,risk_cap_sweep,34.949655537890834,3300.0,23.0,flat,2.0,0.2,best_margin,True,0.0,,,
"flat cap 2x, 3x if DD<=-20% + best_margin + SPX lead min_m=0.5%",0.2865165215653509,0.2337565432139576,4.032478718187749,-0.4203143446791658,0.6816720038048062,189516.4380032116,1137,354410.97317676194,,40.85850556438791,2.437731849496555,46.19766825649179,10.50609432962374,,,,risk_cap_sweep,40.85850556438792,3274.0,18.0,flat,2.0,0.2,best_margin,True,0.005,,,
"flat cap 2x, 3x if DD<=-20% + momentum",0.09712908814829158,0.23902263553527228,2.6465828388505854,-0.8218703044077837,0.11818055431298254,1596.6206961178464,1254,4664.058056224274,,34.07525172231055,7.631160572337042,48.0259671436142,10.267620561738209,,,,risk_cap_sweep,34.07525172231055,3302.0,0.0,flat,2.0,0.2,momentum,False,0.0,,,
"flat cap 2x, 3x if DD<=-20% + momentum min_m=0.5%",0.09712908814829158,0.23902263553527228,2.6465828388505854,-0.8218703044077837,0.11818055431298254,1596.6206961178464,1254,4664.058056224274,,34.07525172231055,7.631160572337042,48.0259671436142,10.267620561738209,,,,risk_cap_sweep,34.07525172231055,3302.0,0.0,flat,2.0,0.2,momentum,False,0.005,,,
"flat cap 2x, 3x if DD<=-20% + momentum + SPX lead",0.1304810699120107,0.22619435958992842,3.1333301092501618,-0.7807886020038894,0.1671144655251521,3920.263747804121,1223,9487.017210185211,,37.86433492315845,6.478537360890302,45.73396926338103,9.923158452570217,,,,risk_cap_sweep,37.86433492315845,3193.0,286.0,flat,2.0,0.2,momentum,True,0.0,,,
"flat cap 2x, 3x if DD<=-20% + momentum + SPX lead min_m=0.5%",0.1304810699120107,0.22619435958992842,3.1333301092501618,-0.7807886020038894,0.1671144655251521,3920.263747804121,1223,9487.017210185211,,37.86433492315845,6.478537360890302,45.73396926338103,9.923158452570217,,,,risk_cap_sweep,37.86433492315845,3193.0,286.0,flat,2.0,0.2,momentum,True,0.005,,,
"flat cap 2x, 3x if DD<=-25% + greedy",0.33906051721887787,0.24166607165896078,3.7991356892258072,-0.33704333642187106,1.0059849300639545,629681.0166850168,1128,769464.4997866354,,34.44621091679915,3.7625861155272924,53.6036036036036,8.187599364069953,,,,risk_cap_sweep,34.44621091679915,3905.0,0.0,flat,2.0,0.25,greedy,False,0.0,,,
"flat cap 2x, 3x if DD<=-25% + greedy min_m=0.5%",0.2768164677867706,0.23355951449989285,3.8438676251674533,-0.34402135514119747,0.8046490825348798,151026.6571844683,1024,253542.10368864832,,40.62003179650239,1.4440911499735027,50.172231054583996,7.763645998940117,,,,risk_cap_sweep,40.62003179650238,3672.0,0.0,flat,2.0,0.25,greedy,False,0.005,,,
"flat cap 2x, 3x if DD<=-25% + greedy + SPX lead",0.3376208431301648,0.24043386003886766,3.849387682842045,-0.33704333642187106,1.001713449416994,609687.3665237314,1141,757862.8757311165,,34.85691573926868,3.7625861155272924,53.192898781134076,8.187599364069953,,,,risk_cap_sweep,34.85691573926868,3878.0,31.0,flat,2.0,0.25,greedy,True,0.0,,,
"flat cap 2x, 3x if DD<=-25% + greedy + SPX lead min_m=0.5%",0.2842168346202243,0.232601741460674,3.880934561298921,-0.34402135514119747,0.8261604414167038,179613.8420914813,1023,296220.0728694187,,40.85850556438791,1.4440911499735027,49.933757286698466,7.763645998940117,,,,risk_cap_sweep,40.85850556438792,3659.0,18.0,flat,2.0,0.25,greedy,True,0.005,,,
"flat cap 2x, 3x if DD<=-25% + best_margin",0.31701008481987425,0.23141760912331516,4.036968502407323,-0.3173845065603989,0.9988202897974372,382663.53983313177,1372,570020.236893245,,34.64493905670376,7.114467408585055,50.82140964493905,7.419183889772126,,,,risk_cap_sweep,34.64493905670376,3552.0,0.0,flat,2.0,0.25,best_margin,False,0.0,,,
"flat cap 2x, 3x if DD<=-25% + best_margin min_m=0.5%",0.2683871427705029,0.2278274664754548,3.960965674953114,-0.3841272885915794,0.6986932476329835,123812.95665665822,1112,225243.74106680666,,40.62003179650239,2.437731849496555,49.57604663487017,7.366189719130896,,,,risk_cap_sweep,40.62003179650238,3524.0,0.0,flat,2.0,0.25,best_margin,False,0.005,,,
"flat cap 2x, 3x if DD<=-25% + best_margin + SPX lead",0.3232704681061953,0.23032399336213363,4.081669814234122,-0.3173845065603989,1.0185452075452093,441158.06182495924,1374,662076.4757528878,,34.949655537890834,7.114467408585055,50.51669316375199,7.419183889772126,,,,risk_cap_sweep,34.949655537890834,3537.0,23.0,flat,2.0,0.25,best_margin,True,0.0,,,
"flat cap 2x, 3x if DD<=-25% + best_margin + SPX lead min_m=0.5%",0.27573566936590055,0.2268450917541702,3.9998972365740286,-0.3841272885915794,0.7178236942678512,147238.64568682332,1111,262555.83496622567,,40.85850556438791,2.437731849496555,49.33757286698463,7.366189719130896,,,,risk_cap_sweep,40.85850556438792,3511.0,18.0,flat,2.0,0.25,best_margin,True,0.005,,,
"flat cap 2x, 3x if DD<=-25% + momentum",0.10158867831517338,0.23369082652858042,2.639252982916786,-0.8112210283311843,0.12522934535382801,1803.2109796508298,1231,4876.375713697102,,34.07525172231055,7.631160572337042,51.02013778484367,7.273449920508744,,,,risk_cap_sweep,34.07525172231055,3528.0,0.0,flat,2.0,0.25,momentum,False,0.0,,,
"flat cap 2x, 3x if DD<=-25% + momentum min_m=0.5%",0.10158867831517338,0.23369082652858042,2.639252982916786,-0.8112210283311843,0.12522934535382801,1803.2109796508298,1231,4876.375713697102,,34.07525172231055,7.631160572337042,51.02013778484367,7.273449920508744,,,,risk_cap_sweep,34.07525172231055,3528.0,0.0,flat,2.0,0.25,momentum,False,0.005,,,
"flat cap 2x, 3x if DD<=-25% + momentum + SPX lead",0.1355932931980186,0.220641739146774,3.138633994779834,-0.761344221785555,0.1780972250370748,4488.4146841624615,1206,10172.064784415224,,37.86433492315845,6.478537360890302,48.70164281928987,6.955484896661367,,,,risk_cap_sweep,37.86433492315845,3417.0,286.0,flat,2.0,0.25,momentum,True,0.0,,,
"flat cap 2x, 3x if DD<=-25% + momentum + SPX lead min_m=0.5%",0.1355932931980186,0.220641739146774,3.138633994779834,-0.761344221785555,0.1780972250370748,4488.4146841624615,1206,10172.064784415224,,37.86433492315845,6.478537360890302,48.70164281928987,6.955484896661367,,,,risk_cap_sweep,37.86433492315845,3417.0,286.0,flat,2.0,0.25,momentum,True,0.005,,,
"flat cap 2x, 3x if DD<=-30% + greedy",0.32451188035609113,0.23646949953029558,3.7804101506839474,-0.30375601600446367,1.0683307103663173,453742.7319823634,1130,556133.7860214455,,34.44621091679915,3.7625861155272924,57.22045574986752,4.5707472178060415,,,,risk_cap_sweep,34.44621091679915,4178.0,0.0,flat,2.0,0.3,greedy,False,0.0,,,
"flat cap 2x, 3x if DD<=-30% + greedy min_m=0.5%",0.26401226642716447,0.22834568063314814,3.829128175715034,-0.3350268755258997,0.7880330973828237,111623.58852648856,1027,188608.53279974198,,40.62003179650239,1.4440911499735027,53.57710651828299,4.358770535241123,,,,risk_cap_sweep,40.62003179650238,3929.0,0.0,flat,2.0,0.3,greedy,False,0.005,,,
"flat cap 2x, 3x if DD<=-30% + greedy + SPX lead",0.3230943543466529,0.23521308419465173,3.8320684459151497,-0.30375601600446367,1.0636640504986905,439400.2882323188,1143,547849.0428833218,,34.85691573926868,3.7625861155272924,56.809750927397985,4.5707472178060415,,,,risk_cap_sweep,34.85691573926868,4151.0,31.0,flat,2.0,0.3,greedy,True,0.0,,,
"flat cap 2x, 3x if DD<=-30% + greedy + SPX lead min_m=0.5%",0.27132057070893056,0.22736796400738507,3.8673221378000884,-0.3350268755258997,0.8098471810150519,132696.438840327,1026,220064.6730944591,,40.85850556438791,1.4440911499735027,53.33863275039745,4.358770535241123,,,,risk_cap_sweep,40.85850556438792,3916.0,18.0,flat,2.0,0.3,greedy,True,0.005,,,
"flat cap 2x, 3x if DD<=-30% + best_margin",0.30249844669260884,0.22676802019216574,4.004767415514283,-0.29210139502226956,1.0355939815677588,274460.75378366356,1367,410530.57600014406,,34.64493905670376,7.114467408585055,54.12029676735559,4.12029676735559,,,,risk_cap_sweep,34.64493905670376,3801.0,0.0,flat,2.0,0.3,best_margin,False,0.0,,,
"flat cap 2x, 3x if DD<=-30% + best_margin min_m=0.5%",0.2539089196091595,0.22309701902070397,3.928476675427752,-0.36035505858012484,0.7046076184128353,87742.77989759299,1110,161058.5713496126,,40.62003179650239,2.437731849496555,52.83518812930578,4.1070482246952835,,,,risk_cap_sweep,40.62003179650238,3770.0,0.0,flat,2.0,0.3,best_margin,False,0.005,,,
"flat cap 2x, 3x if DD<=-30% + best_margin + SPX lead",0.30867916014987995,0.22565456819361582,4.0505897032355245,-0.2914465580253511,1.0591278285847174,316337.7237750771,1369,476443.71861692076,,34.949655537890834,7.114467408585055,53.81558028616852,4.12029676735559,,,,risk_cap_sweep,34.949655537890834,3786.0,23.0,flat,2.0,0.3,best_margin,True,0.0,,,
"flat cap 2x, 3x if DD<=-30% + best_margin + SPX lead min_m=0.5%",0.2611517283537368,0.22209601538862994,3.968426516590706,-0.36035505858012484,0.7247067083856956,104289.73114834247,1109,187410.108322932,,40.85850556438791,2.437731849496555,52.59671436142025,4.1070482246952835,,,,risk_cap_sweep,40.85850556438792,3757.0,18.0,flat,2.0,0.3,best_margin,True,0.005,,,
"flat cap 2x, 3x if DD<=-30% + momentum",0.10312764660961804,0.22934697927672712,2.6316729236335386,-0.777733352464289,0.13260026239437034,1880.326257806375,1210,5075.037584354043,,34.07525172231055,7.631160572337042,54.12029676735559,4.17329093799682,,,,risk_cap_sweep,34.07525172231055,3762.0,0.0,flat,2.0,0.3,momentum,False,0.0,,,
"flat cap 2x, 3x if DD<=-30% + momentum min_m=0.5%",0.10312764660961804,0.22934697927672712,2.6316729236335386,-0.777733352464289,0.13260026239437034,1880.326257806375,1210,5075.037584354043,,34.07525172231055,7.631160572337042,54.12029676735559,4.17329093799682,,,,risk_cap_sweep,34.07525172231055,3762.0,0.0,flat,2.0,0.3,momentum,False,0.005,,,
"flat cap 2x, 3x if DD<=-30% + momentum + SPX lead",0.1379345854391818,0.21605264174008432,3.144175118671409,-0.7226753194854811,0.19086660595713476,4774.453299153247,1191,10765.506506118421,,37.86433492315845,6.478537360890302,51.72231054583995,3.9348171701112875,,,,risk_cap_sweep,37.86433492315845,3645.0,286.0,flat,2.0,0.3,momentum,True,0.0,,,
"flat cap 2x, 3x if DD<=-30% + momentum + SPX lead min_m=0.5%",0.1379345854391818,0.21605264174008432,3.144175118671409,-0.7226753194854811,0.19086660595713476,4774.453299153247,1191,10765.506506118421,,37.86433492315845,6.478537360890302,51.72231054583995,3.9348171701112875,,,,risk_cap_sweep,37.86433492315845,3645.0,286.0,flat,2.0,0.3,momentum,True,0.005,,,
"flat cap 2x, 3x if DD<=-35% + greedy",0.34281575023686695,0.23273919729160644,3.8115591155038375,-0.28116532197185523,1.219267539227981,684860.717608555,1097,835320.1274760606,,34.44621091679915,3.7625861155272924,58.9825119236884,2.808691043985162,,,,risk_cap_sweep,34.44621091679915,4311.0,0.0,flat,2.0,0.35,greedy,False,0.0,,,
"flat cap 2x, 3x if DD<=-35% + greedy min_m=0.5%",0.2781087812148144,0.22494307152613333,3.860416157504341,-0.3080462134110861,0.9028151267799538,155679.7424383872,1000,260342.00916744882,,40.62003179650239,1.4440911499735027,55.233174350821415,2.7027027027027026,,,,risk_cap_sweep,40.62003179650238,4054.0,0.0,flat,2.0,0.35,greedy,False,0.005,,,
"flat cap 2x, 3x if DD<=-35% + greedy + SPX lead",0.3413706680069206,0.23146340375188648,3.8645424552208683,-0.28116532197185484,1.2141279216541947,663094.673905091,1110,822678.2267273263,,34.85691573926868,3.7625861155272924,58.571807101218866,2.808691043985162,,,,risk_cap_sweep,34.85691573926868,4284.0,31.0,flat,2.0,0.35,greedy,True,0.0,,,
"flat cap 2x, 3x if DD<=-35% + greedy + SPX lead min_m=0.5%",0.2855181661318409,0.22395102489349367,3.8995764782525497,-0.30812233999025496,0.9266389647075607,185154.29070767885,999,304345.1575357801,,40.85850556438791,1.4440911499735027,54.99470058293588,2.7027027027027026,,,,risk_cap_sweep,40.85850556438792,4041.0,18.0,flat,2.0,0.35,greedy,True,0.005,,,
"flat cap 2x, 3x if DD<=-35% + best_margin",0.31533810879910296,0.22347806505439866,4.030843833814934,-0.29229028199323925,1.0788525251291003,368356.5723403269,1338,548232.4019837931,,34.64493905670376,7.114467408585055,55.73661897191309,2.5039745627980925,,,,risk_cap_sweep,34.64493905670376,3923.0,0.0,flat,2.0,0.35,best_margin,False,0.0,,,
"flat cap 2x, 3x if DD<=-35% + best_margin min_m=0.5%",0.26584031417585674,0.2197749208258805,3.9532367458747006,-0.32143299953746435,0.8270473615291387,116568.82885138942,1082,211754.33612484272,,40.62003179650239,2.437731849496555,54.43826179120297,2.5039745627980925,,,,risk_cap_sweep,40.62003179650238,3891.0,0.0,flat,2.0,0.35,best_margin,False,0.005,,,
"flat cap 2x, 3x if DD<=-35% + best_margin + SPX lead",0.32158948103640994,0.2223489098899847,4.077762617468554,-0.29144655802535135,1.103425215296029,424653.8609247722,1340,636831.9051921313,,34.949655537890834,7.114467408585055,55.43190249072602,2.5039745627980925,,,,risk_cap_sweep,34.949655537890834,3908.0,23.0,flat,2.0,0.35,best_margin,True,0.0,,,
"flat cap 2x, 3x if DD<=-35% + best_margin + SPX lead min_m=0.5%",0.2731707536838668,0.2187593983416944,3.9941715902092003,-0.32143299953746435,0.8498528591555753,138613.03156542566,1081,246865.17451836527,,40.85850556438791,2.437731849496555,54.19978802331743,2.5039745627980925,,,,risk_cap_sweep,40.85850556438792,3878.0,18.0,flat,2.0,0.35,best_margin,True,0.005,,,
"flat cap 2x, 3x if DD<=-35% + momentum",0.1070876615321874,0.22603172435945826,2.644770012730167,-0.7595500947697298,0.14098828012739936,2093.698137571506,1197,5537.215385000353,,34.07525172231055,7.631160572337042,55.69687334393216,2.5967143614202435,,,,risk_cap_sweep,34.07525172231055,3881.0,0.0,flat,2.0,0.35,momentum,False,0.0,,,
"flat cap 2x, 3x if DD<=-35% + momentum min_m=0.5%",0.1070876615321874,0.22603172435945826,2.644770012730167,-0.7595500947697298,0.14098828012739936,2093.698137571506,1197,5537.215385000353,,34.07525172231055,7.631160572337042,55.69687334393216,2.5967143614202435,,,,risk_cap_sweep,34.07525172231055,3881.0,0.0,flat,2.0,0.35,momentum,False,0.005,,,
"flat cap 2x, 3x if DD<=-35% + momentum + SPX lead",0.14199519243388115,0.2130790585990745,3.156426712811381,-0.7007935952361839,0.20262056245823057,5312.838923362233,1182,11813.236455406422,,37.86433492315845,6.478537360890302,53.20614732379438,2.450980392156863,,,,risk_cap_sweep,37.86433492315845,3757.0,286.0,flat,2.0,0.35,momentum,True,0.0,,,
"flat cap 2x, 3x if DD<=-35% + momentum + SPX lead min_m=0.5%",0.14199519243388115,0.2130790585990745,3.156426712811381,-0.7007935952361839,0.20262056245823057,5312.838923362233,1182,11813.236455406422,,37.86433492315845,6.478537360890302,53.20614732379438,2.450980392156863,,,,risk_cap_sweep,37.86433492315845,3757.0,286.0,flat,2.0,0.35,momentum,True,0.005,,,
"tiered cap base 1x, 2x@<=-5%, 3x@<=-20% + greedy",0.21277484010880587,0.22775266023927335,3.1883727263794093,-0.40372669469935013,0.5270269291141535,32262.386300205286,1098,63466.13397202341,,34.44621091679915,37.82458929517753,16.030736618971915,11.698463169051404,,,,risk_cap_sweep,34.44621091679915,3680.0,0.0,tiered,1.0,,greedy,False,0.0,,0.05,0.2
"tiered cap base 1x, 2x@<=-5%, 3x@<=-20% + greedy + SPX lead",0.222037016230747,0.22671224149603583,3.2566094636523184,-0.40372669469935013,0.5499686276531578,40532.9667988071,1111,73761.33571659161,,34.85691573926868,37.51987281399046,15.924748277689455,11.698463169051404,,,,risk_cap_sweep,34.85691573926868,3653.0,31.0,tiered,1.0,,greedy,True,0.0,,0.05,0.2
"tiered cap base 1x, 2x@<=-5%, 3x@<=-20% + best_margin",0.22312417183150668,0.21677141372362305,3.422377690927991,-0.4149249402124594,0.537745867282062,41628.66091225543,1221,88009.78685541684,,34.64493905670376,39.48065712771595,15.315315315315313,10.559088500264972,,,,risk_cap_sweep,34.64493905670376,3445.0,0.0,tiered,1.0,,best_margin,False,0.0,,0.05,0.2
"tiered cap base 1x, 2x@<=-5%, 3x@<=-20% + best_margin + SPX lead",0.23512124633533626,0.21575962610820323,3.486164534426523,-0.4149249402124594,0.566659710103095,55788.71226118874,1224,107617.03976552743,,34.949655537890834,39.28192898781134,15.209326974032855,10.559088500264972,,,,risk_cap_sweep,34.949655537890834,3426.0,23.0,tiered,1.0,,best_margin,True,0.0,,0.05,0.2
"tiered cap base 1x, 2x@<=-5%, 3x@<=-20% + momentum",0.053492177512204364,0.2138480155249342,2.203870658774715,-0.7934221417976857,0.06741956733272551,472.58693232334923,1096,2142.1431886785217,,34.07525172231055,40.69952305246423,14.957604663487018,10.267620561738209,,,,risk_cap_sweep,34.07525172231055,3443.0,0.0,tiered,1.0,,momentum,False,0.0,,0.05,0.2
"tiered cap base 1x, 2x@<=-5%, 3x@<=-20% + momentum + SPX lead",0.08469731831149896,0.20205567250182968,2.6930647195015447,-0.7403789571217312,0.11439725224061607,1134.3502833849232,1094,3819.566309950567,,37.86433492315845,38.407525172231054,13.804981452040277,9.923158452570217,,,,risk_cap_sweep,37.86433492315845,3316.0,286.0,tiered,1.0,,momentum,True,0.0,,0.05,0.2
"tiered cap base 1x, 2x@<=-5%, 3x@<=-25% + greedy",0.21406125683922506,0.21840856531919797,3.2197470671088095,-0.39217272585182245,0.5458341254463102,33304.83149577701,1078,60138.859563183425,,34.44621091679915,37.82458929517753,19.541600423953366,8.187599364069953,,,,risk_cap_sweep,34.44621091679915,3945.0,0.0,tiered,1.0,,greedy,False,0.0,,0.05,0.25
"tiered cap base 1x, 2x@<=-5%, 3x@<=-25% + greedy + SPX lead",0.22334109984670825,0.2173285082346598,3.291667551318548,-0.39217272585182245,0.569496767939683,41850.6933588803,1092,70109.43473777377,,34.85691573926868,37.51987281399046,19.435612082670907,8.187599364069953,,,,risk_cap_sweep,34.85691573926868,3918.0,31.0,tiered,1.0,,greedy,True,0.0,,0.05,0.25
"tiered cap base 1x, 2x@<=-5%, 3x@<=-25% + best_margin",0.2128630061106791,0.20916556582769683,3.3782444899711632,-0.37921586176019517,0.5613241100270413,32332.812954334284,1193,64473.09048099517,,34.64493905670376,39.48065712771595,18.455219925808162,7.419183889772126,,,,risk_cap_sweep,34.64493905670376,3682.0,0.0,tiered,1.0,,best_margin,False,0.0,,0.05,0.25
"tiered cap base 1x, 2x@<=-5%, 3x@<=-25% + best_margin + SPX lead",0.22473548024955337,0.2081237305064832,3.4446448016540856,-0.37921586176019517,0.5926320676735547,43305.45510828794,1196,78670.0786680341,,34.949655537890834,39.28192898781134,18.3492315845257,7.419183889772126,,,,risk_cap_sweep,34.949655537890834,3663.0,23.0,tiered,1.0,,best_margin,True,0.0,,0.05,0.25
"tiered cap base 1x, 2x@<=-5%, 3x@<=-25% + momentum",0.05714963248686078,0.20782275130751252,2.191624207062901,-0.7816326107211895,0.07311572176361793,524.3604964890088,1073,2160.225502957139,,34.07525172231055,40.69952305246423,17.95177530471648,7.273449920508744,,,,risk_cap_sweep,34.07525172231055,3669.0,0.0,tiered,1.0,,momentum,False,0.0,,0.05,0.25
"tiered cap base 1x, 2x@<=-5%, 3x@<=-25% + momentum + SPX lead",0.08912470013054397,0.19576563112413556,2.6966994444638157,-0.7185171703734483,0.12403976384339087,1281.7730887539883,1077,3950.4742881479597,,37.86433492315845,38.407525172231054,16.772655007949126,6.955484896661367,,,,risk_cap_sweep,37.86433492315845,3540.0,286.0,tiered,1.0,,momentum,True,0.0,,0.05,0.25
"tiered cap base 1x, 2x@<=-5%, 3x@<=-30% + greedy",0.20126927550762375,0.21254741934390908,3.1948157185391532,-0.35636354651031266,0.5647863746967152,24239.251868598574,1080,44592.77643119902,,34.44621091679915,37.82458929517753,23.158452570217275,4.5707472178060415,,,,risk_cap_sweep,34.44621091679915,4218.0,0.0,tiered,1.0,,greedy,False,0.0,,0.05,0.3
"tiered cap base 1x, 2x@<=-5%, 3x@<=-30% + greedy + SPX lead",0.21043473089344467,0.21144293826253302,3.2689798148340303,-0.35636354651031266,0.5905057712948621,30446.394050350693,1094,51829.876191176256,,34.85691573926868,37.51987281399046,23.052464228934817,4.5707472178060415,,,,risk_cap_sweep,34.85691573926868,4191.0,31.0,tiered,1.0,,greedy,True,0.0,,0.05,0.3
"tiered cap base 1x, 2x@<=-5%, 3x@<=-30% + best_margin",0.19979828846297454,0.20389397792297276,3.3377150536503337,-0.3449744613098275,0.5791683468520072,23364.551935290547,1188,47486.853987895396,,34.64493905670376,39.48065712771595,21.754107048224693,4.12029676735559,,,,risk_cap_sweep,34.64493905670376,3931.0,0.0,tiered,1.0,,best_margin,False,0.0,,0.05,0.3
"tiered cap base 1x, 2x@<=-5%, 3x@<=-30% + best_margin + SPX lead",0.2115098228476051,0.20283032092142267,3.405999174406892,-0.3449744613098275,0.6131173364095625,31268.07760222256,1191,57706.70706799446,,34.949655537890834,39.28192898781134,21.64811870694224,4.12029676735559,,,,risk_cap_sweep,34.949655537890834,3912.0,23.0,tiered,1.0,,best_margin,True,0.0,,0.05,0.3
"tiered cap base 1x, 2x@<=-5%, 3x@<=-30% + momentum",0.058108193363754834,0.20288426832502066,2.179894974997798,-0.7461277506815431,0.07787968388881994,538.8113985579962,1052,2223.4514066456036,,34.07525172231055,40.69952305246423,21.051934287228406,4.17329093799682,,,,risk_cap_sweep,34.07525172231055,3903.0,0.0,tiered,1.0,,momentum,False,0.0,,0.05,0.3
"tiered cap base 1x, 2x@<=-5%, 3x@<=-30% + momentum + SPX lead",0.09088582856032024,0.19053318792218318,2.70144404573115,-0.6756805096575801,0.13451006394483564,1345.4236040966828,1062,4122.406932865319,,37.86433492315845,38.407525172231054,19.793322734499206,3.9348171701112875,,,,risk_cap_sweep,37.86433492315845,3768.0,286.0,tiered,1.0,,momentum,True,0.0,,0.05,0.3
"tiered cap base 1x, 2x@<=-10%, 3x@<=-20% + greedy",0.2119602706909891,0.2195114736139547,3.076283598085871,-0.34208936892242653,0.6196049627577115,31618.68687846611,1018,56510.13617476516,,34.44621091679915,43.667196608373075,10.188129305776366,11.698463169051404,,,,risk_cap_sweep,34.44621091679915,3702.0,0.0,tiered,1.0,,greedy,False,0.0,,0.1,0.2
"tiered cap base 1x, 2x@<=-10%, 3x@<=-20% + greedy + SPX lead",0.2229970179864258,0.21835917691833967,3.1517534538784533,-0.34208936892242653,0.6518677230130278,41499.04486597055,1030,67361.73277545263,,34.85691573926868,43.349231584525704,10.095389507154213,11.698463169051404,,,,risk_cap_sweep,34.85691573926868,3675.0,31.0,tiered,1.0,,greedy,True,0.0,,0.1,0.2
"tiered cap base 1x, 2x@<=-10%, 3x@<=-20% + best_margin",0.22349391394229157,0.20937916942526355,3.3007461702862324,-0.3449657121666332,0.6478728350669659,42007.79004511914,1117,75774.43275818472,,34.64493905670376,44.7933227344992,10.002649708532061,10.559088500264972,,,,risk_cap_sweep,34.64493905670376,3468.0,0.0,tiered,1.0,,best_margin,False,0.0,,0.1,0.2
"tiered cap base 1x, 2x@<=-10%, 3x@<=-20% + best_margin + SPX lead",0.2373005464866733,0.2082533060461015,3.3718037631402673,-0.3449657121666332,0.6878960375402382,58818.17727175292,1119,95018.43478930237,,34.949655537890834,44.58134605193429,9.90990990990991,10.559088500264972,,,,risk_cap_sweep,34.949655537890834,3449.0,23.0,tiered,1.0,,best_margin,True,0.0,,0.1,0.2
"tiered cap base 1x, 2x@<=-10%, 3x@<=-20% + momentum",0.0639880371678685,0.20691209486418816,2.1144693359638773,-0.7857567077841037,0.0814349232198346,636.2487216266939,985,2102.1108466597684,,34.07525172231055,45.72072072072072,9.936406995230525,10.267620561738209,,,,risk_cap_sweep,34.07525172231055,3474.0,0.0,tiered,1.0,,momentum,False,0.0,,0.1,0.2
"tiered cap base 1x, 2x@<=-10%, 3x@<=-20% + momentum + SPX lead",0.09326829948625726,0.19534772010364457,2.6317956436066337,-0.7140857254017072,0.1306121886609474,1436.4113091427118,1009,3658.986815838693,,37.86433492315845,42.951775304716485,9.26073131955485,9.923158452570217,,,,risk_cap_sweep,37.86433492315845,3336.0,286.0,tiered,1.0,,momentum,True,0.0,,0.1,0.2
"tiered cap base 1x, 2x@<=-10%, 3x@<=-25% + greedy",0.21321735711774426,0.20977857237023237,3.1096575110142686,-0.33017579342112996,0.645769197397798,32617.369044154722,998,52823.99065381388,,34.44621091679915,43.667196608373075,13.698993110757819,8.187599364069953,,,,risk_cap_sweep,34.44621091679915,3967.0,0.0,tiered,1.0,,greedy,False,0.0,,0.1,0.25
"tiered cap base 1x, 2x@<=-10%, 3x@<=-25% + greedy + SPX lead",0.22427317938986158,0.20857815749032582,3.1895681954135826,-0.33017579342112996,0.679253851610519,42817.800892016305,1011,63232.747558379866,,34.85691573926868,43.349231584525704,13.606253312135665,8.187599364069953,,,,risk_cap_sweep,34.85691573926868,3940.0,31.0,tiered,1.0,,greedy,True,0.0,,0.1,0.25
"tiered cap base 1x, 2x@<=-10%, 3x@<=-25% + best_margin",0.21324388027146202,0.20145921638159267,3.2554790656305954,-0.3038965519202569,0.7016989134099082,32638.765159491224,1089,55375.49255855173,,34.64493905670376,44.7933227344992,13.142554319024907,7.419183889772126,,,,risk_cap_sweep,34.64493905670376,3705.0,0.0,tiered,1.0,,best_margin,False,0.0,,0.1,0.25
"tiered cap base 1x, 2x@<=-10%, 3x@<=-25% + best_margin + SPX lead",0.2269060389835298,0.20029658113940324,3.3297026195317025,-0.3038965519202569,0.7466555232356517,45667.747377710686,1091,69195.2340394694,,34.949655537890834,44.58134605193429,13.049814520402755,7.419183889772126,,,,risk_cap_sweep,34.949655537890834,3686.0,23.0,tiered,1.0,,best_margin,True,0.0,,0.1,0.25
"tiered cap base 1x, 2x@<=-10%, 3x@<=-25% + momentum",0.06789133578558104,0.20066811855690583,2.101406484269935,-0.7744140809986156,0.08766800275381667,710.1170302213382,962,2100.5015761749505,,34.07525172231055,45.72072072072072,12.930577636459988,7.273449920508744,,,,risk_cap_sweep,34.07525172231055,3700.0,0.0,tiered,1.0,,momentum,False,0.0,,0.1,0.25
"tiered cap base 1x, 2x@<=-10%, 3x@<=-25% + momentum + SPX lead",0.09790598973174602,0.18882412621031253,2.636778225630135,-0.6987367796843978,0.14011855762905132,1630.8846129909186,992,3762.504577882556,,37.86433492315845,42.951775304716485,12.2284048754637,6.955484896661367,,,,risk_cap_sweep,37.86433492315845,3560.0,286.0,tiered,1.0,,momentum,True,0.0,,0.1,0.25
"tiered cap base 1x, 2x@<=-10%, 3x@<=-30% + greedy",0.20036982043954232,0.20364525960744037,3.084623786818143,-0.29262854380894887,0.6847241141669339,23700.717982944796,1000,39298.56377311472,,34.44621091679915,43.667196608373075,17.315845257021728,4.5707472178060415,,,,risk_cap_sweep,34.44621091679915,4240.0,0.0,tiered,1.0,,greedy,False,0.0,,0.1,0.3
"tiered cap base 1x, 2x@<=-10%, 3x@<=-30% + greedy + SPX lead",0.2112855309359709,0.20241460349891793,3.1672801514514197,-0.29262854380894887,0.7220263894485798,31094.902908809032,1013,46838.922865075336,,34.85691573926868,43.349231584525704,17.223105458399576,4.5707472178060415,,,,risk_cap_sweep,34.85691573926868,4213.0,31.0,tiered,1.0,,greedy,True,0.0,,0.1,0.3
"tiered cap base 1x, 2x@<=-10%, 3x@<=-30% + best_margin",0.20014996808330032,0.1959536425868963,3.2138919818363743,-0.2662030823472662,0.7518694611589865,23570.854635820368,1084,40910.798026071774,,34.64493905670376,44.7933227344992,16.441441441441444,4.12029676735559,,,,risk_cap_sweep,34.64493905670376,3954.0,0.0,tiered,1.0,,best_margin,False,0.0,,0.1,0.3
"tiered cap base 1x, 2x@<=-10%, 3x@<=-30% + best_margin + SPX lead",0.21362489801085083,0.1947640315506647,3.2904208493417038,-0.2662030823472662,0.8024884465168353,32947.63198745909,1086,50851.272156121624,,34.949655537890834,44.58134605193429,16.34870164281929,4.12029676735559,,,,risk_cap_sweep,34.949655537890834,3935.0,23.0,tiered,1.0,,best_margin,True,0.0,,0.1,0.3
"tiered cap base 1x, 2x@<=-10%, 3x@<=-30% + momentum",0.06925241896355439,0.19553997960960903,2.0889963823312003,-0.7215593476180644,0.09597605407256266,737.7734315592556,941,2179.7680698227978,,34.07525172231055,45.72072072072072,16.030736618971915,4.17329093799682,,,,risk_cap_sweep,34.07525172231055,3934.0,0.0,tiered,1.0,,momentum,False,0.0,,0.1,0.3
"tiered cap base 1x, 2x@<=-10%, 3x@<=-30% + momentum + SPX lead",0.09999382921844147,0.18338515669239233,2.6429675691090795,-0.6497234186128761,0.15390214721199802,1726.5242374363054,977,3947.45098455129,,37.86433492315845,42.951775304716485,15.249072602013777,3.9348171701112875,,,,risk_cap_sweep,37.86433492315845,3788.0,286.0,tiered,1.0,,momentum,True,0.0,,0.1,0.3
"tiered cap base 1x, 2x@<=-15%, 3x@<=-20% + greedy",0.19767836217118484,0.21296195574606322,3.0055540289830844,-0.35447695910339455,0.5576620908484087,22157.43952082109,1004,42649.63139992571,,34.44621091679915,48.51616322204558,5.339162692103868,11.698463169051404,,,,risk_cap_sweep,34.44621091679915,3715.0,0.0,tiered,1.0,,greedy,False,0.0,,0.15,0.2
"tiered cap base 1x, 2x@<=-15%, 3x@<=-20% + greedy + SPX lead",0.207677911575755,0.21191611901178897,3.0811971080720757,-0.35447695910339455,0.5858713979634966,28433.631688478286,1018,49112.804916831,,34.85691573926868,48.171701112877585,5.2729199788023315,11.698463169051404,,,,risk_cap_sweep,34.85691573926868,3688.0,31.0,tiered,1.0,,greedy,True,0.0,,0.15,0.2
"tiered cap base 1x, 2x@<=-15%, 3x@<=-20% + best_margin",0.21336640003577845,0.20326268658721428,3.239452569915951,-0.3529089028365812,0.6045934186437353,32737.777547942515,1086,61080.87123768739,,34.64493905670376,49.40381558028617,5.392156862745098,10.559088500264972,,,,risk_cap_sweep,34.64493905670376,3499.0,0.0,tiered,1.0,,best_margin,False,0.0,,0.15,0.2
"tiered cap base 1x, 2x@<=-15%, 3x@<=-20% + best_margin + SPX lead",0.226139545433097,0.20224981932868813,3.3102306287431262,-0.3529089028365812,0.6407873069096636,44819.66091336044,1090,73863.33194883444,,34.949655537890834,49.165341812400634,5.325914149443562,10.559088500264972,,,,risk_cap_sweep,34.949655537890834,3480.0,23.0,tiered,1.0,,best_margin,True,0.0,,0.15,0.2
"tiered cap base 1x, 2x@<=-15%, 3x@<=-20% + momentum",0.05908987774465757,0.20086773237624256,2.075121086844161,-0.7907933816310487,0.07472227147726238,554.0096374270305,973,1962.3040689450288,,34.07525172231055,50.185479597244296,5.471648118706942,10.267620561738209,,,,risk_cap_sweep,34.07525172231055,3520.0,0.0,tiered,1.0,,momentum,False,0.0,,0.15,0.2
"tiered cap base 1x, 2x@<=-15%, 3x@<=-20% + momentum + SPX lead",0.09116639504558743,0.18922587705846314,2.6092602933727265,-0.7154792323863473,0.12742004368389417,1355.8419212765145,996,3444.781635638253,,37.86433492315845,47.231054583995764,4.9814520402755695,9.923158452570217,,,,risk_cap_sweep,37.86433492315845,3374.0,286.0,tiered,1.0,,momentum,True,0.0,,0.15,0.2
"tiered cap base 1x, 2x@<=-15%, 3x@<=-25% + greedy",0.19892869485082798,0.20289934819527836,3.041550586300671,-0.3427379806440199,0.5804104187024506,22861.896081419138,984,39515.490348288375,,34.44621091679915,48.51616322204558,8.850026497085322,8.187599364069953,,,,risk_cap_sweep,34.44621091679915,3980.0,0.0,tiered,1.0,,greedy,False,0.0,,0.15,0.25
"tiered cap base 1x, 2x@<=-15%, 3x@<=-25% + greedy + SPX lead",0.20894634055724204,0.2018071824937476,3.1218675798279696,-0.3427379806440199,0.6096387104943041,29343.202946968897,999,45682.34368857151,,34.85691573926868,48.171701112877585,8.783783783783784,8.187599364069953,,,,risk_cap_sweep,34.85691573926868,3953.0,31.0,tiered,1.0,,greedy,True,0.0,,0.15,0.25
"tiered cap base 1x, 2x@<=-15%, 3x@<=-25% + best_margin",0.20321516710695153,0.19507116994260792,3.1947242768205677,-0.31233529208883837,0.6506314600181349,25445.100811553082,1058,44656.89170432829,,34.64493905670376,49.40381558028617,8.532061473237944,7.419183889772126,,,,risk_cap_sweep,34.64493905670376,3736.0,0.0,tiered,1.0,,best_margin,False,0.0,,0.15,0.25
"tiered cap base 1x, 2x@<=-15%, 3x@<=-25% + best_margin + SPX lead",0.21585271003425555,0.1940235016900222,3.26884274825286,-0.31233529208883837,0.6910929232193843,34810.92963157775,1062,53762.14655290004,,34.949655537890834,49.165341812400634,8.465818759936408,7.419183889772126,,,,risk_cap_sweep,34.949655537890834,3717.0,23.0,tiered,1.0,,best_margin,True,0.0,,0.15,0.25
"tiered cap base 1x, 2x@<=-15%, 3x@<=-25% + momentum",0.06280711172889553,0.19442306105812077,2.062517021537845,-0.7776029509558124,0.08077015609533683,615.4037047971987,950,1946.3836961389543,,34.07525172231055,50.185479597244296,8.465818759936408,7.273449920508744,,,,risk_cap_sweep,34.07525172231055,3746.0,0.0,tiered,1.0,,momentum,False,0.0,,0.15,0.25
"tiered cap base 1x, 2x@<=-15%, 3x@<=-25% + momentum + SPX lead",0.09577312425763873,0.1824763733709199,2.616840878486594,-0.6947458056836284,0.13785347601112635,1538.4783987557748,979,3524.342174644145,,37.86433492315845,47.231054583995764,7.94912559618442,6.955484896661367,,,,risk_cap_sweep,37.86433492315845,3598.0,286.0,tiered,1.0,,momentum,True,0.0,,0.15,0.25
"tiered cap base 1x, 2x@<=-15%, 3x@<=-30% + greedy",0.18629499727881016,0.19653430351085405,3.01707192845115,-0.3055612245416694,0.6096814069201543,16638.396522750743,986,29601.80616126123,,34.44621091679915,48.51616322204558,12.466878643349231,4.5707472178060415,,,,risk_cap_sweep,34.44621091679915,4253.0,0.0,tiered,1.0,,greedy,False,0.0,,0.15,0.3
"tiered cap base 1x, 2x@<=-15%, 3x@<=-30% + greedy + SPX lead",0.19618337046835244,0.19541289167735462,3.1003317838461153,-0.3055612245416694,0.6420427551389096,21342.658296084475,1001,34072.660182843065,,34.85691573926868,48.171701112877585,12.400635930047695,4.5707472178060415,,,,risk_cap_sweep,34.85691573926868,4226.0,31.0,tiered,1.0,,greedy,True,0.0,,0.15,0.3
"tiered cap base 1x, 2x@<=-15%, 3x@<=-30% + best_margin",0.19025188852217778,0.1893621372984417,3.1533557344432843,-0.2749996542461173,0.6918259189951834,18386.155946280647,1053,33143.55628254211,,34.64493905670376,49.40381558028617,11.830948595654478,4.12029676735559,,,,risk_cap_sweep,34.64493905670376,3985.0,0.0,tiered,1.0,,best_margin,False,0.0,,0.15,0.3
"tiered cap base 1x, 2x@<=-15%, 3x@<=-30% + best_margin + SPX lead",0.20271336107242788,0.1882887685180022,3.229931877986376,-0.2749996542461173,0.7371404216057846,25128.701953429954,1057,39692.67981843226,,34.949655537890834,49.165341812400634,11.76470588235294,4.12029676735559,,,,risk_cap_sweep,34.949655537890834,3966.0,23.0,tiered,1.0,,best_margin,True,0.0,,0.15,0.3
"tiered cap base 1x, 2x@<=-15%, 3x@<=-30% + momentum",0.06408532892520125,0.18911993225896648,2.050539531521747,-0.7251619942807868,0.08837381085968365,637.9961680902157,929,2015.4706786008924,,34.07525172231055,50.185479597244296,11.56597774244833,4.17329093799682,,,,risk_cap_sweep,34.07525172231055,3980.0,0.0,tiered,1.0,,momentum,False,0.0,,0.15,0.3
"tiered cap base 1x, 2x@<=-15%, 3x@<=-30% + momentum + SPX lead",0.09786714396003049,0.17683624060372138,2.6256230563308307,-0.6394052093307834,0.15305966002757557,1629.1546338234268,964,3691.133862038322,,37.86433492315845,47.231054583995764,10.969793322734498,3.9348171701112875,,,,risk_cap_sweep,37.86433492315845,3826.0,286.0,tiered,1.0,,momentum,True,0.0,,0.15,0.3
"tiered cap base 2x, 2x@<=-5%, 3x@<=-20% + greedy",0.3377485414577013,0.25006465565783853,3.7632756532035936,-0.34826051870579894,0.9698157652576809,611435.6924233641,1148,783237.6565634552,,34.44621091679915,3.7625861155272924,50.092739798622155,11.698463169051404,,,,risk_cap_sweep,34.44621091679915,3640.0,0.0,tiered,2.0,,greedy,False,0.0,,0.05,0.2
"tiered cap base 2x, 2x@<=-5%, 3x@<=-20% + greedy + SPX lead",0.3363009826780723,0.24887132267428588,3.8110585093905156,-0.34826051870579894,0.9656592252484706,591897.8563997124,1160,771534.6995419569,,34.85691573926868,3.7625861155272924,49.68203497615262,11.698463169051404,,,,risk_cap_sweep,34.85691573926868,3613.0,31.0,tiered,2.0,,greedy,True,0.0,,0.05,0.2
"tiered cap base 2x, 2x@<=-5%, 3x@<=-20% + best_margin",0.3282562628046315,0.23818063621720237,4.070384748484202,-0.3572644594956766,0.9188046951773658,493838.6455727379,1400,769333.2142380942,,34.64493905670376,7.114467408585055,47.68150503444621,10.559088500264972,,,,risk_cap_sweep,34.64493905670376,3315.0,0.0,tiered,2.0,,best_margin,False,0.0,,0.05,0.2
"tiered cap base 2x, 2x@<=-5%, 3x@<=-20% + best_margin + SPX lead",0.33457798541739314,0.23711474349545725,4.11348407497191,-0.3572644594956766,0.9364994936515425,569428.414412021,1402,894050.6174117718,,34.949655537890834,7.114467408585055,47.37678855325914,10.559088500264972,,,,risk_cap_sweep,34.949655537890834,3300.0,23.0,tiered,2.0,,best_margin,True,0.0,,0.05,0.2
"tiered cap base 2x, 2x@<=-5%, 3x@<=-20% + momentum",0.09712908814829158,0.23902263553527228,2.6465828388505854,-0.8218703044077837,0.11818055431298254,1596.6206961178464,1254,4664.058056224274,,34.07525172231055,7.631160572337042,48.0259671436142,10.267620561738209,,,,risk_cap_sweep,34.07525172231055,3302.0,0.0,tiered,2.0,,momentum,False,0.0,,0.05,0.2
"tiered cap base 2x, 2x@<=-5%, 3x@<=-20% + momentum + SPX lead",0.1304810699120107,0.22619435958992842,3.1333301092501618,-0.7807886020038894,0.1671144655251521,3920.263747804121,1223,9487.017210185211,,37.86433492315845,6.478537360890302,45.73396926338103,9.923158452570217,,,,risk_cap_sweep,37.86433492315845,3193.0,286.0,tiered,2.0,,momentum,True,0.0,,0.05,0.2
"tiered cap base 2x, 2x@<=-5%, 3x@<=-25% + greedy",0.33906051721887787,0.24166607165896078,3.7991356892258072,-0.33704333642187106,1.0059849300639545,629681.0166850168,1128,769464.4997866354,,34.44621091679915,3.7625861155272924,53.6036036036036,8.187599364069953,,,,risk_cap_sweep,34.44621091679915,3905.0,0.0,tiered,2.0,,greedy,False,0.0,,0.05,0.25
"tiered cap base 2x, 2x@<=-5%, 3x@<=-25% + greedy + SPX lead",0.3376208431301648,0.24043386003886766,3.849387682842045,-0.33704333642187106,1.001713449416994,609687.3665237314,1141,757862.8757311165,,34.85691573926868,3.7625861155272924,53.192898781134076,8.187599364069953,,,,risk_cap_sweep,34.85691573926868,3878.0,31.0,tiered,2.0,,greedy,True,0.0,,0.05,0.25
"tiered cap base 2x, 2x@<=-5%, 3x@<=-25% + best_margin",0.31701008481987425,0.23141760912331516,4.036968502407323,-0.3173845065603989,0.9988202897974372,382663.53983313177,1372,570020.236893245,,34.64493905670376,7.114467408585055,50.82140964493905,7.419183889772126,,,,risk_cap_sweep,34.64493905670376,3552.0,0.0,tiered,2.0,,best_margin,False,0.0,,0.05,0.25
"tiered cap base 2x, 2x@<=-5%, 3x@<=-25% + best_margin + SPX lead",0.3232704681061953,0.23032399336213363,4.081669814234122,-0.3173845065603989,1.0185452075452093,441158.06182495924,1374,662076.4757528878,,34.949655537890834,7.114467408585055,50.51669316375199,7.419183889772126,,,,risk_cap_sweep,34.949655537890834,3537.0,23.0,tiered,2.0,,best_margin,True,0.0,,0.05,0.25
"tiered cap base 2x, 2x@<=-5%, 3x@<=-25% + momentum",0.10158867831517338,0.23369082652858042,2.639252982916786,-0.8112210283311843,0.12522934535382801,1803.2109796508298,1231,4876.375713697102,,34.07525172231055,7.631160572337042,51.02013778484367,7.273449920508744,,,,risk_cap_sweep,34.07525172231055,3528.0,0.0,tiered,2.0,,momentum,False,0.0,,0.05,0.25
"tiered cap base 2x, 2x@<=-5%, 3x@<=-25% + momentum + SPX lead",0.1355932931980186,0.220641739146774,3.138633994779834,-0.761344221785555,0.1780972250370748,4488.4146841624615,1206,10172.064784415224,,37.86433492315845,6.478537360890302,48.70164281928987,6.955484896661367,,,,risk_cap_sweep,37.86433492315845,3417.0,286.0,tiered,2.0,,momentum,True,0.0,,0.05,0.25
"tiered cap base 2x, 2x@<=-5%, 3x@<=-30% + greedy",0.32451188035609113,0.23646949953029558,3.7804101506839474,-0.30375601600446367,1.0683307103663173,453742.7319823634,1130,556133.7860214455,,34.44621091679915,3.7625861155272924,57.22045574986752,4.5707472178060415,,,,risk_cap_sweep,34.44621091679915,4178.0,0.0,tiered,2.0,,greedy,False,0.0,,0.05,0.3
"tiered cap base 2x, 2x@<=-5%, 3x@<=-30% + greedy + SPX lead",0.3230943543466529,0.23521308419465173,3.8320684459151497,-0.30375601600446367,1.0636640504986905,439400.2882323188,1143,547849.0428833218,,34.85691573926868,3.7625861155272924,56.809750927397985,4.5707472178060415,,,,risk_cap_sweep,34.85691573926868,4151.0,31.0,tiered,2.0,,greedy,True,0.0,,0.05,0.3
"tiered cap base 2x, 2x@<=-5%, 3x@<=-30% + best_margin",0.30249844669260884,0.22676802019216574,4.004767415514283,-0.29210139502226956,1.0355939815677588,274460.75378366356,1367,410530.57600014406,,34.64493905670376,7.114467408585055,54.12029676735559,4.12029676735559,,,,risk_cap_sweep,34.64493905670376,3801.0,0.0,tiered,2.0,,best_margin,False,0.0,,0.05,0.3
"tiered cap base 2x, 2x@<=-5%, 3x@<=-30% + best_margin + SPX lead",0.30867916014987995,0.22565456819361582,4.0505897032355245,-0.2914465580253511,1.0591278285847174,316337.7237750771,1369,476443.71861692076,,34.949655537890834,7.114467408585055,53.81558028616852,4.12029676735559,,,,risk_cap_sweep,34.949655537890834,3786.0,23.0,tiered,2.0,,best_margin,True,0.0,,0.05,0.3
"tiered cap base 2x, 2x@<=-5%, 3x@<=-30% + momentum",0.10312764660961804,0.22934697927672712,2.6316729236335386,-0.777733352464289,0.13260026239437034,1880.326257806375,1210,5075.037584354043,,34.07525172231055,7.631160572337042,54.12029676735559,4.17329093799682,,,,risk_cap_sweep,34.07525172231055,3762.0,0.0,tiered,2.0,,momentum,False,0.0,,0.05,0.3
"tiered cap base 2x, 2x@<=-5%, 3x@<=-30% + momentum + SPX lead",0.1379345854391818,0.21605264174008432,3.144175118671409,-0.7226753194854811,0.19086660595713476,4774.453299153247,1191,10765.506506118421,,37.86433492315845,6.478537360890302,51.72231054583995,3.9348171701112875,,,,risk_cap_sweep,37.86433492315845,3645.0,286.0,tiered,2.0,,momentum,True,0.0,,0.05,0.3
"tiered cap base 2x, 2x@<=-10%, 3x@<=-20% + greedy",0.3377485414577013,0.25006465565783853,3.7632756532035936,-0.34826051870579894,0.9698157652576809,611435.6924233641,1148,783237.6565634552,,34.44621091679915,3.7625861155272924,50.092739798622155,11.698463169051404,,,,risk_cap_sweep,34.44621091679915,3640.0,0.0,tiered,2.0,,greedy,False,0.0,,0.1,0.2
"tiered cap base 2x, 2x@<=-10%, 3x@<=-20% + greedy + SPX lead",0.3363009826780723,0.24887132267428588,3.8110585093905156,-0.34826051870579894,0.9656592252484706,591897.8563997124,1160,771534.6995419569,,34.85691573926868,3.7625861155272924,49.68203497615262,11.698463169051404,,,,risk_cap_sweep,34.85691573926868,3613.0,31.0,tiered,2.0,,greedy,True,0.0,,0.1,0.2
"tiered cap base 2x, 2x@<=-10%, 3x@<=-20% + best_margin",0.3282562628046315,0.23818063621720237,4.070384748484202,-0.3572644594956766,0.9188046951773658,493838.6455727379,1400,769333.2142380942,,34.64493905670376,7.114467408585055,47.68150503444621,10.559088500264972,,,,risk_cap_sweep,34.64493905670376,3315.0,0.0,tiered,2.0,,best_margin,False,0.0,,0.1,0.2
"tiered cap base 2x, 2x@<=-10%, 3x@<=-20% + best_margin + SPX lead",0.33457798541739314,0.23711474349545725,4.11348407497191,-0.3572644594956766,0.9364994936515425,569428.414412021,1402,894050.6174117718,,34.949655537890834,7.114467408585055,47.37678855325914,10.559088500264972,,,,risk_cap_sweep,34.949655537890834,3300.0,23.0,tiered,2.0,,best_margin,True,0.0,,0.1,0.2
"tiered cap base 2x, 2x@<=-10%, 3x@<=-20% + momentum",0.09712908814829158,0.23902263553527228,2.6465828388505854,-0.8218703044077837,0.11818055431298254,1596.6206961178464,1254,4664.058056224274,,34.07525172231055,7.631160572337042,48.0259671436142,10.267620561738209,,,,risk_cap_sweep,34.07525172231055,3302.0,0.0,tiered,2.0,,momentum,False,0.0,,0.1,0.2
"tiered cap base 2x, 2x@<=-10%, 3x@<=-20% + momentum + SPX lead",0.1304810699120107,0.22619435958992842,3.1333301092501618,-0.7807886020038894,0.1671144655251521,3920.263747804121,1223,9487.017210185211,,37.86433492315845,6.478537360890302,45.73396926338103,9.923158452570217,,,,risk_cap_sweep,37.86433492315845,3193.0,286.0,tiered,2.0,,momentum,True,0.0,,0.1,0.2
"tiered cap base 2x, 2x@<=-10%, 3x@<=-25% + greedy",0.33906051721887787,0.24166607165896078,3.7991356892258072,-0.33704333642187106,1.0059849300639545,629681.0166850168,1128,769464.4997866354,,34.44621091679915,3.7625861155272924,53.6036036036036,8.187599364069953,,,,risk_cap_sweep,34.44621091679915,3905.0,0.0,tiered,2.0,,greedy,False,0.0,,0.1,0.25
"tiered cap base 2x, 2x@<=-10%, 3x@<=-25% + greedy + SPX lead",0.3376208431301648,0.24043386003886766,3.849387682842045,-0.33704333642187106,1.001713449416994,609687.3665237314,1141,757862.8757311165,,34.85691573926868,3.7625861155272924,53.192898781134076,8.187599364069953,,,,risk_cap_sweep,34.85691573926868,3878.0,31.0,tiered,2.0,,greedy,True,0.0,,0.1,0.25
"tiered cap base 2x, 2x@<=-10%, 3x@<=-25% + best_margin",0.31701008481987425,0.23141760912331516,4.036968502407323,-0.3173845065603989,0.9988202897974372,382663.53983313177,1372,570020.236893245,,34.64493905670376,7.114467408585055,50.82140964493905,7.419183889772126,,,,risk_cap_sweep,34.64493905670376,3552.0,0.0,tiered,2.0,,best_margin,False,0.0,,0.1,0.25
"tiered cap base 2x, 2x@<=-10%, 3x@<=-25% + best_margin + SPX lead",0.3232704681061953,0.23032399336213363,4.081669814234122,-0.3173845065603989,1.0185452075452093,441158.06182495924,1374,662076.4757528878,,34.949655537890834,7.114467408585055,50.51669316375199,7.419183889772126,,,,risk_cap_sweep,34.949655537890834,3537.0,23.0,tiered,2.0,,best_margin,True,0.0,,0.1,0.25
"tiered cap base 2x, 2x@<=-10%, 3x@<=-25% + momentum",0.10158867831517338,0.23369082652858042,2.639252982916786,-0.8112210283311843,0.12522934535382801,1803.2109796508298,1231,4876.375713697102,,34.07525172231055,7.631160572337042,51.02013778484367,7.273449920508744,,,,risk_cap_sweep,34.07525172231055,3528.0,0.0,tiered,2.0,,momentum,False,0.0,,0.1,0.25
"tiered cap base 2x, 2x@<=-10%, 3x@<=-25% + momentum + SPX lead",0.1355932931980186,0.220641739146774,3.138633994779834,-0.761344221785555,0.1780972250370748,4488.4146841624615,1206,10172.064784415224,,37.86433492315845,6.478537360890302,48.70164281928987,6.955484896661367,,,,risk_cap_sweep,37.86433492315845,3417.0,286.0,tiered,2.0,,momentum,True,0.0,,0.1,0.25
"tiered cap base 2x, 2x@<=-10%, 3x@<=-30% + greedy",0.32451188035609113,0.23646949953029558,3.7804101506839474,-0.30375601600446367,1.0683307103663173,453742.7319823634,1130,556133.7860214455,,34.44621091679915,3.7625861155272924,57.22045574986752,4.5707472178060415,,,,risk_cap_sweep,34.44621091679915,4178.0,0.0,tiered,2.0,,greedy,False,0.0,,0.1,0.3
"tiered cap base 2x, 2x@<=-10%, 3x@<=-30% + greedy + SPX lead",0.3230943543466529,0.23521308419465173,3.8320684459151497,-0.30375601600446367,1.0636640504986905,439400.2882323188,1143,547849.0428833218,,34.85691573926868,3.7625861155272924,56.809750927397985,4.5707472178060415,,,,risk_cap_sweep,34.85691573926868,4151.0,31.0,tiered,2.0,,greedy,True,0.0,,0.1,0.3
"tiered cap base 2x, 2x@<=-10%, 3x@<=-30% + best_margin",0.30249844669260884,0.22676802019216574,4.004767415514283,-0.29210139502226956,1.0355939815677588,274460.75378366356,1367,410530.57600014406,,34.64493905670376,7.114467408585055,54.12029676735559,4.12029676735559,,,,risk_cap_sweep,34.64493905670376,3801.0,0.0,tiered,2.0,,best_margin,False,0.0,,0.1,0.3
"tiered cap base 2x, 2x@<=-10%, 3x@<=-30% + best_margin + SPX lead",0.30867916014987995,0.22565456819361582,4.0505897032355245,-0.2914465580253511,1.0591278285847174,316337.7237750771,1369,476443.71861692076,,34.949655537890834,7.114467408585055,53.81558028616852,4.12029676735559,,,,risk_cap_sweep,34.949655537890834,3786.0,23.0,tiered,2.0,,best_margin,True,0.0,,0.1,0.3
"tiered cap base 2x, 2x@<=-10%, 3x@<=-30% + momentum",0.10312764660961804,0.22934697927672712,2.6316729236335386,-0.777733352464289,0.13260026239437034,1880.326257806375,1210,5075.037584354043,,34.07525172231055,7.631160572337042,54.12029676735559,4.17329093799682,,,,risk_cap_sweep,34.07525172231055,3762.0,0.0,tiered,2.0,,momentum,False,0.0,,0.1,0.3
"tiered cap base 2x, 2x@<=-10%, 3x@<=-30% + momentum + SPX lead",0.1379345854391818,0.21605264174008432,3.144175118671409,-0.7226753194854811,0.19086660595713476,4774.453299153247,1191,10765.506506118421,,37.86433492315845,6.478537360890302,51.72231054583995,3.9348171701112875,,,,risk_cap_sweep,37.86433492315845,3645.0,286.0,tiered,2.0,,momentum,True,0.0,,0.1,0.3
"tiered cap base 2x, 2x@<=-15%, 3x@<=-20% + greedy",0.3377485414577013,0.25006465565783853,3.7632756532035936,-0.34826051870579894,0.9698157652576809,611435.6924233641,1148,783237.6565634552,,34.44621091679915,3.7625861155272924,50.092739798622155,11.698463169051404,,,,risk_cap_sweep,34.44621091679915,3640.0,0.0,tiered,2.0,,greedy,False,0.0,,0.15,0.2
"tiered cap base 2x, 2x@<=-15%, 3x@<=-20% + greedy + SPX lead",0.3363009826780723,0.24887132267428588,3.8110585093905156,-0.34826051870579894,0.9656592252484706,591897.8563997124,1160,771534.6995419569,,34.85691573926868,3.7625861155272924,49.68203497615262,11.698463169051404,,,,risk_cap_sweep,34.85691573926868,3613.0,31.0,tiered,2.0,,greedy,True,0.0,,0.15,0.2
"tiered cap base 2x, 2x@<=-15%, 3x@<=-20% + best_margin",0.3282562628046315,0.23818063621720237,4.070384748484202,-0.3572644594956766,0.9188046951773658,493838.6455727379,1400,769333.2142380942,,34.64493905670376,7.114467408585055,47.68150503444621,10.559088500264972,,,,risk_cap_sweep,34.64493905670376,3315.0,0.0,tiered,2.0,,best_margin,False,0.0,,0.15,0.2
"tiered cap base 2x, 2x@<=-15%, 3x@<=-20% + best_margin + SPX lead",0.33457798541739314,0.23711474349545725,4.11348407497191,-0.3572644594956766,0.9364994936515425,569428.414412021,1402,894050.6174117718,,34.949655537890834,7.114467408585055,47.37678855325914,10.559088500264972,,,,risk_cap_sweep,34.949655537890834,3300.0,23.0,tiered,2.0,,best_margin,True,0.0,,0.15,0.2
"tiered cap base 2x, 2x@<=-15%, 3x@<=-20% + momentum",0.09712908814829158,0.23902263553527228,2.6465828388505854,-0.8218703044077837,0.11818055431298254,1596.6206961178464,1254,4664.058056224274,,34.07525172231055,7.631160572337042,48.0259671436142,10.267620561738209,,,,risk_cap_sweep,34.07525172231055,3302.0,0.0,tiered,2.0,,momentum,False,0.0,,0.15,0.2
"tiered cap base 2x, 2x@<=-15%, 3x@<=-20% + momentum + SPX lead",0.1304810699120107,0.22619435958992842,3.1333301092501618,-0.7807886020038894,0.1671144655251521,3920.263747804121,1223,9487.017210185211,,37.86433492315845,6.478537360890302,45.73396926338103,9.923158452570217,,,,risk_cap_sweep,37.86433492315845,3193.0,286.0,tiered,2.0,,momentum,True,0.0,,0.15,0.2
"tiered cap base 2x, 2x@<=-15%, 3x@<=-25% + greedy",0.33906051721887787,0.24166607165896078,3.7991356892258072,-0.33704333642187106,1.0059849300639545,629681.0166850168,1128,769464.4997866354,,34.44621091679915,3.7625861155272924,53.6036036036036,8.187599364069953,,,,risk_cap_sweep,34.44621091679915,3905.0,0.0,tiered,2.0,,greedy,False,0.0,,0.15,0.25
"tiered cap base 2x, 2x@<=-15%, 3x@<=-25% + greedy + SPX lead",0.3376208431301648,0.24043386003886766,3.849387682842045,-0.33704333642187106,1.001713449416994,609687.3665237314,1141,757862.8757311165,,34.85691573926868,3.7625861155272924,53.192898781134076,8.187599364069953,,,,risk_cap_sweep,34.85691573926868,3878.0,31.0,tiered,2.0,,greedy,True,0.0,,0.15,0.25
"tiered cap base 2x, 2x@<=-15%, 3x@<=-25% + best_margin",0.31701008481987425,0.23141760912331516,4.036968502407323,-0.3173845065603989,0.9988202897974372,382663.53983313177,1372,570020.236893245,,34.64493905670376,7.114467408585055,50.82140964493905,7.419183889772126,,,,risk_cap_sweep,34.64493905670376,3552.0,0.0,tiered,2.0,,best_margin,False,0.0,,0.15,0.25
"tiered cap base 2x, 2x@<=-15%, 3x@<=-25% + best_margin + SPX lead",0.3232704681061953,0.23032399336213363,4.081669814234122,-0.3173845065603989,1.0185452075452093,441158.06182495924,1374,662076.4757528878,,34.949655537890834,7.114467408585055,50.51669316375199,7.419183889772126,,,,risk_cap_sweep,34.949655537890834,3537.0,23.0,tiered,2.0,,best_margin,True,0.0,,0.15,0.25
"tiered cap base 2x, 2x@<=-15%, 3x@<=-25% + momentum",0.10158867831517338,0.23369082652858042,2.639252982916786,-0.8112210283311843,0.12522934535382801,1803.2109796508298,1231,4876.375713697102,,34.07525172231055,7.631160572337042,51.02013778484367,7.273449920508744,,,,risk_cap_sweep,34.07525172231055,3528.0,0.0,tiered,2.0,,momentum,False,0.0,,0.15,0.25
"tiered cap base 2x, 2x@<=-15%, 3x@<=-25% + momentum + SPX lead",0.1355932931980186,0.220641739146774,3.138633994779834,-0.761344221785555,0.1780972250370748,4488.4146841624615,1206,10172.064784415224,,37.86433492315845,6.478537360890302,48.70164281928987,6.955484896661367,,,,risk_cap_sweep,37.86433492315845,3417.0,286.0,tiered,2.0,,momentum,True,0.0,,0.15,0.25
"tiered cap base 2x, 2x@<=-15%, 3x@<=-30% + greedy",0.32451188035609113,0.23646949953029558,3.7804101506839474,-0.30375601600446367,1.0683307103663173,453742.7319823634,1130,556133.7860214455,,34.44621091679915,3.7625861155272924,57.22045574986752,4.5707472178060415,,,,risk_cap_sweep,34.44621091679915,4178.0,0.0,tiered,2.0,,greedy,False,0.0,,0.15,0.3
"tiered cap base 2x, 2x@<=-15%, 3x@<=-30% + greedy + SPX lead",0.3230943543466529,0.23521308419465173,3.8320684459151497,-0.30375601600446367,1.0636640504986905,439400.2882323188,1143,547849.0428833218,,34.85691573926868,3.7625861155272924,56.809750927397985,4.5707472178060415,,,,risk_cap_sweep,34.85691573926868,4151.0,31.0,tiered,2.0,,greedy,True,0.0,,0.15,0.3
"tiered cap base 2x, 2x@<=-15%, 3x@<=-30% + best_margin",0.30249844669260884,0.22676802019216574,4.004767415514283,-0.29210139502226956,1.0355939815677588,274460.75378366356,1367,410530.57600014406,,34.64493905670376,7.114467408585055,54.12029676735559,4.12029676735559,,,,risk_cap_sweep,34.64493905670376,3801.0,0.0,tiered,2.0,,best_margin,False,0.0,,0.15,0.3
"tiered cap base 2x, 2x@<=-15%, 3x@<=-30% + best_margin + SPX lead",0.30867916014987995,0.22565456819361582,4.0505897032355245,-0.2914465580253511,1.0591278285847174,316337.7237750771,1369,476443.71861692076,,34.949655537890834,7.114467408585055,53.81558028616852,4.12029676735559,,,,risk_cap_sweep,34.949655537890834,3786.0,23.0,tiered,2.0,,best_margin,True,0.0,,0.15,0.3
"tiered cap base 2x, 2x@<=-15%, 3x@<=-30% + momentum",0.10312764660961804,0.22934697927672712,2.6316729236335386,-0.777733352464289,0.13260026239437034,1880.326257806375,1210,5075.037584354043,,34.07525172231055,7.631160572337042,54.12029676735559,4.17329093799682,,,,risk_cap_sweep,34.07525172231055,3762.0,0.0,tiered,2.0,,momentum,False,0.0,,0.15,0.3
"tiered cap base 2x, 2x@<=-15%, 3x@<=-30% + momentum + SPX lead",0.1379345854391818,0.21605264174008432,3.144175118671409,-0.7226753194854811,0.19086660595713476,4774.453299153247,1191,10765.506506118421,,37.86433492315845,6.478537360890302,51.72231054583995,3.9348171701112875,,,,risk_cap_sweep,37.86433492315845,3645.0,286.0,tiered,2.0,,momentum,True,0.0,,0.15,0.3
"flat cap 2x, 3x if DD<=-20% + score_blend λ=0.25",0.31355937636581355,0.23937579934845357,3.8754892037828186,-0.34599550892428005,0.9062527353048243,353704.034003867,1177,547571.7858850068,,37.59936406995231,4.186539480657127,47.310545839957605,10.903550609432962,,,,risk_cap_sweep,37.59936406995231,3378.0,0.0,flat,2.0,0.2,score_blend,False,0.0,0.25,,
"flat cap 2x, 3x if DD<=-20% + score_blend λ=0.5",0.2628225830877884,0.22707550369534493,4.007657216924436,-0.48101886289239065,0.5463872695291468,108514.8558791182,1194,197740.4626626051,,41.33545310015898,3.8288288288288284,44.80657127715951,10.029146793852677,,,,risk_cap_sweep,41.33545310015898,3181.0,0.0,flat,2.0,0.2,score_blend,False,0.0,0.5,,
"flat cap 2x, 3x if DD<=-20% + score_blend λ=0.75",0.21148234553694256,0.21258736931829889,4.1417761013868315,-0.5961693916048222,0.3547353294466451,31246.81250033716,1245,76767.01858571034,,45.05829358770535,4.2262851086380495,41.65341812400636,9.062003179650238,,,,risk_cap_sweep,45.05829358770535,2942.0,0.0,flat,2.0,0.2,score_blend,False,0.0,0.75,,
"flat cap 2x, 3x if DD<=-20% + score_blend λ=1.0",0.1800085883756395,0.20102743082241697,4.167133139796757,-0.6911049214624139,0.2604649204273238,14187.145562838872,1233,39937.50212770765,,48.82087970323264,4.425013248542661,38.46051934287228,8.29358770535241,,,,risk_cap_sweep,48.82087970323264,2714.0,0.0,flat,2.0,0.2,score_blend,False,0.0,1.0,,
"flat cap 2x, 3x if DD<=-25% + score_blend λ=0.25",0.31265277803606883,0.2323357452658568,3.891774565699523,-0.30883424121380393,1.0123643570326173,346454.20760591025,1164,509487.77826241934,,37.59936406995231,4.186539480657127,50.63593004769476,7.578166401695813,,,,risk_cap_sweep,37.59936406995231,3629.0,0.0,flat,2.0,0.25,score_blend,False,0.0,0.25,,
"flat cap 2x, 3x if DD<=-25% + score_blend λ=0.5",0.2666371770130691,0.2216572166829788,4.01676638370588,-0.4162865358142729,0.6405135743617465,118790.18261510856,1181,205479.89506894728,,41.33545310015898,3.8288288288288284,47.8404875463699,6.995230524642289,,,,risk_cap_sweep,41.33545310015898,3410.0,0.0,flat,2.0,0.25,score_blend,False,0.0,0.5,,
"flat cap 2x, 3x if DD<=-25% + score_blend λ=0.75",0.21325951797308607,0.20738278050803355,4.14754950729977,-0.5599607191568031,0.38084728209902885,32651.386383898745,1232,76168.80389633858,,45.05829358770535,4.2262851086380495,44.38261791202967,6.33280339162692,,,,risk_cap_sweep,45.05829358770535,3148.0,0.0,flat,2.0,0.25,score_blend,False,0.0,0.75,,
"flat cap 2x, 3x if DD<=-25% + score_blend λ=1.0",0.18456224929090204,0.1963557769010975,4.168685887662555,-0.6363531865977644,0.2900311543620239,15924.644640703431,1219,42745.395707685464,,48.82087970323264,4.425013248542661,40.911499735029146,5.842607313195549,,,,risk_cap_sweep,48.82087970323264,2899.0,0.0,flat,2.0,0.25,score_blend,False,0.0,1.0,,
"flat cap 2x, 3x if DD<=-30% + score_blend λ=0.25",0.30074862396492774,0.2273667636836448,3.879416386249033,-0.2536240276017197,1.1858049365780536,263613.3997167193,1166,389107.24984283873,,37.59936406995231,4.186539480657127,53.987811340752515,4.2262851086380495,,,,risk_cap_sweep,37.59936406995231,3882.0,0.0,flat,2.0,0.3,score_blend,False,0.0,0.25,,
"flat cap 2x, 3x if DD<=-30% + score_blend λ=0.5",0.2605669280279015,0.21675972798935628,3.9978567427692235,-0.4263568228517459,0.6111475507418035,102848.85456649581,1171,178230.2737818053,,41.33545310015898,3.8288288288288284,50.967143614202435,3.8685744568097507,,,,risk_cap_sweep,41.33545310015898,3646.0,0.0,flat,2.0,0.3,score_blend,False,0.0,0.5,,
"flat cap 2x, 3x if DD<=-30% + score_blend λ=0.75",0.20904169373837211,0.2028505145620396,4.127572760261254,-0.5505488601744892,0.37969689678790564,29412.704446254687,1217,68778.31956450925,,45.05829358770535,4.2262851086380495,47.270800211976685,3.4446210916799154,,,,risk_cap_sweep,45.05829358770535,3366.0,0.0,flat,2.0,0.3,score_blend,False,0.0,0.75,,
"flat cap 2x, 3x if DD<=-30% + score_blend λ=1.0",0.18273565405834358,0.19166799262907305,4.15588916694309,-0.6241240765491617,0.292787381426952,15204.303531177466,1208,40838.217925574885,,48.82087970323264,4.425013248542661,43.653948065712775,3.100158982511924,,,,risk_cap_sweep,48.82087970323264,3106.0,0.0,flat,2.0,0.3,score_blend,False,0.0,1.0,,
