strategy,cagr,ann_volatility,sharpe,max_drawdown,calmar,end_$,rebalances,trading_costs_total,funding_costs_total,pct_days_cash,pct_days_1x,pct_days_2x,pct_days_3x,tier2_entries,tier3_entries,lead_only_days,guard_blocked_days,pct_cash,simulation
Guarded A5/B25 SMA20 Lead (max 1x),0.16019400600362244,0.10504634092956049,1.2527405666946554,-0.1555005474549729,1.0301829069123283,419.1269375504613,230,61.61255295243417,0.0,27.53968253968254,72.46031746031746,0.0,0.0,4,0,343,607,27.57936507936508,0
Guarded A5/B25 SMA20 Lead (max 1x),0.12812780515838407,0.11194433685667643,0.7662818254170484,-0.13972884583208703,0.9169746189155245,319.7948733273873,237,38.04533460358818,0.0,29.841269841269842,70.15873015873015,0.0,0.0,3,1,334,645,29.841269841269842,1
Guarded A5/B25 SMA20 Lead (max 1x),0.1300951440046092,0.10989396288096206,0.963259669148145,-0.2743083058686523,0.47426614951609586,325.21787102046045,232,57.06356984018953,0.0,35.11904761904761,64.88095238095238,0.0,0.0,2,1,298,800,35.15873015873016,2
Guarded A5/B25 SMA20 Lead (max 1x),0.13003927314460273,0.10989670174445905,0.8371709984861311,-0.2912723824112955,0.4464524651052527,325.062732096065,238,41.11798252308592,0.0,31.587301587301585,68.41269841269842,0.0,0.0,4,2,277,732,31.626984126984127,3
Guarded A5/B25 SMA20 Lead (max 1x),0.06467378396676704,0.10845211083309976,0.28421304534845704,-0.2396946338520124,0.26981740445093433,182.90704953441775,269,39.050670528933324,0.0,35.476190476190474,64.52380952380953,0.0,0.0,3,4,303,760,35.476190476190474,4
Guarded A5/B25 SMA20 Lead (max 1x),0.13963449453144383,0.11190501466886679,0.820155854096152,-0.18219436622795965,0.7664040190833049,352.70031384737564,236,36.800725377720795,0.0,29.404761904761905,70.5952380952381,0.0,0.0,4,3,306,638,29.444444444444443,5
Guarded A5/B25 SMA20 Lead (max 1x),0.1203676858915479,0.12158328004055231,0.7537009753102716,-0.16863169112632728,0.7137904215250779,299.18556770846243,250,46.7586652328157,0.0,26.984126984126984,73.01587301587301,0.0,0.0,5,2,305,642,27.023809523809526,6
Guarded A5/B25 SMA20 Lead (max 1x),0.13699316408421636,0.10690663925392901,0.9989389068830159,-0.2216479711566061,0.6180664021843151,344.88975761688835,214,49.32828279964704,0.0,31.19047619047619,68.80952380952381,0.0,0.0,3,1,269,726,31.23015873015873,7
Guarded A5/B25 SMA20 Lead (max 1x),0.1047123649107462,0.10567944599885411,0.7285643009303703,-0.1611351014998921,0.6498420513969535,261.1923042128854,250,48.175413831372474,0.0,30.714285714285715,69.28571428571428,0.0,0.0,3,1,329,719,30.753968253968253,8
Guarded A5/B25 SMA20 Lead (max 1x),0.06204907698865747,0.10359469199069166,0.2048138475662421,-0.19697107619691687,0.3150161850495525,178.60141682411563,244,32.08344685423662,0.0,34.166666666666664,65.83333333333333,0.0,0.0,2,2,329,781,34.20634920634921,9
Guarded A5/B25 SMA20 Lead (max 1x),0.04502314121496287,0.10605156686343234,-0.0008802923721969421,-0.22432613258974837,0.2007039514085592,152.80873129701155,262,31.431896752483848,0.0,33.92857142857143,66.07142857142857,0.0,0.0,1,1,350,839,33.96825396825397,10
Guarded A5/B25 SMA20 Lead (max 1x),0.21488384955787265,0.11256672652140691,1.4671656202059853,-0.1499849213914884,1.4327030181719804,653.7384388413279,186,40.229947935274815,0.0,29.404761904761905,70.5952380952381,0.0,0.0,6,3,228,672,29.404761904761905,11
Guarded A5/B25 SMA20 Lead (max 1x),0.18684241465624374,0.11235664524212208,1.2582474642833843,-0.13008606794501862,1.4362984261713054,521.8278377632547,179,35.58103573928755,0.0,33.65079365079365,66.34920634920634,0.0,0.0,2,1,284,805,33.65079365079365,12
Guarded A5/B25 SMA20 Lead (max 1x),0.10488363426360481,0.116593617316081,0.5152231388369426,-0.2394082310547422,0.4380953562102988,261.583371033098,262,35.69948781516198,0.0,30.555555555555557,69.44444444444444,0.0,0.0,3,2,322,709,30.595238095238095,13
Guarded A5/B25 SMA20 Lead (max 1x),0.14419485511610963,0.11028427368460057,1.0321479942938494,-0.14218227123845112,1.014154956592888,366.55947782883464,216,49.13869037563513,0.0,29.20634920634921,70.7936507936508,0.0,0.0,5,2,253,661,29.246031746031747,14
Guarded A5/B25 SMA20 Lead (max 1x),0.14549356650367873,0.09979576550742088,1.0746159955700763,-0.15081606513523144,0.9647086759173819,370.59462288905837,222,41.79586066091537,0.0,32.57936507936508,67.42063492063492,0.0,0.0,4,4,318,766,32.61904761904762,15
Guarded A5/B25 SMA20 Lead (max 1x),0.12462474473735607,0.10863417563201995,0.8234609939304183,-0.17852720843721062,0.6980714358796886,310.33895788860946,220,42.35868123104629,0.0,30.158730158730158,69.84126984126983,0.0,0.0,2,3,300,708,30.1984126984127,16
Guarded A5/B25 SMA20 Lead (max 1x),0.15313345644084775,0.11776543795597089,0.9748468146309242,-0.18084837156911607,0.8467505408657975,395.14868706690874,221,44.739867611943026,0.0,30.833333333333336,69.16666666666667,0.0,0.0,5,2,282,728,30.873015873015873,17
Guarded A5/B25 SMA20 Lead (max 1x),0.09628125657141173,0.11223666281582378,0.5258945480695367,-0.23062357844281248,0.4174822766237083,242.57697175867884,252,38.75862732127888,0.0,29.28571428571429,70.71428571428572,0.0,0.0,3,1,334,696,29.325396825396826,18
Guarded A5/B25 SMA20 Lead (max 1x),0.07448943450382073,0.10766826140678448,0.3194235137945752,-0.1818733034337213,0.40956772158133886,199.84581663729608,216,32.405141343279745,0.0,39.523809523809526,60.476190476190474,0.0,0.0,1,1,297,959,39.56349206349206,19
Guarded A5/B25 SMA20 Lead (max 1x),0.12930261480142335,0.12297811266841387,0.7348236730004166,-0.20674842850851063,0.6254103875623931,323.0234168027623,224,38.46395069848763,0.0,33.17460317460317,66.82539682539682,0.0,0.0,2,1,246,815,33.214285714285715,20
Guarded A5/B25 SMA20 Lead (max 1x),0.12521622353462192,0.11580227467049278,0.7640443181017926,-0.18419186826927333,0.6798140694874006,311.91774990667636,236,40.15997116065559,0.0,32.817460317460316,67.18253968253968,0.0,0.0,4,2,327,768,32.857142857142854,21
Guarded A5/B25 SMA20 Lead (max 1x),0.10076916828763283,0.11680935749064023,0.6089012360497713,-0.24577746588860272,0.41000165708155645,252.33232814341332,256,47.25379111125945,0.0,33.17460317460317,66.82539682539682,0.0,0.0,3,3,304,806,33.214285714285715,22
Guarded A5/B25 SMA20 Lead (max 1x),0.18220245984992411,0.11303385151617328,1.3000386358253795,-0.1261093088995353,1.4447978617904829,502.46879226116965,198,47.84402179158585,0.0,27.500000000000004,72.5,0.0,0.0,3,0,291,624,27.53968253968254,23
Guarded A5/B25 SMA20 Lead (max 1x),0.20831306231915114,0.11816315212634704,1.4193338845644805,-0.191775075317252,1.0862363733897145,620.4021774600783,210,54.04713725091109,0.0,28.49206349206349,71.5079365079365,0.0,0.0,4,0,252,625,28.53174603174603,24
Guarded A5/B25 SMA20 Lead (max 1x),0.12683743277121629,0.11287885332353906,0.7994829754138103,-0.21383857753388802,0.5931457000602043,316.2821057428637,244,40.37336899091087,0.0,29.682539682539684,70.31746031746032,0.0,0.0,4,2,261,661,29.72222222222222,25
Guarded A5/B25 SMA20 Lead (max 1x),0.13384726657622226,0.109775241573484,0.8845095123080827,-0.20972454025781767,0.6382050780117658,335.78970512863725,219,40.910835983273955,0.0,28.92857142857143,71.07142857142857,0.0,0.0,4,1,336,674,28.928571428571427,26
Guarded A5/B25 SMA20 Lead (max 1x),0.12203342310433829,0.11990391348727916,0.7800112277677014,-0.209285318535893,0.583095957031545,303.50622682683667,244,49.731088530729046,0.0,32.420634920634924,67.57936507936509,0.0,0.0,4,2,310,780,32.46031746031746,27
Guarded A5/B25 SMA20 Lead (max 1x),0.12921581515560798,0.12496502855175695,0.8247594115315167,-0.204686007944629,0.6312879734825989,322.7838833684802,236,49.57238796083453,0.0,29.96031746031746,70.03968253968253,0.0,0.0,4,1,310,700,30.0,28
Guarded A5/B25 SMA20 Lead (max 1x),0.10836212896471076,0.11004479066455185,0.6577490200503956,-0.19663195508160605,0.5510911434498954,269.64040433131186,238,37.67621121758515,0.0,30.555555555555557,69.44444444444444,0.0,0.0,3,3,317,653,30.595238095238095,29
Guarded A5/B25 SMA20 Lead (max 1x),0.12715097763020689,0.11902790095327939,0.8843513374564137,-0.15234696103129267,0.8346144666718333,317.1324694111517,233,54.78842697134385,0.0,32.8968253968254,67.1031746031746,0.0,0.0,5,3,265,786,32.8968253968254,30
Guarded A5/B25 SMA20 Lead (max 1x),0.16760303059643422,0.11190317502058701,1.1880819939101588,-0.12364408575280383,1.3555280834985959,445.6834235315212,250,56.319921489910534,0.0,27.579365079365083,72.42063492063492,0.0,0.0,4,0,281,477,27.61904761904762,31
Guarded A5/B25 SMA20 Lead (max 1x),0.07188581257380511,0.11113387683278954,0.44091611372980644,-0.2202485936562181,0.3263848880052797,195.2210255344192,285,47.88521554521535,0.0,33.76984126984127,66.23015873015873,0.0,0.0,3,2,300,745,33.76984126984127,32
Guarded A5/B25 SMA20 Lead (max 1x),0.08855971617390757,0.12451551954681728,0.44237687928179664,-0.2419648007576369,0.36600247596596935,226.58118070897314,240,38.1716936108255,0.0,33.611111111111114,66.38888888888889,0.0,0.0,2,2,281,824,33.65079365079365,33
Guarded A5/B25 SMA20 Lead (max 1x),0.07161454738613049,0.11344335565628172,0.323194372781108,-0.1873527313063283,0.3822444801674025,194.7447418878543,262,37.15664821885054,0.0,35.595238095238095,64.40476190476191,0.0,0.0,2,1,333,802,35.63492063492063,34
Guarded A5/B25 SMA20 Lead (max 1x),0.08622856090472752,0.11405489689171426,0.5244852985293723,-0.2427066028004004,0.3552790072861803,221.9414566066872,232,43.43927702805182,0.0,30.833333333333336,69.16666666666667,0.0,0.0,3,1,316,726,30.873015873015873,35
Guarded A5/B25 SMA20 Lead (max 1x),0.18027834182594216,0.11231487539353237,1.251937533597603,-0.1354665552772733,1.3307959404219585,494.63156678689074,212,43.95905687101307,0.0,31.825396825396822,68.17460317460318,0.0,0.0,6,2,255,705,31.865079365079364,36
Guarded A5/B25 SMA20 Lead (max 1x),0.08252942437013733,0.11774359462296548,0.32640969567544936,-0.16203949493204603,0.5093167218568992,214.7536287375833,221,32.45813757552185,0.0,34.72222222222222,65.27777777777779,0.0,0.0,1,1,251,844,34.72222222222222,37
Guarded A5/B25 SMA20 Lead (max 1x),0.12419968332097997,0.12746900436149947,0.65734449387355,-0.20083304269439925,0.61842255464889,309.20879941854025,216,32.708251466143665,0.0,32.420634920634924,67.57936507936509,0.0,0.0,3,1,256,747,32.46031746031746,38
Guarded A5/B25 SMA20 Lead (max 1x),0.12141139952149649,0.11300543987051173,0.780902725504037,-0.20862441850553834,0.5819615958247638,301.8862963276638,241,43.38787354040993,0.0,31.98412698412698,68.01587301587301,0.0,0.0,2,1,309,784,31.984126984126984,39
Guarded A5/B25 SMA20 Lead (max 1x),0.1250414016540482,0.11538507582227414,0.8232466338083478,-0.357386296775253,0.34987743733409593,311.4503625666243,232,45.824249276841684,0.0,33.29365079365079,66.7063492063492,0.0,0.0,3,4,272,762,33.333333333333336,40
Guarded A5/B25 SMA20 Lead (max 1x),0.08681644353357632,0.1256720810557109,0.502676406930859,-0.2734925397967648,0.31743624011861726,223.1034231837065,278,49.00309122225806,0.0,30.555555555555557,69.44444444444444,0.0,0.0,4,2,353,709,30.595238095238095,41
Guarded A5/B25 SMA20 Lead (max 1x),0.11833278314245299,0.11035243744804504,0.7035434320091002,-0.21425958309423276,0.5522870036128534,293.98221697446024,230,36.70250826650396,0.0,29.92063492063492,70.07936507936508,0.0,0.0,3,1,301,663,29.96031746031746,42
Guarded A5/B25 SMA20 Lead (max 1x),0.13393385402320535,0.11757339733196433,0.8557342852437955,-0.19514143575232945,0.6863424649247337,336.0372649216354,220,40.976490351739166,0.0,31.03174603174603,68.96825396825396,0.0,0.0,3,2,281,684,31.071428571428573,43
Guarded A5/B25 SMA20 Lead (max 1x),0.11607607103929807,0.11467678156815658,0.7632922693283091,-0.1360398658310737,0.85325040810783,288.30667538012506,255,48.247678613178955,0.0,30.555555555555557,69.44444444444444,0.0,0.0,3,0,309,660,30.595238095238095,44
Guarded A5/B25 SMA20 Lead (max 1x),0.12425181096944149,0.11408851376473808,0.8931055228435498,-0.22914361876633563,0.5422442555389013,309.34719828168755,226,54.55201619631966,0.0,32.65873015873016,67.34126984126985,0.0,0.0,5,2,267,771,32.698412698412696,45
Guarded A5/B25 SMA20 Lead (max 1x),0.13406442629443394,0.11071110982796988,0.8934767762132193,-0.17819014819332568,0.7523672192526718,336.4108898943177,256,45.390650402502764,0.0,28.293650793650794,71.7063492063492,0.0,0.0,3,0,333,627,28.333333333333332,46
Guarded A5/B25 SMA20 Lead (max 1x),0.08025205991073792,0.10032758439074221,0.5201056010405204,-0.1676326942127462,0.4787375176878582,210.43293448776242,248,44.58949778710057,0.0,30.317460317460316,69.68253968253968,0.0,0.0,4,2,353,707,30.357142857142858,47
Guarded A5/B25 SMA20 Lead (max 1x),0.16123664852884123,0.11059377041435053,1.1674367653711124,-0.13996566954411196,1.151972830580612,422.7762249364848,228,49.972396939036614,0.0,32.301587301587304,67.6984126984127,0.0,0.0,4,1,257,719,32.34126984126984,48
Guarded A5/B25 SMA20 Lead (max 1x),0.156933573762561,0.1074438178231905,1.2129917982699983,-0.14386363352366474,1.090849507403456,407.89678418091,232,62.796271341557244,0.0,28.293650793650794,71.7063492063492,0.0,0.0,5,1,305,598,28.333333333333332,49
Guarded A5/B25 SMA20 Lead (max 1x),0.18718159563912118,0.11090349618728106,1.3581672249280146,-0.1502743772828927,1.2455988773571849,523.2688626738136,198,47.636487938390545,0.0,23.69047619047619,76.30952380952381,0.0,0.0,4,2,266,486,23.69047619047619,50
Guarded A5/B25 SMA20 Lead (max 1x),0.08305192404293105,0.12104319214498906,0.4096719143287901,-0.15153120399648368,0.548084631102504,215.75607843512512,252,40.72442769304425,0.0,31.46825396825397,68.53174603174604,0.0,0.0,2,0,303,755,31.50793650793651,51
Guarded A5/B25 SMA20 Lead (max 1x),0.11928718113263992,0.10857647943908663,0.7843288552475647,-0.21108524902180398,0.56511377126271,296.41247340580725,212,39.20655791595878,0.0,34.20634920634921,65.7936507936508,0.0,0.0,2,1,292,809,34.24603174603175,52
Guarded A5/B25 SMA20 Lead (max 1x),0.10577880087154279,0.11496794466845557,0.7174973453233421,-0.2551793893708194,0.4145272121402722,263.635897671401,235,50.22299748122055,0.0,36.11111111111111,63.888888888888886,0.0,0.0,2,1,301,823,36.111111111111114,53
Guarded A5/B25 SMA20 Lead (max 1x),0.09226072841796018,0.11076916404950611,0.479407781713152,-0.2070771406904485,0.4455379676884622,234.1261277657555,244,36.50742238224203,0.0,33.76984126984127,66.23015873015873,0.0,0.0,3,2,282,835,33.80952380952381,54
Guarded A5/B25 SMA20 Lead (max 1x),0.20465501152457555,0.12708479111157914,1.3139404199147138,-0.15403855575796666,1.3285960162216794,602.5112801563965,206,58.16252527810778,0.0,29.325396825396826,70.67460317460318,0.0,0.0,3,1,290,637,29.365079365079364,55
Guarded A5/B25 SMA20 Lead (max 1x),0.19015702368051413,0.11928001097079578,1.3492225702957898,-0.14922588513363408,1.2742898024040907,536.0638181766577,210,63.01220931332957,0.0,28.968253968253972,71.03174603174604,0.0,0.0,5,2,268,648,29.00793650793651,56
Guarded A5/B25 SMA20 Lead (max 1x),0.09679813180276176,0.12440738366986145,0.5736380695493604,-0.19436092789598938,0.49803287548906156,243.68300466607295,238,45.03100044387893,0.0,33.37301587301587,66.62698412698413,0.0,0.0,3,1,277,794,33.41269841269841,57
Guarded A5/B25 SMA20 Lead (max 1x),0.08871127899163911,0.1169564960934873,0.4443146505005818,-0.23194768834384777,0.382462440669511,226.88582616874848,234,35.63322552581181,0.0,36.94444444444444,63.05555555555556,0.0,0.0,2,2,271,888,36.98412698412698,58
Guarded A5/B25 SMA20 Lead (max 1x),0.18900376109118522,0.10275311471288325,1.4859228817929244,-0.15182028352643692,1.244917719168094,531.071644037452,204,59.35997999455985,0.0,28.53174603174603,71.46825396825398,0.0,0.0,5,0,251,579,28.571428571428573,59
Guarded A5/B25 SMA20 Lead (max 1x),0.14382597376904682,0.11025728674376897,0.9863371647944921,-0.16413958218133487,0.8762418659635286,365.42055445613386,226,45.2406968447609,0.0,33.25396825396825,66.74603174603175,0.0,0.0,4,2,279,756,33.29365079365079,60
Guarded A5/B25 SMA20 Lead (max 1x),0.13211309880087074,0.12705281136091093,0.7729748230761473,-0.2603880918692155,0.5073699716929715,330.8658936357132,230,42.07722121071632,0.0,30.277777777777775,69.72222222222221,0.0,0.0,5,2,318,708,30.317460317460316,61
Guarded A5/B25 SMA20 Lead (max 1x),0.09480351118844776,0.11238450308242696,0.5748554686756915,-0.3334859040331052,0.2842804149798086,239.43960540012898,249,42.226164811767795,0.0,31.746031746031743,68.25396825396825,0.0,0.0,4,2,393,737,31.746031746031747,62
Guarded A5/B25 SMA20 Lead (max 1x),0.12991797995965992,0.10741592307957729,0.8248205103513054,-0.14804120081509947,0.8775798848181792,324.7261606124747,217,38.94445276624277,0.0,31.706349206349206,68.2936507936508,0.0,0.0,2,1,298,763,31.706349206349206,63
Guarded A5/B25 SMA20 Lead (max 1x),0.13145322991643482,0.10818114159735184,0.8932823100145995,-0.1434140728334975,0.9165992382703676,329.0093974777464,244,44.92609611718047,0.0,31.26984126984127,68.73015873015873,0.0,0.0,4,1,367,741,31.30952380952381,64
Guarded A5/B25 SMA20 Lead (max 1x),0.04813629167634992,0.10456322040319818,0.12127580578553841,-0.2071612737125583,0.23236143905515994,157.2590783024597,261,36.899976100191935,0.0,34.32539682539682,65.67460317460318,0.0,0.0,1,1,345,821,34.32539682539682,65
Guarded A5/B25 SMA20 Lead (max 1x),0.1296433157834631,0.11641304896061178,0.8192881563046541,-0.22441301965353277,0.5776996182468249,323.96516057309805,214,44.950485726822706,0.0,31.825396825396822,68.17460317460318,0.0,0.0,3,1,305,763,31.865079365079364,66
Guarded A5/B25 SMA20 Lead (max 1x),0.18791771055756135,0.1152342272692272,1.3760051972236367,-0.174795563087906,1.0750713990552272,526.4085566289109,212,58.53110788096165,0.0,32.976190476190474,67.02380952380952,0.0,0.0,4,3,275,726,33.01587301587302,67
Guarded A5/B25 SMA20 Lead (max 1x),0.14240638185203514,0.1108624062204669,0.9960160726881135,-0.1299909474645373,1.0955099922699223,361.0670886586704,208,46.15988560544284,0.0,34.20634920634921,65.7936507936508,0.0,0.0,1,2,297,749,34.24603174603175,68
Guarded A5/B25 SMA20 Lead (max 1x),0.18122945612976005,0.1024452036491226,1.4160150724874208,-0.13969268367074433,1.297343936472134,498.491797496154,208,53.683142267386884,0.0,27.023809523809522,72.97619047619047,0.0,0.0,5,3,343,616,27.063492063492063,69
Guarded A5/B25 SMA20 Lead (max 1x),0.18461036842530976,0.10761588519658326,1.3647596639883834,-0.10910335749037105,1.6920686280585142,512.4332876967554,208,52.48551000642838,0.0,31.23015873015873,68.76984126984127,0.0,0.0,4,0,285,628,31.26984126984127,70
Guarded A5/B25 SMA20 Lead (max 1x),0.13093336891581142,0.12819638648465057,0.774690803919343,-0.25057197759550964,0.522537955649506,327.5533857515403,228,44.569568225086236,0.0,29.92063492063492,70.07936507936508,0.0,0.0,4,2,317,696,29.96031746031746,71
Guarded A5/B25 SMA20 Lead (max 1x),0.10892978611897797,0.10844257449301468,0.7526687443222325,-0.18971351335564182,0.5741804270672874,270.9761402269932,251,49.624874845147545,0.0,32.301587301587304,67.6984126984127,0.0,0.0,4,1,341,699,32.301587301587304,72
Guarded A5/B25 SMA20 Lead (max 1x),0.0393818267746755,0.10734924242815265,0.08299516480949963,-0.2876475594207734,0.13690999796409678,145.03101548530844,274,39.544458663549946,0.0,36.19047619047619,63.8095238095238,0.0,0.0,1,1,328,793,36.23015873015873,73
Guarded A5/B25 SMA20 Lead (max 1x),0.10564200700375981,0.10946230674980374,0.7377848827481257,-0.15314815786120925,0.6898026622004689,263.3213116407256,242,48.82024594217336,0.0,30.912698412698415,69.08730158730158,0.0,0.0,4,1,303,699,30.952380952380953,74
Guarded A5/B25 SMA20 Lead (max 1x),0.18522594861862118,0.11428015447020319,1.3312914611842592,-0.1816564905499656,1.0196494937111744,515.00896651327,216,52.82368854166997,0.0,32.10317460317461,67.8968253968254,0.0,0.0,3,1,273,718,32.142857142857146,75
Guarded A5/B25 SMA20 Lead (max 1x),0.1518963121536867,0.12117281564434777,1.005827167181594,-0.22833570614837562,0.6652324102783226,391.07623784840564,217,47.38617739908486,0.0,31.349206349206348,68.65079365079364,0.0,0.0,5,2,285,748,31.349206349206348,76
Guarded A5/B25 SMA20 Lead (max 1x),0.06765057046004719,0.12422451361942284,0.3174752095120579,-0.24183199200557595,0.27974202213281757,187.90265827471714,240,40.30835359899336,0.0,31.944444444444443,68.05555555555556,0.0,0.0,4,2,288,790,31.984126984126984,77
Guarded A5/B25 SMA20 Lead (max 1x),0.13366056481847943,0.100291949652555,1.0200065525947617,-0.17253903187939304,0.7746685683962216,335.2564674600003,213,48.91559045572397,0.0,32.06349206349206,67.93650793650794,0.0,0.0,5,2,298,665,32.1031746031746,78
Guarded A5/B25 SMA20 Lead (max 1x),0.18383872584615957,0.13328089224712825,1.1046551034692957,-0.1936235533361878,0.9494646838081786,509.22093262330367,199,44.357904635493796,0.0,28.373015873015873,71.62698412698413,0.0,0.0,5,2,250,687,28.373015873015873,79
Guarded A5/B25 SMA20 Lead (max 1x),0.2498095405698635,0.11152360541951276,1.832262904379742,-0.13164141771561844,1.8976515515012198,859.4052208750388,182,61.625467972947874,0.0,26.071428571428573,73.92857142857143,0.0,0.0,5,0,229,531,26.11111111111111,80
Guarded A5/B25 SMA20 Lead (max 1x),0.2017615155769905,0.12456504801616718,1.2934490702405896,-0.12205737967199735,1.6530054644723708,588.6887865310416,174,41.335740245100794,0.0,28.888888888888886,71.11111111111111,0.0,0.0,6,3,210,686,28.928571428571427,81
Guarded A5/B25 SMA20 Lead (max 1x),0.13437284834502572,0.11036814715716278,0.7821060926149266,-0.24714467187907585,0.5437011743905704,337.2949007042346,240,35.359550793563855,0.0,32.142857142857146,67.85714285714286,0.0,0.0,3,1,352,750,32.182539682539684,82
Guarded A5/B25 SMA20 Lead (max 1x),0.12514847277445695,0.11461232458886116,0.8142216440133705,-0.17939037166325428,0.6976320502272082,311.7365432834738,230,47.53997711774034,0.0,31.11111111111111,68.88888888888889,0.0,0.0,4,6,333,745,31.150793650793652,83
Guarded A5/B25 SMA20 Lead (max 1x),0.17086691207743399,0.10858590097204718,1.2216948405116699,-0.17308034421427182,0.9872115337712893,457.8534460018245,236,57.864294728047014,0.0,28.293650793650794,71.7063492063492,0.0,0.0,6,2,335,601,28.333333333333332,84
Guarded A5/B25 SMA20 Lead (max 1x),0.11590008972748711,0.10683755217416474,0.7949305888391829,-0.1601875764810129,0.7235273313547184,287.86824548091965,241,44.234588222891254,0.0,33.29365079365079,66.7063492063492,0.0,0.0,2,1,337,746,33.29365079365079,85
Guarded A5/B25 SMA20 Lead (max 1x),0.11478942794270308,0.12763138508594535,0.5827393569028171,-0.20034624703894155,0.572955219472573,285.1149666832039,236,38.342022929801146,0.0,34.32539682539682,65.67460317460318,0.0,0.0,3,1,323,749,34.36507936507937,86
Guarded A5/B25 SMA20 Lead (max 1x),0.0884482187625355,0.12441846110201796,0.45599250377756745,-0.23495107158234102,0.3764537789372793,226.35730196839003,244,39.434374907808035,0.0,32.10317460317461,67.8968253968254,0.0,0.0,3,1,306,758,32.142857142857146,87
Guarded A5/B25 SMA20 Lead (max 1x),0.09449762010352014,0.1126112762945211,0.6003922413021218,-0.17166145592130297,0.5504882828609,238.79473756574313,231,47.54218426156409,0.0,28.809523809523807,71.19047619047619,0.0,0.0,4,0,322,652,28.80952380952381,88
Guarded A5/B25 SMA20 Lead (max 1x),0.10597282136486896,0.11129857091340609,0.7020287134524306,-0.3474654388750506,0.30498809236384816,264.08266603852496,216,43.81778826509925,0.0,30.436507936507933,69.56349206349206,0.0,0.0,4,2,330,722,30.476190476190474,89
Guarded A5/B25 SMA20 Lead (max 1x),0.08390273310412044,0.11060082173735059,0.43437074625304717,-0.2522056813232183,0.3326758250009187,217.39738958188198,260,38.77352675317459,0.0,34.56349206349206,65.43650793650794,0.0,0.0,3,2,283,833,34.6031746031746,90
Guarded A5/B25 SMA20 Lead (max 1x),0.1691563009723891,0.11442134550458731,1.211513461219651,-0.2100321772470226,0.8053827903399836,451.43845263171295,208,55.45897626279787,0.0,27.460317460317462,72.53968253968253,0.0,0.0,4,0,310,629,27.5,91
Guarded A5/B25 SMA20 Lead (max 1x),0.1304850879000925,0.11946049787869285,0.9075780468530502,-0.16542953258956528,0.7887653785725744,326.3024937350432,228,56.92832088286451,0.0,33.730158730158735,66.26984126984127,0.0,0.0,2,1,310,753,33.76984126984127,92
Guarded A5/B25 SMA20 Lead (max 1x),0.09004272864289042,0.10827074064748743,0.49656501346480625,-0.18971066439834666,0.474631876539225,229.5778985621833,248,39.885392573053714,0.0,32.420634920634924,67.57936507936509,0.0,0.0,3,1,331,763,32.46031746031746,93
Guarded A5/B25 SMA20 Lead (max 1x),0.09296327683191774,0.11210223459069608,0.5257389229043179,-0.1846100625143588,0.5035655996524412,235.58352283622003,230,38.241869252075496,0.0,30.873015873015873,69.12698412698413,0.0,0.0,2,1,318,753,30.91269841269841,94
Guarded A5/B25 SMA20 Lead (max 1x),0.15825253857658628,0.1100092410450707,1.0431059161933356,-0.1416661636855812,1.1170807090380275,412.4068878490071,200,40.5048588813067,0.0,31.150793650793652,68.84920634920636,0.0,0.0,6,3,289,708,31.19047619047619,95
Guarded A5/B25 SMA20 Lead (max 1x),0.14656051334974962,0.113278842933811,1.1103977809613128,-0.2066784176740368,0.7091234537168645,373.93941002528686,242,63.537352947040866,0.0,31.547619047619047,68.45238095238095,0.0,0.0,3,1,278,717,31.58730158730159,96
Guarded A5/B25 SMA20 Lead (max 1x),0.23273835744454408,0.12157067646463901,1.599225916483008,-0.19350741721428266,1.2027361059076025,752.5818362005863,220,58.56417925044981,0.0,27.77777777777778,72.22222222222221,0.0,0.0,6,2,307,425,27.817460317460316,97
Guarded A5/B25 SMA20 Lead (max 1x),0.161742793816829,0.11292031385543391,1.2185095447271097,-0.1574559342400715,1.027225773340631,424.5579998645283,212,64.63061131061781,0.0,30.119047619047617,69.88095238095238,0.0,0.0,5,2,335,618,30.158730158730158,98
Guarded A5/B25 SMA20 Lead (max 1x),0.16920458206424072,0.09387208170684588,1.4227580636720727,-0.11724554142062292,1.4431643200589839,451.6184016699548,201,51.29584485143487,0.0,30.476190476190478,69.52380952380952,0.0,0.0,3,2,306,613,30.476190476190474,99
Guarded A5/B25 SMA20 Lead (max 1x),0.08181674458811039,0.1122953713723008,0.4447788324260178,-0.18767390441332854,0.43595163026991296,213.39303730561502,251,43.57945962904905,0.0,32.857142857142854,67.14285714285714,0.0,0.0,5,3,308,771,32.857142857142854,100
Guarded A5/B25 SMA20 Lead (max 1x),0.17660133412940504,0.1252101473077021,1.1522425678790487,-0.1496505992393725,1.1800910589534206,479.9586781922382,238,51.392017080702864,0.0,23.53174603174603,76.46825396825396,0.0,0.0,6,0,296,490,23.571428571428573,101
Guarded A5/B25 SMA20 Lead (max 1x),0.13956080444687613,0.11069278435882256,0.9965856963940471,-0.19573648788912987,0.7130035179027373,352.4802763244465,222,48.99922420992025,0.0,29.563492063492063,70.43650793650794,0.0,0.0,5,2,324,658,29.603174603174605,102
Guarded A5/B25 SMA20 Lead (max 1x),0.15249479112935926,0.10981847482180952,1.0612347247080531,-0.12106770696078482,1.2595827158001267,393.04159750942705,222,43.18095150690617,0.0,32.77777777777778,67.22222222222223,0.0,0.0,3,2,273,707,32.817460317460316,103
Guarded A5/B25 SMA20 Lead (max 1x),0.12089556816570535,0.1089322819323222,0.770933207621365,-0.23110685859002894,0.5231154492916523,300.54880452030795,250,42.03850024083463,0.0,32.10317460317461,67.8968253968254,0.0,0.0,4,2,278,777,32.142857142857146,104
Guarded A5/B25 SMA20 Lead (max 1x),0.19943199939452438,0.11360526504468686,1.3094260826067168,-0.1755377261599612,1.1361204440622024,577.767759616569,184,35.24038391460133,0.0,31.150793650793652,68.84920634920636,0.0,0.0,4,5,262,755,31.19047619047619,105
Guarded A5/B25 SMA20 Lead (max 1x),0.1372944107341172,0.12410346896704318,0.8697533497656569,-0.1742337513926967,0.7879897530569505,345.7726572426336,244,53.30596939829429,0.0,30.436507936507933,69.56349206349206,0.0,0.0,4,2,304,638,30.476190476190474,106
Guarded A5/B25 SMA20 Lead (max 1x),0.14329531296002074,0.10828589648400352,0.9520381283157793,-0.15372368383820934,0.9321615861797573,363.78769963314807,202,36.91722445750823,0.0,30.158730158730158,69.84126984126983,0.0,0.0,2,2,282,733,30.1984126984127,107
Guarded A5/B25 SMA20 Lead (max 1x),0.16817504303437514,0.11242464330443086,1.1540275421523847,-0.14840339448922343,1.1332290855825906,447.7950938064255,202,41.44807716992025,0.0,32.10317460317461,67.8968253968254,0.0,0.0,5,3,302,767,32.142857142857146,108
Guarded A5/B25 SMA20 Lead (max 1x),0.13750104334028967,0.11265290344135656,0.9407562009756425,-0.17916127132725676,0.7674707950086471,346.37943104512675,222,47.219433217627945,0.0,33.80952380952381,66.19047619047619,0.0,0.0,4,3,298,794,33.84920634920635,109
Guarded A5/B25 SMA20 Lead (max 1x),0.0780585346004703,0.11769674178449037,0.36943892332753203,-0.23505375543212761,0.33208801304606217,206.34514338262824,260,37.99310691063442,0.0,32.976190476190474,67.02380952380952,0.0,0.0,2,1,350,792,33.01587301587302,110
Guarded A5/B25 SMA20 Lead (max 1x),0.14959973638997948,0.11959235087894358,1.0386898603192347,-0.20322206953393768,0.7361392231319474,383.6159542393274,232,56.453357245092526,0.0,30.634920634920636,69.36507936507937,0.0,0.0,6,2,313,688,30.674603174603174,111
Guarded A5/B25 SMA20 Lead (max 1x),0.19308700501479237,0.10398645804810258,1.5187053717277192,-0.12989208246278866,1.4865186649856639,548.936677203601,217,59.29977996967776,0.0,26.031746031746035,73.96825396825398,0.0,0.0,4,0,267,538,26.03174603174603,112
Guarded A5/B25 SMA20 Lead (max 1x),0.12048104364949586,0.12158310537058374,0.7948426532270221,-0.21639761208008892,0.5567577317115021,299.47784177680995,248,51.2494776115178,0.0,29.563492063492063,70.43650793650794,0.0,0.0,4,1,305,660,29.603174603174605,113
Guarded A5/B25 SMA20 Lead (max 1x),0.11339363503013788,0.1103126344170858,0.6743611455839796,-0.24754013178713874,0.45808182378946843,281.6883449770533,230,37.10987195335225,0.0,34.960317460317455,65.03968253968254,0.0,0.0,3,2,278,872,35.0,114
Guarded A5/B25 SMA20 Lead (max 1x),0.17666519208782172,0.11479094033440733,1.2647921590371052,-0.2007760072027408,0.8799118706919382,480.21013326092486,201,54.061197179107175,0.0,29.72222222222222,70.27777777777777,0.0,0.0,7,5,252,703,29.72222222222222,115
Guarded A5/B25 SMA20 Lead (max 1x),0.12449710183361518,0.11238652031661107,0.7565617303717953,-0.12036281927470695,1.034348502168867,309.9991910143408,196,33.805968776733636,0.0,31.825396825396822,68.17460317460318,0.0,0.0,3,2,278,774,31.865079365079364,116
Guarded A5/B25 SMA20 Lead (max 1x),0.13840351190697175,0.12524225116608328,0.8167258393792244,-0.2409548995026984,0.5743959230238512,349.0407204797462,221,40.34556337994979,0.0,31.547619047619047,68.45238095238095,0.0,0.0,3,1,280,719,31.547619047619047,117
Guarded A5/B25 SMA20 Lead (max 1x),0.07843445395182846,0.10987113649896801,0.2793832290215506,-0.2658224462921145,0.29506332157381543,207.04060092164718,258,31.497889048096436,0.0,31.98412698412698,68.01587301587301,0.0,0.0,2,1,355,743,32.023809523809526,118
Guarded A5/B25 SMA20 Lead (max 1x),0.11821236237792743,0.1210528496781898,0.6308352469268231,-0.18091295127129875,0.6534212257731348,293.67685285022736,238,37.34912893500301,0.0,27.65873015873016,72.34126984126983,0.0,0.0,4,3,314,621,27.6984126984127,119
Guarded A5/B25 SMA20 Lead (max 1x),0.11092063941225838,0.11448822999122979,0.7354130364868592,-0.1847883690505704,0.6002576892807746,275.7077617566381,248,48.65211243570344,0.0,31.666666666666664,68.33333333333333,0.0,0.0,5,3,303,737,31.706349206349206,120
Guarded A5/B25 SMA20 Lead (max 1x),0.11522084199169647,0.10395884763348265,0.7803087523872356,-0.17959767778335373,0.6415497316768529,286.18160562820134,236,42.89281142288755,0.0,32.46031746031746,67.53968253968254,0.0,0.0,2,0,274,755,32.5,121
Guarded A5/B25 SMA20 Lead (max 1x),0.10405477470084867,0.11572050685414745,0.508833436771522,-0.2593058970844237,0.4012819448798381,259.6956638739524,236,32.723432889936674,0.0,32.61904761904762,67.38095238095238,0.0,0.0,3,2,309,773,32.65873015873016,122
Guarded A5/B25 SMA20 Lead (max 1x),0.11191253052280636,0.1200882944924565,0.7561491182363732,-0.271857509588412,0.4116587792341664,278.0926974947717,234,56.83976506577805,0.0,29.444444444444446,70.55555555555556,0.0,0.0,4,2,337,710,29.484126984126984,123
Guarded A5/B25 SMA20 Lead (max 1x),0.11117925871145662,0.10699754410039862,0.7906013254531065,-0.2740227365068215,0.4057300504649508,276.3278209331244,231,49.29928794322317,0.0,30.476190476190478,69.52380952380952,0.0,0.0,5,2,287,675,30.476190476190474,124
Guarded A5/B25 SMA20 Lead (max 1x),0.08867693713649483,0.11333546682893987,0.4874610135929951,-0.18143281514264845,0.48875908730608686,226.81676593599906,263,40.04830777376759,0.0,33.33333333333333,66.66666666666666,0.0,0.0,5,4,354,811,33.37301587301587,125
Guarded A5/B25 SMA20 Lead (max 1x),0.17987138716016005,0.12015266853633715,1.307735314223142,-0.1856226020556229,0.9690166238821528,492.9880857406492,232,76.6394838276896,0.0,28.373015873015873,71.62698412698413,0.0,0.0,3,1,294,624,28.41269841269841,126
Guarded A5/B25 SMA20 Lead (max 1x),0.2292475283093931,0.1130787653708636,1.5878137852880365,-0.12587397206051268,1.8212464781772724,732.2645064931695,188,46.21953214412385,0.0,25.357142857142854,74.64285714285714,0.0,0.0,5,0,298,544,25.396825396825395,127
Guarded A5/B25 SMA20 Lead (max 1x),0.20730501760406495,0.10581035846700364,1.573403317431039,-0.15575922673743453,1.330932503623184,615.4250831473356,204,48.97012321302733,0.0,26.785714285714285,73.21428571428571,0.0,0.0,5,1,280,513,26.825396825396826,128
Guarded A5/B25 SMA20 Lead (max 1x),0.110908846868367,0.11232152178439629,0.6954323637488956,-0.1778753444533646,0.6235200679959617,275.6795180030049,234,42.03932538338637,0.0,32.261904761904766,67.73809523809524,0.0,0.0,3,3,313,793,32.301587301587304,129
Guarded A5/B25 SMA20 Lead (max 1x),0.11799195445558741,0.10557836617163595,0.8214551143129196,-0.16054983068930007,0.7349241911312152,293.11867669112075,216,43.08813475223573,0.0,34.12698412698413,65.87301587301587,0.0,0.0,1,2,296,849,34.166666666666664,130
Guarded A5/B25 SMA20 Lead (max 1x),0.1858432396451053,0.10966287269419157,1.3745798325229777,-0.233650139375576,0.795391092604381,517.6034509665914,196,52.90577933229875,0.0,29.20634920634921,70.7936507936508,0.0,0.0,5,2,254,673,29.206349206349206,131
Guarded A5/B25 SMA20 Lead (max 1x),0.15470744045396567,0.12735739544667632,0.9430644119908231,-0.15836631999583314,0.9768961004968497,400.3848801589124,225,46.96520794555868,0.0,30.317460317460316,69.68253968253968,0.0,0.0,4,0,293,660,30.317460317460316,132
Guarded A5/B25 SMA20 Lead (max 1x),0.1682453284508998,0.11370104796117902,1.2192178521011385,-0.1342258486135324,1.2534495418637093,448.05518075201593,216,57.42504658981657,0.0,31.30952380952381,68.69047619047619,0.0,0.0,3,3,320,761,31.349206349206348,133
Guarded A5/B25 SMA20 Lead (max 1x),0.13021907020410195,0.11601031028285674,0.8901932210589757,-0.2510369899691596,0.5187246318564434,325.56221891289425,232,54.707489248028686,0.0,25.0,75.0,0.0,0.0,4,0,344,592,25.03968253968254,134
Guarded A5/B25 SMA20 Lead (max 1x),0.12433869958665555,0.12159489900631489,0.7126035165494367,-0.18069983108528861,0.6880952729168234,309.5780109071733,250,41.202879856209854,0.0,31.38888888888889,68.61111111111111,0.0,0.0,4,1,302,737,31.428571428571427,135
Guarded A5/B25 SMA20 Lead (max 1x),0.11624211432910125,0.10738605135058428,0.7416768957665109,-0.1517101323322765,0.7662119368171602,288.7208949557219,240,38.91532797922473,0.0,32.93650793650794,67.06349206349206,0.0,0.0,3,1,289,745,32.976190476190474,136
Guarded A5/B25 SMA20 Lead (max 1x),0.10680708633556235,0.10622543958413908,0.6739447968218756,-0.13321609409303978,0.8017581288711779,266.01145975129316,217,38.35032895363217,0.0,35.0,65.0,0.0,0.0,1,2,294,853,35.0,137
Guarded A5/B25 SMA20 Lead (max 1x),0.15125268065833786,0.11005155784856027,1.0491417650991282,-0.1889283950019096,0.800582044095643,388.972436099616,225,48.50720544145416,0.0,33.88888888888889,66.11111111111111,0.0,0.0,5,3,292,786,33.888888888888886,138
Guarded A5/B25 SMA20 Lead (max 1x),0.1234481443313411,0.11425014706726652,0.8924638375094411,-0.15453541391280684,0.7988340096658618,307.21962295369605,237,58.840268705228446,0.0,32.73809523809524,67.26190476190477,0.0,0.0,4,2,325,776,32.77777777777778,139
Guarded A5/B25 SMA20 Lead (max 1x),0.10751663024140079,0.11212795945603309,0.6853902895180523,-0.2010748808274065,0.5347094067592071,267.66182912653045,241,42.84440992930643,0.0,31.38888888888889,68.61111111111111,0.0,0.0,3,3,342,663,31.38888888888889,140
Guarded A5/B25 SMA20 Lead (max 1x),0.04824834847013615,0.10310733884541128,0.2051413504670953,-0.291210426996042,0.16568207727943726,157.42141095995584,272,44.169752573799705,0.0,37.182539682539684,62.817460317460316,0.0,0.0,2,1,308,877,37.22222222222222,141
Guarded A5/B25 SMA20 Lead (max 1x),0.12458866031616611,0.10859968588448214,0.889089387752035,-0.1746878709342681,0.713207274493869,310.2428725711028,218,50.59738001282733,0.0,33.730158730158735,66.26984126984127,0.0,0.0,4,1,348,751,33.76984126984127,142
Guarded A5/B25 SMA20 Lead (max 1x),0.14114704652699706,0.11363329674519175,0.9772451221356567,-0.1581447792791683,0.8925179014467138,357.244059107908,234,50.388392593117395,0.0,30.277777777777775,69.72222222222221,0.0,0.0,4,1,297,716,30.317460317460316,143
Guarded A5/B25 SMA20 Lead (max 1x),0.11197699055896404,0.11634882934639586,0.6601747829044499,-0.13986060542295975,0.800632817370757,278.248325340743,236,40.73953424661879,0.0,30.674603174603178,69.32539682539682,0.0,0.0,2,0,336,738,30.714285714285715,144
Guarded A5/B25 SMA20 Lead (max 1x),0.15210694923813528,0.12235534122921496,0.8933886934644598,-0.22361685873096915,0.6802123511677328,391.7669471518612,224,37.78445932876318,0.0,27.8968253968254,72.10317460317461,0.0,0.0,5,3,295,605,27.936507936507937,145
Guarded A5/B25 SMA20 Lead (max 1x),0.1671154206129366,0.11101480516960774,1.1577723543361178,-0.10080790908182945,1.6577610044196327,443.8903901360779,204,48.63310737974008,0.0,27.857142857142858,72.14285714285714,0.0,0.0,4,1,302,621,27.896825396825395,146
Guarded A5/B25 SMA20 Lead (max 1x),0.16858158293806258,0.11133280183386193,1.1691895157744217,-0.15532809210780285,1.0853257813857737,449.30134471761016,237,48.97092351336866,0.0,26.42857142857143,73.57142857142858,0.0,0.0,4,1,317,586,26.46825396825397,147
Guarded A5/B25 SMA20 Lead (max 1x),0.09813621778034864,0.101641263091094,0.678901747657634,-0.20942183789947652,0.468605465240232,246.56733052341323,228,43.70948014598825,0.0,29.563492063492063,70.43650793650794,0.0,0.0,3,1,386,652,29.603174603174605,148
Guarded A5/B25 SMA20 Lead (max 1x),0.22777253187479918,0.113728968669894,1.6761223547529422,-0.17781674296441305,1.2809397364813049,723.8285276435851,201,72.86185260912961,0.0,27.26190476190476,72.73809523809524,0.0,0.0,7,2,248,586,27.261904761904763,149
Guarded A5/B25 SMA20 Lead (max 1x),0.13720905192661514,0.11674321342361461,0.9794547182303749,-0.21078988276602473,0.6509280717183007,345.5222804963198,226,57.175436070196994,0.0,28.253968253968253,71.74603174603175,0.0,0.0,4,1,291,672,28.293650793650794,150
Guarded A5/B25 SMA20 Lead (max 1x),0.15040074436668371,0.10611969398887051,1.0898196532950652,-0.15344829288485798,0.9801395736578117,386.2033627221157,210,46.10958902003602,0.0,29.444444444444446,70.55555555555556,0.0,0.0,5,3,306,710,29.484126984126984,151
Guarded A5/B25 SMA20 Lead (max 1x),0.12019884302608763,0.11739775959716417,0.7650278360022733,-0.1856928180485712,0.6472993640208935,298.7507085775161,240,49.899631853310034,0.0,32.57936507936508,67.42063492063492,0.0,0.0,4,1,294,779,32.61904761904762,152
Guarded A5/B25 SMA20 Lead (max 1x),0.1394394699114443,0.11081657588970538,0.9991468048905777,-0.1496882344122436,0.931532598129429,352.1182412578294,220,52.54245283932002,0.0,30.5952380952381,69.4047619047619,0.0,0.0,4,1,318,689,30.634920634920636,153
Guarded A5/B25 SMA20 Lead (max 1x),0.10790671985299127,0.11338951933896003,0.6852058070101609,-0.2296891393256011,0.46979461096776387,268.5730658443654,244,42.99715140356109,0.0,33.80952380952381,66.19047619047619,0.0,0.0,4,2,323,791,33.84920634920635,154
Guarded A5/B25 SMA20 Lead (max 1x),0.14443371179364783,0.11440263698098999,1.033689087439628,-0.14938478458130755,0.9668569138313753,367.29864544189644,226,54.91019635916546,0.0,30.238095238095237,69.76190476190476,0.0,0.0,4,1,326,639,30.27777777777778,155
Guarded A5/B25 SMA20 Lead (max 1x),0.11303936118843483,0.10664190424785008,0.7858921272416335,-0.1814084869901173,0.6231205775647803,280.82451062965646,219,45.54412065627904,0.0,30.436507936507933,69.56349206349206,0.0,0.0,4,1,304,703,30.436507936507937,156
Guarded A5/B25 SMA20 Lead (max 1x),0.126755883173721,0.11438531564826858,0.8080447695030831,-0.13353810229465074,0.9492113561269215,316.0612706292496,231,42.712133433415524,0.0,34.960317460317455,65.03968253968254,0.0,0.0,2,2,291,862,34.96031746031746,157
Guarded A5/B25 SMA20 Lead (max 1x),0.14777591716461824,0.11320385054514084,1.0210700683369622,-0.19827599548150865,0.7453041242120503,377.7825471758025,215,54.92935251865596,0.0,31.706349206349206,68.2936507936508,0.0,0.0,2,0,303,751,31.706349206349206,158
Guarded A5/B25 SMA20 Lead (max 1x),0.11008199068846558,0.11106419883987285,0.6380304910444261,-0.23512005557115273,0.46819481401131363,273.7056088739625,258,40.40187026647261,0.0,33.41269841269841,66.58730158730158,0.0,0.0,3,2,275,812,33.45238095238095,159
Guarded A5/B25 SMA20 Lead (max 1x),0.10359891859821646,0.11166172652055163,0.6137794738234572,-0.2739718851473279,0.3781370433046673,258.66267595297353,253,38.964068517802026,0.0,34.960317460317455,65.03968253968254,0.0,0.0,1,2,282,803,34.96031746031746,160
Guarded A5/B25 SMA20 Lead (max 1x),0.12261991570914788,0.11433586048325246,0.8159410637831619,-0.20105411618400934,0.6098851296181538,305.0407567512028,224,44.77011630578444,0.0,31.98412698412698,68.01587301587301,0.0,0.0,3,2,323,751,32.023809523809526,161
Guarded A5/B25 SMA20 Lead (max 1x),0.175233496308703,0.11131586289842339,1.304140504166734,-0.14448052636841568,1.212852006517953,474.60077137952516,214,59.13119223669881,0.0,28.055555555555557,71.94444444444444,0.0,0.0,4,1,294,649,28.095238095238095,162
Guarded A5/B25 SMA20 Lead (max 1x),0.12087924716986698,0.09873602432927832,0.9244145930714728,-0.16751412154586065,0.7216063102881368,300.50657287017276,236,48.222730891056614,0.0,29.92063492063492,70.07936507936508,0.0,0.0,3,1,342,674,29.96031746031746,163
Guarded A5/B25 SMA20 Lead (max 1x),0.11964956716505282,0.10244962428333323,0.8040176836853267,-0.10571550678855493,1.1318071567718808,297.33995130363434,200,35.40300451801618,0.0,29.682539682539684,70.31746031746032,0.0,0.0,5,4,325,702,29.682539682539684,164
Guarded A5/B25 SMA20 Lead (max 1x),0.08694546957435056,0.1057373563043657,0.39986944433142574,-0.2239044518552155,0.38831505516724857,223.35917535423374,244,32.45900500995681,0.0,32.420634920634924,67.57936507936509,0.0,0.0,3,2,332,766,32.46031746031746,165
Guarded A5/B25 SMA20 Lead (max 1x),0.1950900051978013,0.11735300660744824,1.3776585858185975,-0.11403305303261704,1.7108198018867338,557.8956002272839,214,57.46199361991783,0.0,27.61904761904762,72.38095238095238,0.0,0.0,6,2,259,564,27.658730158730158,166
Guarded A5/B25 SMA20 Lead (max 1x),0.147690861118426,0.11817745996797054,1.0117857950043638,-0.19809251585595794,0.7455650733711653,377.512450234733,190,51.00037737602085,0.0,27.18253968253968,72.81746031746032,0.0,0.0,5,3,269,621,27.22222222222222,167
Guarded A5/B25 SMA20 Lead (max 1x),0.12781826563240384,0.11105276736973356,0.8511823467523869,-0.1389734099723713,0.919731808104981,318.94904383775093,230,44.26360688964252,0.0,28.888888888888886,71.11111111111111,0.0,0.0,2,2,283,707,28.928571428571427,168
Guarded A5/B25 SMA20 Lead (max 1x),0.12664678402942786,0.10878817309131764,0.8364815216494336,-0.18990948626081056,0.6668797147684271,315.7660478901115,251,45.646583914711805,0.0,30.714285714285715,69.28571428571428,0.0,0.0,5,3,305,661,30.714285714285715,169
Guarded A5/B25 SMA20 Lead (max 1x),0.16842620942469488,0.10392249304085299,1.1950082019842583,-0.1710029011633826,0.9849318829028179,448.72514265313185,210,39.48486259024966,0.0,31.587301587301585,68.41269841269842,0.0,0.0,4,2,323,742,31.626984126984127,170
Guarded A5/B25 SMA20 Lead (max 1x),0.09598508838296183,0.11797590263720087,0.5067666017308486,-0.1668040531802953,0.5754361872682637,241.94524766157417,253,39.17580256986344,0.0,32.698412698412696,67.3015873015873,0.0,0.0,5,3,296,804,32.698412698412696,171
Guarded A5/B25 SMA20 Lead (max 1x),0.14113021711109508,0.11435273523630451,0.9192132650345881,-0.14695677146529829,0.9603519164438158,357.1932158184593,244,43.52766148944258,0.0,31.23015873015873,68.76984126984127,0.0,0.0,4,2,327,710,31.26984126984127,172
Guarded A5/B25 SMA20 Lead (max 1x),0.1400060875647191,0.11582945468316891,0.8926318303772095,-0.18380423040091406,0.7617130860336436,353.8117622735886,235,40.97027844572846,0.0,27.77777777777778,72.22222222222221,0.0,0.0,4,1,322,630,27.77777777777778,173
Guarded A5/B25 SMA20 Lead (max 1x),0.1234625724882803,0.11448968377462725,0.7723374140597795,-0.19302016043802558,0.6396356329209525,307.25770320453404,234,41.94836997647619,0.0,33.41269841269841,66.58730158730158,0.0,0.0,5,4,265,819,33.45238095238095,174
Guarded A5/B25 SMA20 Lead (max 1x),0.17970386773385472,0.11842824139238547,1.1540363469792632,-0.14218296326795,1.2638917040658024,492.31298415527783,198,44.609184891713866,0.0,28.849206349206348,71.15079365079366,0.0,0.0,4,1,244,605,28.88888888888889,175
Guarded A5/B25 SMA20 Lead (max 1x),0.1464622544138614,0.11285675419407182,1.0128402153322416,-0.2159670247295756,0.6781695242468381,373.630249363129,233,51.081618875813774,0.0,25.833333333333336,74.16666666666667,0.0,0.0,4,0,309,561,25.873015873015873,176
Guarded A5/B25 SMA20 Lead (max 1x),0.09639537366874218,0.1023975532115138,0.6770018153657344,-0.21204987608211534,0.45458821032941094,242.82077683661728,230,47.75138206127754,0.0,31.865079365079364,68.13492063492063,0.0,0.0,5,4,334,777,31.865079365079364,177
Guarded A5/B25 SMA20 Lead (max 1x),0.08795758884703031,0.10426507328693307,0.5100228606616315,-0.15217493174839306,0.5780031430699764,225.37450673732388,249,39.70092252547202,0.0,31.706349206349206,68.2936507936508,0.0,0.0,2,1,320,737,31.706349206349206,178
Guarded A5/B25 SMA20 Lead (max 1x),0.1669475837803449,0.10616243247455805,1.2154923245278901,-0.18885348087989418,0.8840058600059332,443.27472015088836,223,49.93264276271685,0.0,29.484126984126984,70.51587301587303,0.0,0.0,4,3,300,685,29.484126984126984,179
Guarded A5/B25 SMA20 Lead (max 1x),0.09964701503637641,0.11362845451464734,0.6396183685082889,-0.1738879939342033,0.573052876060445,249.8606982052253,243,46.278048722090944,0.0,32.65873015873016,67.34126984126985,0.0,0.0,3,1,331,728,32.65873015873016,180
Guarded A5/B25 SMA20 Lead (max 1x),0.18548012349048926,0.12095990623349978,1.2094386475244474,-0.16081939194515232,1.1533442655581456,516.0758525650499,206,46.19581698800852,0.0,30.674603174603178,69.32539682539682,0.0,0.0,4,2,311,701,30.714285714285715,181
Guarded A5/B25 SMA20 Lead (max 1x),0.13987844278009032,0.11017704319662944,0.9933890690035788,-0.1383060666923464,1.0113688150154798,353.42961854086354,212,46.023440147501404,0.0,30.833333333333336,69.16666666666667,0.0,0.0,3,1,293,714,30.833333333333332,182
Guarded A5/B25 SMA20 Lead (max 1x),0.04278929422014377,0.11504610788665671,0.06018558949096787,-0.26513863133328763,0.1613846085158231,149.68529699262376,251,34.880284429262886,0.0,33.611111111111114,66.38888888888889,0.0,0.0,2,1,291,813,33.611111111111114,183
Guarded A5/B25 SMA20 Lead (max 1x),0.17859962623608827,0.11549594594075233,1.2508073412864869,-0.15961278540165805,1.118955638714347,487.8835981838688,227,59.16122326020263,0.0,27.500000000000004,72.5,0.0,0.0,6,1,279,533,27.53968253968254,184
Guarded A5/B25 SMA20 Lead (max 1x),0.1487619065198582,0.1193566906721449,0.9627394084946871,-0.15934608032089664,0.933577444894009,380.92624052305644,202,42.503982286417724,0.0,30.912698412698415,69.08730158730158,0.0,0.0,3,0,314,710,30.952380952380953,185
Guarded A5/B25 SMA20 Lead (max 1x),0.17965791886610272,0.11014259605362813,1.2685422005067888,-0.11377626992794784,1.5790456039723957,492.12795556878723,206,43.12585423829177,0.0,28.41269841269841,71.58730158730158,0.0,0.0,3,0,294,588,28.452380952380953,186
Guarded A5/B25 SMA20 Lead (max 1x),0.12097846119269251,0.10764741916670709,0.8708580411998312,-0.19480000354664118,0.6210393171975817,300.7633778171462,234,52.19914478015029,0.0,31.587301587301585,68.41269841269842,0.0,0.0,3,1,291,680,31.626984126984127,187
Guarded A5/B25 SMA20 Lead (max 1x),0.08774249498941389,0.10653472096463948,0.542552529283736,-0.2102276689153991,0.4173689193344178,224.94485322659594,265,45.21559219887802,0.0,32.420634920634924,67.57936507936509,0.0,0.0,3,0,304,751,32.42063492063492,188
Guarded A5/B25 SMA20 Lead (max 1x),0.13855250744794034,0.10644752971574835,1.048592012402988,-0.2604293820640579,0.5320156518048357,349.4818518201164,207,56.94242275138133,0.0,33.69047619047619,66.30952380952381,0.0,0.0,3,1,262,804,33.69047619047619,189
Guarded A5/B25 SMA20 Lead (max 1x),0.20483244560030633,0.12154301657830882,1.379343453675655,-0.20227190569466474,1.0126589003888005,603.3682886380366,209,61.500649804264114,0.0,30.674603174603178,69.32539682539682,0.0,0.0,5,1,268,597,30.714285714285715,190
Guarded A5/B25 SMA20 Lead (max 1x),0.17677328412424353,0.10670721810099322,1.2660449740656439,-0.16915313356044426,1.0450488288535094,480.636039088498,212,46.321326617750614,0.0,28.293650793650794,71.7063492063492,0.0,0.0,6,4,311,574,28.333333333333332,191
Guarded A5/B25 SMA20 Lead (max 1x),0.13617827413599493,0.11128915241922648,0.8460375039310124,-0.15243480087352232,0.8933542298453507,342.5115797906998,212,37.87675315436383,0.0,32.8968253968254,67.1031746031746,0.0,0.0,4,2,271,815,32.93650793650794,192
Guarded A5/B25 SMA20 Lead (max 1x),0.12550123033806693,0.09586107510510902,0.9686687189778708,-0.2163111752289689,0.580188380028086,312.6810654174224,226,43.1796222310314,0.0,33.01587301587301,66.98412698412697,0.0,0.0,5,3,293,815,33.05555555555556,193
Guarded A5/B25 SMA20 Lead (max 1x),0.11680847241608294,0.10524275904720622,0.8276295900784271,-0.19648681887419944,0.5944850300155222,290.13777513764944,250,46.55949096299849,0.0,34.8015873015873,65.1984126984127,0.0,0.0,3,1,315,706,34.84126984126984,194
Guarded A5/B25 SMA20 Lead (max 1x),0.11987936189914783,0.11567763189498873,0.7904351501835966,-0.20182496582476603,0.5939768720349135,297.92942671451436,238,46.59598812989736,0.0,28.333333333333332,71.66666666666667,0.0,0.0,4,1,327,636,28.373015873015873,195
Guarded A5/B25 SMA20 Lead (max 1x),0.06985438908287933,0.11577480123495433,0.21228987747045125,-0.2806419183364503,0.24890932009356392,191.6795038728696,250,32.14403609613329,0.0,37.61904761904762,62.38095238095238,0.0,0.0,2,3,339,919,37.65873015873016,196
Guarded A5/B25 SMA20 Lead (max 1x),0.15026659121857366,0.10966166122685538,1.0653985553048921,-0.2128310114030158,0.7060371053447166,385.76893492179295,229,49.237588831376115,0.0,29.72222222222222,70.27777777777777,0.0,0.0,5,3,325,629,29.72222222222222,197
Guarded A5/B25 SMA20 Lead (max 1x),0.1516743929079305,0.10644674257108135,1.1333789751820658,-0.15910199266179528,0.9533154825429893,390.34971375028215,230,52.35771700594519,0.0,28.92857142857143,71.07142857142857,0.0,0.0,4,2,305,671,28.96825396825397,198
Guarded A5/B25 SMA20 Lead (max 1x),0.10417859538902596,0.1154032685723597,0.6782148256693097,-0.2984402809949781,0.34907685732536553,259.97688430878907,233,47.908021718118135,0.0,29.88095238095238,70.11904761904762,0.0,0.0,4,2,332,733,29.88095238095238,199
